Date,Tweet
Date,eet',Country
Tue May 07 09:10:20 +0000 2019," He definitely gives good advice'""","Sparks, NV"
Tue May 07 09:10:19 +0000 2019,"4 o\ clock in the morning and me and my daughter still turnt up'""","Clinton, OK"
Tue May 07 09:10:19 +0000 2019,,Braille Institute Of America Student Building
Tue May 07 09:10:19 +0000 2019,#NewProfilePic #welcomeback #allowmetoreintroducemyself ,Grand Central Terminal
Tue May 07 09:10:19 +0000 2019," *sunday'""","Altadena, CA"
Tue May 07 09:10:19 +0000 2019,About to take a hot ass shower to wake me up more\,"Washington, DC"
Tue May 07 09:10:18 +0000 2019,HAHAHAHAHAHA ,"Columbus, OH"
Tue May 07 09:10:18 +0000 2019,"Cleared: Construction on #NY231 Both directions at Northern State Parkway; Ramp'""","Dix Hills, NY"
Tue May 07 09:10:18 +0000 2019,Who the hell is \ Palestinians\ You\ an employee of the Federal Govt! Remember this Americans that voted for\ ,"East Lake, FL"
Tue May 07 09:10:17 +0000 2019,"  Iconic Moment we just witness'""","Los Angeles, CA"
Tue May 07 09:10:17 +0000 2019,"#GoodMorning'""","Bronx, NY"
Tue May 07 09:10:17 +0000 2019,"Do you suffer from #SolarEnvy? Well, suffer no more! \\n\\nCome join      of Flor\ ","Thonotosassa, FL"
Tue May 07 09:10:17 +0000 2019," Where is the end destination? Because you keep going and going through the East Coast \ lol'""","Anaheim, CA"
Tue May 07 09:10:16 +0000 2019,"My all time BFF comes home this week and is sleeping over and truly guys I cannot help but cry about it'""","New York, USA"
Tue May 07 09:10:15 +0000 2019,Happy 20th birthday big ol\ booty \ I love you you beautiful creature. Have a great bday MONTH b! \  ,"Dallas, TX"
Tue May 07 09:10:15 +0000 2019,"An old photograph of mine. The kind of mornings I love.   now I use a RRS ballhead, more a\ ",Belmar Boardwalk
Tue May 07 09:10:15 +0000 2019," Great seeing you yesterday Noel!'""","Virginia, USA"
Tue May 07 09:10:14 +0000 2019," \ lol been a stressful few days bruh'""","Virginia Beach, VA"
Tue May 07 09:10:14 +0000 2019," You figured it out'""","Houston, TX"
Tue May 07 09:10:13 +0000 2019,I never go here because the parking lot is always full \ \ but now it is 5am and I walked.. \ @ CHiT CHaT West Oran\ ,"West Orange, NJ"
Tue May 07 09:10:12 +0000 2019," Friend <3'""","Terre Haute, IN"
Tue May 07 09:10:11 +0000 2019,"I guess I just won\'t sleep LMAO that\'s fine""'","Indiana, USA"
Tue May 07 09:10:11 +0000 2019," \ that\ the sweetest thing. My Mom lives in the same town as me and doesn\ even do that. You have an awesome family Tati.'""","Virginia, USA"
Tue May 07 09:10:11 +0000 2019,"I saw somebody say lil Wayne\ rebirth aged well. I strongly disagree this album is still pretty bad lol'""","East Islip, NY"
Tue May 07 09:10:11 +0000 2019,I really dislike you ,"Portland, OR"
Tue May 07 09:10:11 +0000 2019," Hahahhahahahhahahahahha'""","Lawndale, CA"
Tue May 07 09:10:10 +0000 2019, Presents NEW Monthly Drag Brunch Buffet- LEGACY!Join Us To Close Out USQ Weekend W/ Royalty Maya Do\ ,Hyatt Centric Waikiki Beach
Tue May 07 09:10:08 +0000 2019,Many reasons to smile \ ,"Manhattan, NY"
Tue May 07 09:10:08 +0000 2019,I\ just decided I\ getting one of these press printed or airbrushed onto a shirt so I can commemorate this exper\ ,"Addison, TX"
Tue May 07 09:10:08 +0000 2019," ahhh bitch \ I leave subday'""","Altadena, CA"
Tue May 07 09:10:08 +0000 2019, I see McD Ketchup in your future ,"Oak Brook, IL"
Tue May 07 09:10:08 +0000 2019,Hey this could of worked also with the cohort if we were all in #googleclassroom  ,"Balmville, NY"
Tue May 07 09:10:07 +0000 2019,4232 North Melvina Avenue ,"Chicago, IL"
Tue May 07 09:10:07 +0000 2019,They Hate You Then They Love You Then They Hate You Again \,"Richmond, VA"
Tue May 07 09:10:06 +0000 2019,  \ \ \,United States
Tue May 07 09:10:06 +0000 2019,"Pierre R. Bonne-Annee, the Naples Realtor you need on your side. Contact him now at (239) 206-6781 and you\ be gl\ ","Haines City, FL"
Tue May 07 09:10:06 +0000 2019," Woop-Dee-Doo, good for you ","Houston, TX"
Tue May 07 09:10:06 +0000 2019,"Do you remember your favorite teacher? I do! Dr. Wade, Mr. Kobus, Dr. Washington and Dr. Kuehn... Thank you!!!\ ","Cleveland, OH"
Tue May 07 09:10:04 +0000 2019,Mama pls where\ ur dragon? ,"Maplewood, NJ"
Tue May 07 09:10:03 +0000 2019,"#PiratesDareToBeGreat #PiratePride \\n#piratesforlife\ Children are incredible gifts to be cherished, nurtured, educ\ ","Berea, KY"
Tue May 07 09:10:02 +0000 2019,"TEST_LAT/LON: 5f5f4dba-8c89-43f9-8072-520b148a4fca'""","San Francisco, CA"
Tue May 07 09:10:01 +0000 2019," I\ just really fucking good at happy birthday Facebook posts, I guess. That said, excited for when you do find your person!'""","Queens, NY"
Tue May 07 09:10:01 +0000 2019,Hey thanks everyone for coming out and rockin with us at Motown Monday\'s s*** was smashing!!  @ Madrone Art\ ,"San Francisco, CA"
Tue May 07 09:10:00 +0000 2019, Snapchat:::kushorder \\n7204775580 ,"California, PA"
Tue May 07 09:09:58 +0000 2019," I\ finna DM you'""","Montgomery, AL"
Tue May 07 09:09:58 +0000 2019,"Wettbewerbsf\ Rahmenbedingungen statt staatlicher Eingriffe und Protektionismus, American Chamber of Commerce i\ ","Washington, DC"
Tue May 07 09:09:57 +0000 2019," Is it Snowing \\nIs it ICING\\nIs it Winter\\nThe United States of SNOWING\\nMitt Romney stops by, Must be A M\ ","Manhattan, NY"
Tue May 07 09:09:57 +0000 2019,"Interested in a job in #StLouis, MO? This could be a great fit:  #Healthcare'""","St Louis, MO"
Tue May 07 09:09:55 +0000 2019,Why ,"Birmingham, AL"
Tue May 07 09:09:54 +0000 2019,Bernie is a fraud and a grifter. ,"Elkins, WV"
Tue May 07 09:09:53 +0000 2019,We in there ,"Virginia Beach, VA"
Tue May 07 09:09:52 +0000 2019,"These allergies kicking my ass.'""","Columbus, OH"
Tue May 07 09:09:51 +0000 2019, Ag\ mira o Altamira \ Plata\,"Bronx, NY"
Tue May 07 09:09:51 +0000 2019,"Can\ sleep knowing I gotta be in court in a few hours'""","Goose Creek, SC"
Tue May 07 09:09:50 +0000 2019,big 4\ ,"Pensacola, FL"
Tue May 07 09:09:50 +0000 2019,she sang this with her fckin SOUL ,"Palmdale, CA"
Tue May 07 09:09:50 +0000 2019,"Today\'s Verse \\nPsalms 118:24\\n24. This is the day which the LORD hath made; we will rejoice and be glad in it.""'","Dracut, MA"
Tue May 07 09:09:49 +0000 2019," So the antisemites of the Daily Caller are concerned?'""","Whitesboro, NY"
Tue May 07 09:09:48 +0000 2019," That mentality has to stop. You can\ get a BA from a community college so one must got to a university in order to get it.'""","Long Beach, CA"
Tue May 07 09:09:48 +0000 2019,"Mama gotta get around efficiently this summer.'""","Paradise, NV"
Tue May 07 09:09:48 +0000 2019, Well done! \ Congratulations! \,"Massachusetts, USA"
Tue May 07 09:09:48 +0000 2019,Late...\ ,"Brockton, MA"
Tue May 07 09:09:48 +0000 2019,Long late night Over thinking. I\'m done looking for a replacement to the irreplaceable. Just gonna live. Hope you d\ ,"Opelika, AL"
Tue May 07 09:09:47 +0000 2019,It\ my senior year and I\ not going to prom so \ ,"San Francisco, CA"
Tue May 07 09:09:46 +0000 2019," Whoa'""","Georgia, USA"
Tue May 07 09:09:45 +0000 2019,"That\ what I want for my birthday... a massage'""","Mississippi, USA"
Tue May 07 09:09:44 +0000 2019,"'""Successful people do what unsuccessful people are not willing to do. Don\\\'t wish it were easier; wish you were bett\ ","Omaha, NE"
Tue May 07 09:09:42 +0000 2019," Allah fa\ ve h\ devletinin cezas\ versin.'""","Casas Adobes, AZ"
Tue May 07 09:09:42 +0000 2019,"waluigi? camp.'""","New Haven, CT"
Tue May 07 09:09:42 +0000 2019,"Sansa is gonna little finger the hell out of dany'""","Georgia, USA"
Tue May 07 09:09:41 +0000 2019,  AGREE \,"Florida, USA"
Tue May 07 09:09:41 +0000 2019,"OOOOKAYYYY,  !!! \ #BlackAmericanPrincesses #BAPS #fave \ ","Stanton, CA"
Tue May 07 09:09:40 +0000 2019,LMAOO I WISH I COULD RELATE ,"Brooklyn, NY"
Tue May 07 09:09:40 +0000 2019,"   Ramadan Kareem!'""","Costa Mesa, CA"
Tue May 07 09:09:38 +0000 2019, I miss you too! I love you \,"Fort Leonard Wood, MO"
Tue May 07 09:09:38 +0000 2019," Lucky man!'""","Lynnwood, WA"
Tue May 07 09:09:38 +0000 2019," Liar bc you\ sleeping over your all tome besties house on thurs!!!!!'""","New York, USA"
Tue May 07 09:09:37 +0000 2019,"TEST_PLACE: 1e20bf54-b933-4000-bb0b-1e07d0412ea0'""",Twitter HQ
Tue May 07 09:09:37 +0000 2019," thank you for everything. For creating a perfect charactor. Youre a amazing actress, I cant wait to s\ ","Byesville, OH"
Tue May 07 09:09:37 +0000 2019,"    numbers don\ lie.'""","Yonkers, NY"
Tue May 07 09:09:36 +0000 2019,    I\ in OC. I\ still stunned by all the Dems elected in the midterms\ ,"Irvine, CA"
Tue May 07 09:09:35 +0000 2019,Yes ,"Clinton, MI"
Tue May 07 09:09:35 +0000 2019,"Yes my irregular sleep schedule is an act of protest  it just comes at a cost but thats activism baby xx'""","Amherst, MA"
Tue May 07 09:09:34 +0000 2019,I can\ even buy gum right now \ can you help me get home ,"Miami Beach, FL"
Tue May 07 09:09:34 +0000 2019,Mother\ Day has never been easier. Our Macaron Subscription Club will keep her smiling for months to come! Sign he\ ,"St Louis, MO"
Tue May 07 09:09:33 +0000 2019," This is so amazing! Thank you for being a great parent.'""","Ormond-by-the-Sea, FL"
Tue May 07 09:09:31 +0000 2019,Let\ shake it up today #SSU2019 \ ,"Woodstock, GA"
Tue May 07 09:09:31 +0000 2019,Keep On Keeping Me Dear Lord \ #ImUp \,"Kenner, LA"
Tue May 07 09:09:31 +0000 2019,"  You beat me to it, but you\'re absolutely dead on. ","Columbus, OH"
Tue May 07 09:09:29 +0000 2019, How adorable is this ??  \,"Senoia, GA"
Tue May 07 09:09:28 +0000 2019,"Sometimes it\ ok being that person who doesn\ follow the crowd and all the trends.\\n\\nJust be you.'""","Florida, USA"
Tue May 07 09:09:28 +0000 2019,"Yesterday evening when I left the office... #moon #prettysky @ Cleburne, Texas ","Cleburne, TX"
Tue May 07 09:09:27 +0000 2019,I wonder why  is now scared to face me in #smash \,"San Francisco, CA"
Tue May 07 09:09:27 +0000 2019,"JESUS Please Get Justice\\nFor EJ\\nOn November 22, 2018, Emantic Fitzgerald Bradford Jr., an African-American man, was\ ","Birmingham, AL"
Tue May 07 09:09:26 +0000 2019,Please support my GoFundMe campaign:   ,"Manhattan, NY"
Tue May 07 09:09:26 +0000 2019,"  Well deserved!!'""","New Jersey, USA"
Tue May 07 09:09:26 +0000 2019,Pete Townshend - Let My Love Open The Door  via ,"Maine, USA"
Tue May 07 09:09:25 +0000 2019," Good Question!!'""","Missouri, USA"
Tue May 07 09:09:24 +0000 2019," Jajajaja no te digo'""","College Station, TX"
Tue May 07 09:09:24 +0000 2019,So who gon fix this car ? \,"Paradise, NV"
Tue May 07 09:09:23 +0000 2019, Good for you. It gets easier as you go. \,"Florida, USA"
Tue May 07 09:09:22 +0000 2019,Coming to work at 4:45 has been a struggle \,"Webster, NY"
Tue May 07 09:09:22 +0000 2019,A back massage would really mean the world to me \,"Mississippi, USA"
Tue May 07 09:09:22 +0000 2019,"'  ""NO ONE IS ABOVE LAW""\\nERIC Holder was when blocking WH emails w DOJ on conversation\ ","Corpus Christi, TX"
Tue May 07 09:09:22 +0000 2019,"Why didn\ I see  at the Met Gala this year? \ these are the questions that keep me up at night.'""","National City, CA"
Tue May 07 09:09:21 +0000 2019,"     Ugh, that\ awful...'""","Dunedin, FL"
Tue May 07 09:09:20 +0000 2019,Good morning \ ,"San Juan, USA"
Tue May 07 09:09:20 +0000 2019,Out n in about with my besti ,"Las Vegas, NV"
Tue May 07 09:09:20 +0000 2019, \ www\\n\,"Honolulu, HI"
Tue May 07 09:09:20 +0000 2019,Im the real ne when im drunc asf\,"Flagstaff, AZ"
Tue May 07 09:09:20 +0000 2019,"I\ freezing rn'""","Arizona, USA"
Tue May 07 09:09:19 +0000 2019,#consistency ,"Los Angeles, CA"
Tue May 07 09:09:19 +0000 2019,"Yo ngl chris is washed'""","Tucson, AZ"
Tue May 07 09:09:19 +0000 2019,"'Them: ""Do you miss the military?\\nMe: ""No, not really""\\nThem: ""Why?""\\nMe: ","Texas, USA"
Tue May 07 09:09:18 +0000 2019,19 is Giannis. ,"Enterprise, NV"
Tue May 07 09:09:18 +0000 2019,"If you\'re looking for work in #Monroe, WA, check out this job:  #PSJHJobs""'","Monroe, WA"
Tue May 07 09:09:18 +0000 2019," Confirmado'""","Hilliard, OH"
Tue May 07 09:09:17 +0000 2019," Unbelievable'""","North Kansas City, MO"
Tue May 07 09:09:17 +0000 2019,"   Yes Corg you should try that lol'""","Pennsylvania, USA"
Tue May 07 09:09:16 +0000 2019," Why nope'""","Clinton, MI"
Tue May 07 09:09:16 +0000 2019,I mean we been knew she had talent but GOD FUCKING DAMN! She went off off ,"Houston, TX"
Tue May 07 09:09:16 +0000 2019,"Want to work at Performance Food Group? We\'re hiring in #Bridgewater, MA! Click for details:  #Transportation""'","Bridgewater, MA"
Tue May 07 09:09:15 +0000 2019, I would love to meet u I\'ve been a fan since I was 6 yrs old pls include me in the #madamextour it would m\ ,"Bellflower, CA"
Tue May 07 09:09:14 +0000 2019,       Yes sir!! You\ ,"Florida, USA"
Tue May 07 09:09:14 +0000 2019,Apparently warmer a few years ago. ,"Iowa, USA"
Tue May 07 09:10:43 +0000 2019, thanks for reminding me im not alone \,"Houston, TX"
Tue May 07 09:10:43 +0000 2019,I\'m at Orion Township ,"Orion, MI"
Tue May 07 09:10:43 +0000 2019,I just want some sleep \,"San Diego, CA"
Tue May 07 09:10:41 +0000 2019," & I are working on a BAE-H-1 #vh1 Behind The Music for #Baecation - RT if you think this is a good idea!'""","Nashville, TN"
Tue May 07 09:10:40 +0000 2019,"Okay okay took me til 2 am but I figured out what camp is'""","Phoenix, AZ"
Tue May 07 09:10:39 +0000 2019,#TheBronxIsBeautiful especially right after the sun comes up. ,"Highbridge, Bronx"
Tue May 07 09:10:38 +0000 2019,"fuck'""","Houston, TX"
Tue May 07 09:10:38 +0000 2019," Understood!'""","Dallas, TX"
Tue May 07 09:10:38 +0000 2019,"Y\ would tell me if I looked like a honey bun right ?'""","Fife, WA"
Tue May 07 09:10:38 +0000 2019, I was \,"Athens, GA"
Tue May 07 09:10:36 +0000 2019,"  Me too!  Thank you  for the most amazing season ever!  We love you!'""","Powell, OH"
Tue May 07 09:10:36 +0000 2019, \,"Honolulu, HI"
Tue May 07 09:10:35 +0000 2019,"  But it made so much more sense when you were just a ramblin garage band!'""","North Carolina, USA"
Tue May 07 09:10:34 +0000 2019,2019 Volkswagen Arteon first drive review: Flagship fastback feels familiar - Roadshow  ,"Gilroy, CA"
Tue May 07 09:10:33 +0000 2019, \ \ \ \ \ \ \ \ \ \ \,"Newark, NJ"
Tue May 07 09:10:33 +0000 2019,Beautiful fashions at new looks  boutique North Manchester Indiana right on Main Street ,"Warsaw, IN"
Tue May 07 09:10:30 +0000 2019,   I ,"Costa Mesa, CA"
Tue May 07 09:10:30 +0000 2019,"So Im actually done with my series and this is actually frustrating'""","Boulder, CO"
Tue May 07 09:10:30 +0000 2019,       I\'m all over i\ ,"Florida, USA"
Tue May 07 09:10:29 +0000 2019,"I\ so tired that I feel drunk'""","Toledo, OH"
Tue May 07 09:10:28 +0000 2019," Are these yours??'""","Alabama, USA"
Tue May 07 09:10:28 +0000 2019,HAPPENING NOW: After leading police on a 70 mile pursuit for hours. Authorities capture driver on I-75s in Florence\ ,"Cincinnati, OH"
Tue May 07 09:10:27 +0000 2019," Just start talking more tbh you\ get out of it'""","Lemoore, CA"
Tue May 07 09:10:27 +0000 2019,here\ a magical picture to demonstrate  ,"Minneapolis, MN"
Tue May 07 09:10:26 +0000 2019,"This job might be a great fit for you: Stock Associate, J.Crew Retail, La Cantera -  #Retail #SanAntonio, TX'""","San Antonio, TX"
Tue May 07 09:10:25 +0000 2019,Let your spirit shine Babe.\\n.\\n.\\n#spirit #demons #shineon #beyou #bealeader #beaboss #bestrong #bossbabe #bosslady\ ,"Canonsburg, PA"
Tue May 07 09:10:24 +0000 2019," Can\'t seem to locate your page""'","Southaven, MS"
Tue May 07 09:10:24 +0000 2019,"it\ sideways, but we got our first almost freeze to death swim in today along with trying a mexican ice cream parl\ ","Texas, USA"
Tue May 07 09:10:24 +0000 2019,"Truly Blessed.'""","San Diego, CA"
Tue May 07 09:10:23 +0000 2019,"Racism is a zero sum game. To be \'equal\', one side must prevail, and the other MUST lose. Who\'s power is more immin\ ","San Bernardino, CA"
Tue May 07 09:10:22 +0000 2019, \\n,"St Petersburg, FL"
Tue May 07 09:25:39 +0000 2019,"I\'m at Fitness II in Bergenfield, NJ ","Bergenfield, NJ"
Tue May 07 09:25:38 +0000 2019,"Greg\ back in the sho! #CrazyExGirlfriend #teamgreg'""","Covina, CA"
Tue May 07 09:25:38 +0000 2019," I learn a lot, following you. Things like this escape me. Thank you.'""","Harbor Beach, MA"
Tue May 07 09:25:38 +0000 2019,#machines #amazing #engineering ,"Katy, TX"
Tue May 07 09:25:38 +0000 2019,"I pay rent on a rundown place\\n\\nthere ain\ no view but there\ lots of space \\n\\nIn my heart, the heart that you own\","Texas, USA"
Tue May 07 09:25:37 +0000 2019,"Definitely going to sleep for like 25 hours after my exam. Thinking about hibernating for a little but we\ see'""","College Station, TX"
Tue May 07 09:25:37 +0000 2019,"Don\'t sleep next to me if you not tryna rub some toes""'","Los Angeles, CA"
Tue May 07 09:25:37 +0000 2019,I\'m at North Lebanon in PA ,"Lebanon, PA"
Tue May 07 09:25:37 +0000 2019,"even if i chose i feel like you\ the right decision'""","Texas, USA"
Tue May 07 09:25:36 +0000 2019," Hi try for best gaming chair for cheap price , visit  now ",United States
Tue May 07 09:25:36 +0000 2019," Baking Soda powder will kill fleas.  Shake it on the ground.  It happened at a boarding stable.  It works!'""","Plum, PA"
Tue May 07 09:25:36 +0000 2019,I stalk her page to find some of her friends to fuck\,"Anchorage, AK"
Tue May 07 09:25:36 +0000 2019," Being kind will make yourself feel better.....keeps your mind positive'""","Intercourse, PA"
Tue May 07 09:25:36 +0000 2019,"Forever if I\'m far away, I hold you in my heart""'","Grosse Pointe Shores, MI"
Tue May 07 09:25:35 +0000 2019,That she ate something ??? ,"Holly Hill, FL"
Tue May 07 09:25:34 +0000 2019,  I live in the sewers ,"Los Angeles, CA"
Tue May 07 09:25:33 +0000 2019,"    Kelangan daw ni acka ng offerings from the upper east side of tondo siz'""","Hawthorne, CA"
Tue May 07 09:25:33 +0000 2019,youngboy be having niggas feeling like nobody love them \,"Lancaster, TX"
Tue May 07 09:25:31 +0000 2019," EVERY YEAR? No one ever looks good at this thing! EVER!'""","Patchogue, NY"
Tue May 07 09:25:31 +0000 2019,"cuz i\ up rite na!!!!!!'""","College Park, GA"
Tue May 07 09:25:31 +0000 2019," We were just debating whether or not head was good underwater. Because is water a good lube?'""","Houston, TX"
Tue May 07 09:25:29 +0000 2019,"If I IGNORE you on IG and iMessage adding me on snap and snapping me is not gonna make me answer you, do you not get he hint!????'""","Bronx, NY"
Tue May 07 09:25:29 +0000 2019,We are \ L4C Multimedia \ Let\ stay connected #L4CMultimedia \ 571-577-4471 \ #l4cmultimedia\ ,"Moorefield Station, VA"
Tue May 07 09:25:28 +0000 2019,"  dm sent.'""","Queens, NY"
Tue May 07 09:25:26 +0000 2019,"Why is it is fucking difficult to have a quiet night at work???'""","Coral Gables, FL"
Tue May 07 09:25:26 +0000 2019,"'.\\n        Satan Says:\\n    ""Look at your Sin""\\n\\n         GOD Says:\\n    ""Look at My Son""\''","Kentucky, USA"
Tue May 07 09:25:25 +0000 2019,To LOVE WARNS..when i was 17 years old a gray heaviness seeped into America and suffocated us all..maybe that is wh\ ,"Renton, WA"
Tue May 07 09:25:25 +0000 2019,Special Event on #NewJerseyTurnpikeHudsonCountyExtension EB from Interchange 14 - I-78 to Interchange 14C - Toll...,"Newark, NJ"
Tue May 07 09:25:23 +0000 2019,"4:25'""","Houston, TX"
Tue May 07 09:25:23 +0000 2019,"While we are all familiar with the role played by the United States and the European colonial powers like Britain,\ ","Florida, USA"
Tue May 07 09:25:22 +0000 2019,Who lives there. \ ,"Queens, NY"
Tue May 07 09:25:22 +0000 2019, Hello\ contact aftersale our service department will help you out with this issue.\ ,"Paradise, NV"
Tue May 07 09:25:22 +0000 2019,Went back and remastered a beat I\'ve been working on forever for a pretty big local rapper. Hopefully I\'ll have a song with him this year \,"New Orleans, LA"
Tue May 07 09:25:22 +0000 2019,"Everyone wants the Rockets to lose to the Warriors again.'""","Houston, TX"
Tue May 07 09:25:22 +0000 2019, I stand with the \,"East Norriton, PA"
Tue May 07 09:25:22 +0000 2019,How do I look with magoogles ,"Newark, NJ"
Tue May 07 09:25:21 +0000 2019,ok ,"Dallas, TX"
Tue May 07 09:25:21 +0000 2019," Haha pretty sure that was to my best friend \ Glad you two connected'""","Coconut Creek, FL"
Tue May 07 09:25:21 +0000 2019,"Just keep it real with me'""","Manhattan, NY"
Tue May 07 09:25:20 +0000 2019,too funny #humor #snicker #smirk #clever ,"Seattle, WA"
Tue May 07 09:25:20 +0000 2019," \ catch me at ASAP lol'""","Orange, CA"
Tue May 07 09:25:20 +0000 2019,Just posted a photo @ 1st United Methodist of Callahan ,"Callahan, FL"
Tue May 07 09:25:18 +0000 2019,MGCS Field Day 2019 is almost here (5/16)! And if you\ a parent/grandparent who wants to come hang out with some\ ,"Myrtle Grove, NC"
Tue May 07 09:25:18 +0000 2019,I asked & she midi pretend like she didn\'t hear me :/ ,"Los Angeles, CA"
Tue May 07 09:25:17 +0000 2019," I will!'""","Denton, TX"
Tue May 07 09:25:17 +0000 2019,Bravo  ,"Needham, MA"
Tue May 07 09:25:16 +0000 2019, This argument has zero merit. A lot of people already bring their own bags.  sells very nic\ ,"Cocoa Beach, FL"
Tue May 07 09:25:16 +0000 2019,"Superior: 357 running, 10939 waiting and 0 new simulations; 42% ","Houghton, MI"
Tue May 07 09:25:15 +0000 2019,My 1st Aviators Game!!!\\n\ been almost 2 years since the last time I saw them as the 51\ Although we los\ ,"Summerlin South, NV"
Tue May 07 09:25:14 +0000 2019,GM Nashville! Waking up to this sobering news... State Trooper dies in West Tenn. after crash on I-40 ,"Nashville, TN"
Tue May 07 09:25:14 +0000 2019,"Whoops, almost posted a Tweet on Facebook \","Florida, USA"
Tue May 07 09:25:13 +0000 2019,"I have died, but Christ lives in me. And I now live by faith in the Son of God, who loved me and\ ","Newberry, SC"
Tue May 07 09:25:12 +0000 2019,        We have a Constitutiona\ ,"Kirksville, MO"
Tue May 07 09:25:12 +0000 2019, So good ,"Picnic Point, WA"
Tue May 07 09:25:11 +0000 2019,I\ known these dudes since I was 19. That shit is crazy. HAPPY BIRTHDAY LEWIS!!! ,Stake Out
Tue May 07 09:25:10 +0000 2019,nice #hilarity #giggle #smirk #playful ,"Cheyenne, WY"
Tue May 07 09:25:10 +0000 2019,"Just posted a photo @ Jefferson, North Carolina ","Jefferson, NC"
Tue May 07 09:25:10 +0000 2019,Our Childhood Home \ ,"Oregon, USA"
Tue May 07 09:25:09 +0000 2019,Los Angeles - AT IT AGAIN!!!! This is a special celebration!! We are celebrating the BornDay of our very own Don Ca\ ,"Los Angeles, CA"
Tue May 07 09:25:07 +0000 2019, #snapchatstory #transcon150 #goldenspike150 #UP4014 #upp4014 ,"Idaho, USA"
Tue May 07 09:25:07 +0000 2019, mine is a lump ,"Fairfield, OH"
Tue May 07 09:25:06 +0000 2019,"   Hi try for best gaming chair for cheap price , visit  now ",United States
Tue May 07 09:25:03 +0000 2019," sige mention natin hahahaha'""","San Diego, CA"
Tue May 07 09:25:03 +0000 2019,"Pearl Lustre Bracelet With 4.50ctw Genuine Sapphires 14K Yellow Gold Length 7in.\\n$469 modnique\\n$3,580 87% Off.\ ","Los Angeles, CA"
Tue May 07 09:25:01 +0000 2019,Georgia has:\\n\\nRay Charles \\nOtis Redding\\nJames Brown\\nLittle Richard\\nAllman Bros. ,"Varnell, GA"
Tue May 07 09:25:00 +0000 2019," Agreed on keeping  ~ hv \ him & his play since his days in Colorado'""","Reynoldsburg, OH"
Tue May 07 09:24:59 +0000 2019,There\'s Buckley again. His conservatism influences my approach to both BYU (the one in Provo) and Georgetown. I rea\ ,"Provo, UT"
Tue May 07 09:24:59 +0000 2019,"This AM, #buffalo we are helping you look for love. We will explain the story of  and how you can f\ ",Scripts Cafe
Tue May 07 09:24:58 +0000 2019," I have mortal Kombat 11, Lego marvel superheroes 2, and Super Mario Party'""","Dallas, TX"
Tue May 07 09:24:57 +0000 2019,Happy National Travel and TourismWeek!   #NTTW19 #TravelMatters #InTheBUF #Travel #Tourism ,"Orchard Park, NY"
Tue May 07 09:24:56 +0000 2019,"I was awake all last night, and I asked God, \'Where have I gone wrong?\' Then a voice says to me, \'This is going to take more than one night""'","Kentucky, USA"
Tue May 07 09:24:55 +0000 2019,nice #hilarity #laugh #smirk #hilarious ,"Diamond Bar, CA"
Tue May 07 09:24:55 +0000 2019," They called me 25 straight times one morning .. every time one of those numbers pop up I block em'""","Brooklyn, NY"
Tue May 07 09:24:54 +0000 2019,"Them nighas use to run the city... don\ even claim that bih'""","West Ferriday, LA"
Tue May 07 09:24:54 +0000 2019,  \ \ ,"Miami, FL"
Tue May 07 09:24:53 +0000 2019,En az\ hayattay\ bu da bir \ be abi. #Her\,"Reno, NV"
Tue May 07 09:24:52 +0000 2019,"Funny Ronald Reagan Moments  via       #yourshit'""","Michigan, USA"
Tue May 07 09:24:52 +0000 2019,Check out my latest podcast appearance hosted by former NFL Player  We talk bout building a life by d\ ,"Northville, MI"
Tue May 07 09:24:52 +0000 2019,"Dunya bizi yine ustun demokrasi anlayisimizla konusuyor. Ekonominin batacagini anlatiyor. Bir biz anlamiyoruz.'""","Manhattan, NY"
Tue May 07 09:24:51 +0000 2019,Stay in the light! @ Centennial Park ,"Nashville, TN"
Tue May 07 09:24:50 +0000 2019," Given the chance they will every time.'""","Fort Lauderdale, FL"
Tue May 07 09:24:50 +0000 2019,"  Also I notice Mayor Pete is taking advantage of white male privilege way more then Beto is.'""","Brooklyn, NY"
Tue May 07 09:24:49 +0000 2019,  Congratulations boys \,"San Diego, CA"
Tue May 07 09:24:48 +0000 2019, I\'d go as a Tales of Character ,"Macon, GA"
Tue May 07 09:24:47 +0000 2019,What a week! \\n\\nNow off to Dallas\ ,"Florida, USA"
Tue May 07 09:24:46 +0000 2019,"'Join the UF Health Shands team! See our latest #Healthcare job openings, including ""Rad Tech"", via the link in our bio. #Gainesville, FL\''","Gainesville, FL"
Tue May 07 09:24:45 +0000 2019,  They have you advertised to appear Sir. Here\'s the link and look for Fri Aug 9. ,"Hillcrest Heights, MD"
Tue May 07 09:24:45 +0000 2019,  Far right \ thing is if it doesn\ conform with the lefts ideology you deemed as\ ,"Joplin, MO"
Tue May 07 09:24:45 +0000 2019, Have NinjaCat ever been in Georgia? I think it\'s time. \,United States
Tue May 07 09:24:45 +0000 2019, Grimace is worst \ ,"Los Angeles, CA"
Tue May 07 09:24:44 +0000 2019,  \,"Chalmette, LA"
Tue May 07 09:24:42 +0000 2019,Game 2 of a 4 game week today as the Owls host Salem. Scheduled for a 4 o\ start. Compete with confidence. Hit\ ,"Boston, MA"
Tue May 07 09:24:41 +0000 2019," sir, your view on yesbank and dhfl , is is worth buying now?'""","Durham, NC"
Tue May 07 09:24:40 +0000 2019," We\ all made that mistake if we\ being honest with ourselves here'""","San Jose, CA"
Tue May 07 09:24:40 +0000 2019,Goodnight I got work tomorrow but fuck man today was so good ,"San Diego, CA"
Tue May 07 09:24:39 +0000 2019," A teacher (elem and middle school).'""","Boynton Beach, FL"
Tue May 07 09:24:39 +0000 2019,#ZFgiveaway ,"South Carolina, USA"
Tue May 07 09:24:39 +0000 2019, But it\ specifically stated that you can\ change the past of the current timeline.  And what he d\ ,"Auburn, NY"
Tue May 07 09:24:38 +0000 2019," January?  You\'re in not Pittsburgh anymore. You now live in the world of 7-9 where you know you\'ll have Januarys off.""'","Searingtown, NY"
Tue May 07 09:24:38 +0000 2019,Woo Hoo!!  Excited to deliver this all day #MABEMI19 Pre-Conference!\\n#ELLChat ,"Houston, TX"
Tue May 07 09:24:38 +0000 2019,"In 2018, the U.S. government will give Mexico $87,660,000 in foreign aid. The largest segment, 56 percent, will go\ ","Dallas, TX"
Tue May 07 09:24:38 +0000 2019,"I\'m at F3 Shake Weight -  in Greensboro, NC ","Greensboro, NC"
Tue May 07 09:24:37 +0000 2019,"My Tesla\ name is called imaginary, because that is what it is. ","Queens, NY"
Tue May 07 09:24:36 +0000 2019,"  Google I/O 2019'""","Sunnyvale, CA"
Tue May 07 09:24:36 +0000 2019,#pinkpanther #3d #zbrush #3dmax #maya #gamer #videogamer  #videojuegos #paraelyana #paraelyana\ #colection\ ,"Montville, CT"
Tue May 07 09:24:35 +0000 2019," ano name niya? id even remember lol'""","San Diego, CA"
Tue May 07 09:24:35 +0000 2019,"I\ happy with a $2,000 car rather than making payments'""","Santa Clarita, CA"
Tue May 07 09:24:35 +0000 2019,A #lifecoach will #Inspire #motivate and help you see the light at the end of the tunnel. Looking to make a change\ ,"Essex, MA"
Tue May 07 09:24:34 +0000 2019,"BIG R #REGIONALISM : QUALITY HEALTH CARE FOR ALL DELIVERED BY A GREAT, CARING TEAM OF PROFESSIONALS. THANKS\ ","Johnson City, TN"
Tue May 07 09:24:33 +0000 2019,"We\ live on  with your morning headlines! Won\ you join us?'""","Winston-Salem, NC"
Tue May 07 09:24:32 +0000 2019,"A woman goes into a sex shop and buys a plaid dildo, salesman says to the owner \ you don\ mind, I just sold y\ ","North Bellmore, NY"
Tue May 07 09:24:32 +0000 2019,I have always wondered if one can eat it just as it is..? And I believe you\ get a lot of wax together with honey\ ,"Illinois, USA"
Tue May 07 09:24:31 +0000 2019,"You gotta know how to conduct yourself, respect & love yourself in the spaces I take you to. You\ dealing with so\ ","Manhattan, NY"
Tue May 07 09:24:31 +0000 2019,Jayden is now serving in the Coal Mountain Georgia area. This is his new companion Elder  Wood from Utah.\ ,"Georgia, USA"
Tue May 07 09:24:30 +0000 2019,"all that faithful shit for the birds so a nigga play me neither'""","Dallas, TX"
Tue May 07 09:24:28 +0000 2019,"   I\ going to miss Oscar forever'""","Indian Hills, NV"
Tue May 07 09:24:28 +0000 2019,Yeah! #Nantucket\\nTHE CHICKEN BOX\\n BINGHAM Tickets\\n ,"Nantucket, MA"
Tue May 07 09:24:28 +0000 2019," You mean like Aretha Franklin, Ellen and Roger Staubach?'""","Shelby, MI"
Tue May 07 09:24:28 +0000 2019,"Love peeling the psychedelic printed vinyl, this  is looking pretty great ","Picnic Point, WA"
Tue May 07 09:24:28 +0000 2019,Im so anxious to see my baby father Monday\,"Washington, DC"
Tue May 07 09:24:27 +0000 2019,Oh the joys of being a dog Mom... Gunnar rolled in poop at 5 am & just had to bath him and it took me 30 minutes \,"Ohio, USA"
Tue May 07 09:24:27 +0000 2019,"One more oldie , ready for summer!  ","Belmar, NJ"
Tue May 07 09:24:26 +0000 2019,"  Yeah.  Definitely would not smash.'""","Los Angeles, CA"
Tue May 07 09:24:26 +0000 2019,Holy shit is right. \\n @ Alaska ,"Alaska, USA"
Tue May 07 09:24:26 +0000 2019,"Off to the airport at an ungodly hour.  \\n3 hours to the airport, 3 hours early for security. It\'s going to be a lon\ ","Minnesota, USA"
Tue May 07 09:24:25 +0000 2019,Her brain \ is a dead zone \ ,"Chattanooga, TN"
Tue May 07 09:24:24 +0000 2019,Can tweets get blocked? Mine did......then I tried to retweet it and then I accidentally deleted it.... ,"Lubbock, TX"
Tue May 07 09:24:23 +0000 2019," This nation is currently at the mercy of a criminal administration.  #timetoimpeach'""","Pennsylvania, USA"
Tue May 07 09:24:23 +0000 2019,"I WANT TO GIVE YOU SOME GOOD GOOD LOVIN'""","Houston, TX"
Tue May 07 09:24:22 +0000 2019,"board my plane to Buffalo in 3 hours. airport is freezing. couldn\ sleep anyway. wandering around like a loon.'""","Colorado, USA"
Tue May 07 09:24:21 +0000 2019,"     \ I want'""","Los Angeles, CA"
Tue May 07 09:24:20 +0000 2019,That\ deep ,"Lakewood, CA"
Tue May 07 09:24:20 +0000 2019," Stand your ground in Jesus Mighty Name,Because He Lives, We have the Victory!!!'""","Stamford, CT"
Tue May 07 09:24:19 +0000 2019," That\ literally my birthday so that makes me so happy lmao'""","Fern Park, FL"
Tue May 07 09:24:19 +0000 2019,That\ Why Me And My Girls Dad Get Along Soooo Fucking Well....I Don\ Give Two Fucks Who They Fucking On....And Th\ ,"Memphis, TN"
Tue May 07 09:24:18 +0000 2019,"     Start With Why - Simon Sinek'""","Pennsylvania, USA"
Tue May 07 09:24:17 +0000 2019,best thread in the entire world ,"College Station, TX"
Tue May 07 09:24:17 +0000 2019,  Such sweet friends.  Sometimes it takes sweet and innocent friends to show  us how we should live. \,"Senoia, GA"
Tue May 07 09:24:17 +0000 2019,"9 C\'s of Christ:\\n1Contagious Energy 2Character 3Communicate 4Commitment 5Conflict 6Coaching 7Caring 8Consistency 9Courage""'","Kentucky, USA"
Tue May 07 09:24:16 +0000 2019,The need for increased resiliency planning to protect our communities can not be overstated. Glad to work in an org\ ,"Arlington, VA"
Tue May 07 09:24:16 +0000 2019,"These are all on a good friend, Richards client, a man named Justin Rodriguez... Justin had to have emergency surge\ ","Tulsa, OK"
Tue May 07 09:24:15 +0000 2019,Sweet. ,"Queens, NY"
Tue May 07 09:24:15 +0000 2019,Our journey has begun  #SnapchatStory #transcon150 #goldenspike150 #UP4014 #upp4014 ,"Idaho, USA"
Tue May 07 09:24:15 +0000 2019,"Black cats are awesome, and if you don\'t agree little Sun Tzu will shit in your shoe. ","Lakewood, CO"
Tue May 07 09:24:15 +0000 2019,"How many Hill Houses are there in cinema???'""","Los Angeles, CA"
Tue May 07 09:24:14 +0000 2019,i know a few that i should be expecting a text from... ,"Lancaster, TX"
Tue May 07 09:24:13 +0000 2019,funny #mirth #chuckle #smirk #clever ,"Seattle, WA"
Tue May 07 09:24:12 +0000 2019," Disgusting'""","Connecticut, USA"
Tue May 07 09:24:12 +0000 2019,"Just watched  review on #endgame and the #FarFromHome trailer! Love how excited you get for this shit man!'""","Nappanee, IN"
Tue May 07 09:24:10 +0000 2019,"Cleared: Road Work - E. HARTFORD #I84 East at Exit 53 (US 44 EB) at 5/7/2019 5:24:03 AM'""","East Hartford, CT"
Tue May 07 09:24:10 +0000 2019,"Cleared: Road Work - HARTFORD #I84 East at Exit 46 (WEST BOULEVARD) at 5/7/2019 5:24:03 AM'""","Hartford, CT"
Tue May 07 09:24:10 +0000 2019,  1)- Parents & guardians must be held accountable by law.  ALL gun owners must store & LOCK wea\ ,"Waltham, MA"
Tue May 07 09:24:09 +0000 2019," So bring a mixtape nigga the fuck'""","Queens, NY"
Tue May 07 09:24:08 +0000 2019,May your Tuesday be short and end with Tacos \ #goodmorning! ,"Winston-Salem, NC"
Tue May 07 09:24:08 +0000 2019,want some waffle house \,"Chattanooga, TN"
Tue May 07 09:24:06 +0000 2019," I loved it. I thought it was a great place to watch a game.'""","Boynton Beach, FL"
Tue May 07 09:24:06 +0000 2019,"They should stop teaching PEMDAS as an acronym'""","Los Angeles, CA"
Tue May 07 09:24:06 +0000 2019,"i\ starting to accept the fact that i\ not a night owl, i just have untreated insomnia'""","Georgia, USA"
Tue May 07 09:24:06 +0000 2019," Real'""","Los Angeles, CA"
Tue May 07 09:24:05 +0000 2019,"it\ really crazy how fast time flies ... cherish all the good moments in life'""","San Antonio, TX"
Tue May 07 09:24:05 +0000 2019,I\'m nicer when I like my outfit\ #blonde #lifeoncam ,"Los Angeles, CA"
Tue May 07 09:24:05 +0000 2019,"Early bird special MSY\ LAX'""","Kenner, LA"
Tue May 07 09:24:04 +0000 2019," Just another way to steal votes.'""","Austin, TX"
Tue May 07 09:24:03 +0000 2019,Buenos d\ \ ,"Monacillo Urbano, USA"
Tue May 07 09:24:03 +0000 2019,"the sht mfs b trippin on i really don\ b carin about fr'""","Sacramento, CA"
Tue May 07 09:24:02 +0000 2019," I disagree. Not harassment BECAUSE YOU ARE NOT ABOVE THE LAW. I see why you became republican, so\ ","Washington, DC"
Tue May 07 09:24:02 +0000 2019," It\'s both sides centrist cowardice as well""'","New Orleans, LA"
Tue May 07 09:24:02 +0000 2019," Hi ,you may visit this website for best gaming chair ",United States
Tue May 07 09:24:01 +0000 2019,Happy  Nurses Week !!\ ,"Manhattan, NY"
Tue May 07 09:24:01 +0000 2019,Monday was Skylar\ last workout in the Barn as a high school athlete.  Was a good one.\\n4 years flew by ,"Texas, USA"
Tue May 07 09:24:00 +0000 2019, I saw that...lol...morning...\,"Island Park, NY"
Tue May 07 09:23:59 +0000 2019,A mi hija? Es que yo llego a esa escuela con la meta de ir preso si o si. Los mato porque los mato. ,"Alafaya, FL"
Tue May 07 09:23:58 +0000 2019,"My sons been up since 3 and has been wanting to play since :)'""","San Angelo, TX"
Tue May 07 09:23:58 +0000 2019,Oh oh! The video isn\ good enough FIFTY YEARS AGO IN SPACE. \,"Makakilo, HI"
Tue May 07 09:23:57 +0000 2019,Tuesday May 7 - Daily Yahoo!:     13 dead after Las Vegas-to-Mexico plane crashes;      Trump\'s approval hits highe\ ,"Lorain, OH"
Tue May 07 09:23:56 +0000 2019,"5:25am: sunrise\\nsunset will be at 7:49pm'""","Portland, ME"
Tue May 07 09:26:16 +0000 2019,This shit so fire ,"Houston, TX"
Tue May 07 09:26:16 +0000 2019,"#NotRelevant but Nicole Kidman\'s forehead is Ginormous in stepford wives. Go look.""'","Oklahoma City, OK"
Tue May 07 09:26:15 +0000 2019,"I\'m at Bergenfield, NJ in NJ ","Bergenfield, NJ"
Tue May 07 09:26:15 +0000 2019,"I\ been writing Python for nearly 20 years, and I still do this\ ","Baltimore, MD"
Tue May 07 09:26:13 +0000 2019, #zfgirl \ ,"South Carolina, USA"
Tue May 07 09:26:13 +0000 2019,"I\'m at Silverhawk Aviation in Caldwell, ID ","Caldwell, ID"
Tue May 07 09:26:13 +0000 2019,nice #comedy #laugh #smile #amusing ,"Cambridge, MA"
Tue May 07 09:26:12 +0000 2019,she just hopped out the shower and hurried over to the function ,"Los Angeles, CA"
Tue May 07 09:26:12 +0000 2019,"Horny so jerking this big dick before a shower'""","Miami, FL"
Tue May 07 09:26:11 +0000 2019,The current issue of   features some mesmerizing photographs from stephen_gill_ \ new book THE PILLAR\ ,"Manhattan, NY"
Tue May 07 09:26:11 +0000 2019," 12 years'""","Ashland, OH"
Tue May 07 09:26:11 +0000 2019," Thing is, they DO sell drugs like Black communities do. \\n\\nUse & illicit sales as a crime is damn n\ ","Providence, RI"
Tue May 07 09:26:11 +0000 2019," Here is the unsaid part. Trump is acceptable to liberals. Just not Bernie or Warren.'""","New Orleans, LA"
Tue May 07 09:26:10 +0000 2019,"Going for AAAs on 18s is good for me because it\'s still trying to attain a fairly difficult goal, but without needi\ ","South San Francisco, CA"
Tue May 07 09:26:09 +0000 2019,All the way \ \  #byereality @ Delta Terminal - Charleston International Airport ,"North Charleston, SC"
Tue May 07 09:26:08 +0000 2019,"#ChernobylHBO\\nThis is weird coming from me, but whatever.\\n SERIOUSLY DO NOT WATCH CHERNOBYL IF YOU ARE NOT COMFORTA\ ","San Francisco, CA"
Tue May 07 09:26:07 +0000 2019,"Hey,  while you\'re mentioning how people don\'t realize how damaging racist stereotypes can be perhaps you migh\ ","Portland, OR"
Tue May 07 09:26:07 +0000 2019,Let me get up and take my ass to the gym \,"Washington, DC"
Tue May 07 09:26:07 +0000 2019, \ \,"San Francisco, CA"
Tue May 07 09:26:07 +0000 2019,"My Family is my everything.'""","Shelby, NC"
Tue May 07 09:26:06 +0000 2019,"  All of them are cowards are afraid to show their faces because I know they\'re criminals and they\'re cowards""'","Florida, USA"
Tue May 07 09:26:06 +0000 2019,"We have a right to share our thoughts, opinions, political views, and even our anti-communist sentiments.  Under Su\ ","Westland, MI"
Tue May 07 09:26:05 +0000 2019,"Cleared: Road Work - MANCHESTER #I84 West at Exit 59 (I-384 EB) at 5/7/2019 5:26:03 AM'""","Manchester, CT"
Tue May 07 09:26:04 +0000 2019, \ ,"Center Moriches, NY"
Tue May 07 09:26:03 +0000 2019,"And that role, it turns out, was a considerable one, especially for the slave-trading kingdoms of western and centr\ ","Florida, USA"
Tue May 07 09:26:03 +0000 2019, Try also ,United States
Tue May 07 09:26:03 +0000 2019,"Sitting thinking about what\ to do this weekend, check out  calendar of events for things happening a\ ","Grand Rapids, MI"
Tue May 07 09:26:03 +0000 2019,She actually switched rooms after this\,"Los Angeles, CA"
Tue May 07 09:26:02 +0000 2019,"  \ not the intern'""","Los Angeles, CA"
Tue May 07 09:26:02 +0000 2019," Amen'""","Virginia Beach, VA"
Tue May 07 09:26:02 +0000 2019,Dear Delta flight attendant - please secure coffee pot before take off so that during take off it doesn\'t fly down\ ,"Kentucky, USA"
Tue May 07 09:26:02 +0000 2019,"I\'m at Caldwell Industrial Airport in Caldwell, ID ","Caldwell, ID"
Tue May 07 09:26:01 +0000 2019,Much needed...great price... will positively impact students and communities...I will definitely be participating.\ ,"North Carolina, USA"
Tue May 07 09:26:00 +0000 2019,Sooo good to catch up w a good friend \,"Los Angeles, CA"
Tue May 07 09:26:00 +0000 2019," it\ about to get ugly I\ made my mind up'""","Oxon Hill, MD"
Tue May 07 09:25:59 +0000 2019,My god shut UP ,"Hollins, VA"
Tue May 07 09:25:58 +0000 2019,Man fuck  ,"Havelock, NC"
Tue May 07 09:25:57 +0000 2019, Good morning my precious and sweet Sister. Miss and love you. Have a BLESSED day in the LORD. Many\ ,"Nashville, TN"
Tue May 07 09:25:56 +0000 2019,"Watching UP really got me in my feels at 3:30 in the morning.'""","Gallup, NM"
Tue May 07 09:25:55 +0000 2019,Sooo TRUE!\ ,"North Star, DE"
Tue May 07 09:25:55 +0000 2019,  If Scott Boras is telling you to consider an offer and you are still unsigned in Ma\ ,"Clark, NJ"
Tue May 07 09:25:54 +0000 2019,"The flings are even shorter these days.'""","Los Angeles, CA"
Tue May 07 09:25:54 +0000 2019,Geee Wonder how many children it could\'a fed-How many homeless could\'a had night off\'a the streets-How many in Flin\ ,"Louisiana, USA"
Tue May 07 09:25:53 +0000 2019,too funny #laughter #laugh #smirk #funny ,"Texas, USA"
Tue May 07 09:25:53 +0000 2019,lol #funniness #snicker #smirk #hilarious ,"Texas, USA"
Tue May 07 09:25:52 +0000 2019," FLORENCE EVANS!'""","Weymouth, MA"
Tue May 07 09:25:52 +0000 2019,"We are praying for patience in God this morning, won\'t you join us? Call 248.483.0886 from 5am-6am EST and know tha\ ","Southfield, MI"
Tue May 07 09:25:50 +0000 2019,I\ So Happy To Be So Free Spirited\,"Memphis, TN"
Tue May 07 09:25:50 +0000 2019,"This job might be a great fit for you: Retail Store Manager - Petaluma, CA -  #Retail #Petaluma, CA'""","Petaluma, CA"
Tue May 07 09:25:49 +0000 2019,"I stan Shawn Mendes so hard, but honestly they should never be invited back. Should have been turned away at the \ ","New Iberia, LA"
Tue May 07 09:25:48 +0000 2019,"I found me\\nI\ still lost'""","Colchester, VT"
Tue May 07 09:25:48 +0000 2019,"  they are good'""","Flagstaff, AZ"
Tue May 07 09:25:47 +0000 2019, I do NOT like that you Democrats and also the Republicans put out a Survey when your only reason for it is to\ ,"Pennsylvania, USA"
Tue May 07 09:25:47 +0000 2019,"Just so y\ know,  is the same amount black as  ","Los Angeles, CA"
Tue May 07 09:25:47 +0000 2019,funny #humor #chuckle #smirk #ludicrous ,"Diamond Bar, CA"
Tue May 07 09:41:06 +0000 2019," Hate it!'""","Brooklyn, NY"
Tue May 07 09:41:06 +0000 2019,"  And you, #oldfool?'""","Atlanta, GA"
Tue May 07 09:41:05 +0000 2019,"  This has to stop now!'""","Shannon, GA"
Tue May 07 09:41:05 +0000 2019,"napatingin ako sa photos and putek andami nga talaga namin pic ni shan and naalala ko fave niya pala ako kasama dati pag magpipic hnnnggg'""","Clearfield, UT"
Tue May 07 09:41:04 +0000 2019,New season starts .... NOW #playoffs #wersr ,"Baltimore, MD"
Tue May 07 09:41:03 +0000 2019," I am'""","Candler-McAfee, GA"
Tue May 07 09:41:03 +0000 2019,#ShesMyDelegate \\nHate has no home in #PWC. Those days are OVER. ,"Linton Hall, VA"
Tue May 07 09:41:01 +0000 2019,"My exam has 110 questions based on 15 chapters and 2 movies, but tell me why 10 of the chapters have 4 or less ques\ ","College Station, TX"
Tue May 07 09:41:01 +0000 2019,Bro please drop this song  ,"San Clemente, CA"
Tue May 07 09:41:01 +0000 2019,"Ser usado por Dios es un privilegi\ No solo eres un \ de Dios  eres el campo de cultivo de Dios,  La g\ ",Rob Fleming Park
Tue May 07 09:41:01 +0000 2019,Grades are supposed to reflect mastery of standards. It\'s the traditional way to communicate with parents. I\'m with\ ,"Tennessee, USA"
Tue May 07 09:41:24 +0000 2019,Updated: Incident on #OTHER WB ,"Connecticut, USA"
Tue May 07 09:41:24 +0000 2019,"#FreeMe'""","Camden, NJ"
Tue May 07 09:41:23 +0000 2019,"'  ""Of course all art is quite useless""\''","Manhattan, NY"
Tue May 07 09:41:23 +0000 2019,"  Get your Soap On A Rope'""","Georgia, USA"
Tue May 07 09:41:23 +0000 2019,"  Agreed, that was extremely'""","Great Neck Estates, NY"
Tue May 07 09:41:22 +0000 2019,"These people in this Uber fuckin stink like do y\ take showers ???????'""","Washington, DC"
Tue May 07 09:41:22 +0000 2019,I love 8ams ,"Chico, CA"
Tue May 07 09:41:22 +0000 2019,"  Ay iba na ites. Babalatan ko si bakla gamit nail cutter'""","Hawthorne, CA"
Tue May 07 09:41:20 +0000 2019," How you doing bud? Hopefully back home.'""","Brook Park, OH"
Tue May 07 09:41:20 +0000 2019,honestly cannot wait to see all my kids today \,"Marlborough, MA"
Tue May 07 09:41:19 +0000 2019, Amen \,"Columbus, GA"
Tue May 07 09:41:19 +0000 2019,"Agree on some of this. But without Kawhi, the raptors get swept by Philly. ","Ohio, USA"
Tue May 07 09:41:19 +0000 2019,#GoodMorningWorld !! #TuesdayThoughts #challege do something today that you have been putting off... In honor of yo\ ,"Santa Monica, CA"
Tue May 07 09:41:18 +0000 2019,     Likewise! ,"Fort Lauderdale, FL"
Tue May 07 09:41:18 +0000 2019,Colonial Hills Elementary \\nDevonshire Project Adventure\\nWoodward Park \\nWhetstone Highschool\\nFort Hayes Career Cente\ ,"West Virginia, USA"
Tue May 07 09:41:18 +0000 2019,"Man, I wish Chick-fil-A was open rn.'""","McKinney, TX"
Tue May 07 09:41:18 +0000 2019,Time to Spin\ @ Golds Gym Teterboro ,"Teterboro, NJ"
Tue May 07 09:41:17 +0000 2019,Okay let me force myself to sleep bc nobody up w me\,"New Orleans, LA"
Tue May 07 09:41:17 +0000 2019," And he hate #PPP'""","Plano, TX"
Tue May 07 09:41:16 +0000 2019,"  You blinked!'""","Pennsylvania, USA"
Tue May 07 09:41:14 +0000 2019,"7 convenient rings'""","Los Angeles, CA"
Tue May 07 09:41:13 +0000 2019,"y\'all ever just stay up till 3am reading textbooks and listening to lo-fi hip hop?""'","San Bernardino, CA"
Tue May 07 09:41:13 +0000 2019,"   Whole new season! Just started a couple weeks ago, so it\ be easy to catch-up.'""","Kissimmee, FL"
Tue May 07 09:41:12 +0000 2019,Councilman Brandon Scott voted as new Baltimore City Council President  via ,"Baltimore, MD"
Tue May 07 09:41:11 +0000 2019," We are in the parody alternate universe.'""","Honolulu, HI"
Tue May 07 09:41:11 +0000 2019,Bruh. ,"Lacey, WA"
Tue May 07 09:41:11 +0000 2019,  Except when u ghost us cuz u don\ have the balls to say. \ don\ want to talk to u no\ ,"Torrance, CA"
Tue May 07 09:41:11 +0000 2019,"Hopefully  is firing hundreds for that racist article'""","Saratoga, CA"
Tue May 07 09:41:11 +0000 2019," you are  a white male you dont get to have an opinion'""","Alamogordo, NM"
Tue May 07 09:41:11 +0000 2019,"Really not up for going to work today. It\ freezing out and my bed feels so much better.'""","Connecticut, USA"
Tue May 07 09:41:10 +0000 2019,Being sick in college is a different type of sick... \,"Austin, TX"
Tue May 07 09:41:10 +0000 2019,"Okay goodnight foreal hypnosis getting to me'""","Houston, TX"
Tue May 07 09:41:10 +0000 2019,"April was busy, but a really good busy! @ Minneapolis, Minnesota ","Minneapolis, MN"
Tue May 07 09:41:10 +0000 2019,"As at May 6, Bank of Jamaica\'s data shows Weighted Average Selling and Buying  rates for the U.S. at Ja.$136.23 and\ ","Miami, FL"
Tue May 07 09:41:09 +0000 2019,"' ""Kyle"" or ""Sean"" ???\''","New Jersey, USA"
Tue May 07 09:41:08 +0000 2019,"  Why should he be?'""","Colonie, NY"
Tue May 07 09:41:07 +0000 2019, Always 15-20 years away. \,"Virginia, USA"
Tue May 07 09:56:17 +0000 2019,"Who better for you than the boy, huh?'""","Mississippi, USA"
Tue May 07 09:56:17 +0000 2019,Girl who started the convo \ ,"Washington, DC"
Tue May 07 09:56:17 +0000 2019, One moment of courageous step up or one moment of diffidence to make a character unworthy of our lo\ ,"Bronx, NY"
Tue May 07 09:56:16 +0000 2019,"'In ""The Don"" We Trust. Thank you.\''","Florida, USA"
Tue May 07 09:56:15 +0000 2019,Man he was just fine wtf \,"Houston, TX"
Tue May 07 09:56:15 +0000 2019," Please no. I want to see Martina and Carrie sing together before this ever happens.'""","Virginia, USA"
Tue May 07 09:56:15 +0000 2019,Jada!! One of mine!! \ ,"Colonie, NY"
Tue May 07 09:56:15 +0000 2019," He\ not a capable cap era GM and the trust fund characterization is accurate.'""","Cleveland, OH"
Tue May 07 09:56:14 +0000 2019,"I\'m at GM Flint Engine Operations in Flint, MI ","Flint, MI"
Tue May 07 09:56:13 +0000 2019,"I\ a fighter and I refuse to go out without swinging'""","Des Moines, IA"
Tue May 07 09:56:12 +0000 2019,"I miss doing hoodrat shit with  but he hates his family so it\ fine.'""","Boise, ID"
Tue May 07 09:56:12 +0000 2019," Thank you love this!'""","Nashua, NH"
Tue May 07 09:56:11 +0000 2019,"#UPDATE: All SB lanes back open along I-35 near Cesar Chavez.  #ATXTraffic'""","Austin, TX"
Tue May 07 09:56:11 +0000 2019,"' Indianapolis, Indiana ""Chingas a tu madre "" ","Indianapolis, IN"
Tue May 07 09:56:11 +0000 2019,"current weather in Levittown: overcast clouds, 52\ humidity, wind 8mph, pressure 1021mb'""","Levittown, NY"
Tue May 07 09:56:10 +0000 2019,Thank you  for what you give these kids!!   ,"Lake Mary, FL"
Tue May 07 09:56:09 +0000 2019,Does this mean a possible Broad City x Hillary x Hunter collab at my graduation? It\ going down May 29th. ,"Queens, NY"
Tue May 07 09:56:08 +0000 2019, 9th grade teachers rock! ,"Lake Mary, FL"
Tue May 07 09:56:08 +0000 2019,"Major building collapse in Midwood, Brooklyn. Exclusive video of the suspected DWI driver in police custody coming\ ","Brooklyn, NY"
Tue May 07 09:56:06 +0000 2019,"  This was amazing. Ozzi loved this one.'""","Minneapolis, MN"
Tue May 07 09:56:06 +0000 2019," I get most of my information from lesbians, so keep doing what you\'re doing.""'","San Jose, CA"
Tue May 07 09:56:06 +0000 2019,Transition Tuesday... What does saying \ am sorry\  really do for a person once they have been offended? #tuesday\ ,"North Carolina, USA"
Tue May 07 09:56:06 +0000 2019,Last week of the regular season! Thursday vs Buckeye Valley to honor our seniors!  #riseandgrind #WeAreWarriors @ N\ ,"Westerville, OH"
Tue May 07 09:56:04 +0000 2019," Coach O'""","Florida, USA"
Tue May 07 09:56:03 +0000 2019,Great but that is not good enough.  Minnesotans are traumatized & die  because Insurance companies deny care for pr\ ,"Minnesota, USA"
Tue May 07 09:56:03 +0000 2019," Haha on me. I like em for the days off. But when it lands on the weekend to work I be drove'""","Arkansas, USA"
Tue May 07 09:56:02 +0000 2019,my throat hurting on a different level \,"Houston, TX"
Tue May 07 09:56:02 +0000 2019,"I\ been obsessing over met gala looks since 3am. This years theme outcome was unreal'""","Warwick, RI"
Tue May 07 09:56:01 +0000 2019,"  Good read if you are educated and care about markets below the surface and thoughtful ideas.'""","Wyndmoor, PA"
Tue May 07 09:56:00 +0000 2019,Saturday is gonna be fucking skitz \,"Long Beach, CA"
Tue May 07 09:56:00 +0000 2019,"current weather in Brentwood: overcast clouds, 50\ humidity, wind 8mph, pressure 1021mb'""","Brentwood, NY"
Tue May 07 09:56:00 +0000 2019,Not the only one \ ,"Denham Springs, LA"
Tue May 07 09:55:58 +0000 2019," Trash asf! Pathetic'""","Nashville, TN"
Tue May 07 09:55:57 +0000 2019," Where you can find best crack cocaine in the city.'""","West Little River, FL"
Tue May 07 09:55:57 +0000 2019,real dirty sprite\ ,"Fresno, CA"
Tue May 07 09:55:57 +0000 2019,He\'s an embarrassment to our country.\\n\\nMike Pompeo: Melting sea ice presents \'new opportunities for trade\' ,"Illinois, USA"
Tue May 07 09:55:56 +0000 2019,"I didn\ watch the bucks Celtics game but the box score lead me to believe it was a terrible game 17/78 from 3 bro what kinda game is that'""","Lanett, AL"
Tue May 07 09:55:56 +0000 2019,"Dua of the day \\nRamadan 2, 1440 ","Aquia Harbour, VA"
Tue May 07 09:55:55 +0000 2019,"  This is probably happening all over America! Muslims are not peaceful!'""","Shannon, GA"
Tue May 07 09:56:38 +0000 2019,"the waking brain races, sampling the world after the world has turned away, touching it everywhere, refusing to set\ ","Los Angeles, CA"
Tue May 07 09:56:38 +0000 2019,Dj commits to Clemson. Dj was obviously Oregon\ first choice. Usc wanted  since beginning. He was fir\ ,"Lake Wales, FL"
Tue May 07 09:56:38 +0000 2019,"   For sure!!!'""","Mississippi, USA"
Tue May 07 09:56:38 +0000 2019, Happy 17th Birthday Paul!! \,"North Olmsted, OH"
Tue May 07 09:56:37 +0000 2019,  Vete t\ \,"Gobernador Piero, Puerto Rico"
Tue May 07 09:56:37 +0000 2019,"SMALL BUSINESS WEEK...\\n\\nGet a price sheet!!! If you are not comfortable with a set price, then give your customers\ ","Riviera Beach, FL"
Tue May 07 09:56:37 +0000 2019,  Bummer. ,"Texas, USA"
Tue May 07 09:56:36 +0000 2019,"I saw Tiffany had fish tonight in person and I\ not jacking her. I asked her where the chicken was at and she wasn\ trynna give us answers'""","Manhattan, NY"
Tue May 07 09:56:36 +0000 2019,"Jus up'""","Detroit, MI"
Tue May 07 09:56:35 +0000 2019,"current weather in Nassau: overcast clouds, 52\ humidity, wind 8mph, pressure 1021mb'""","Westbury, NY"
Tue May 07 09:56:35 +0000 2019," No it\ really not tho.'""","California, USA"
Tue May 07 09:56:34 +0000 2019,"   Is he doing the audio of your book?'""","Georgetown, NJ"
Tue May 07 09:56:34 +0000 2019," I have always loved it. I was like wow this song is amazing'""","Virginia, USA"
Tue May 07 09:56:32 +0000 2019,"  The wife doesn\'t know. Definitely. lol""'","Dallas, TX"
Tue May 07 09:56:31 +0000 2019," I have cycled through the stages of grief, the progression is not linear, but I am looking forward t\ ","Charlotte, NC"
Tue May 07 09:56:30 +0000 2019,The Familihood of the Traveling Circus. Off to SF. @ Raleigh-Durham International Airport (RDU) ,"Raleigh, NC"
Tue May 07 09:56:30 +0000 2019,"   Stop .... he\ looney is not the answer . Everytime they switched him on Harden he was cooked'""","Houston, TX"
Tue May 07 09:56:30 +0000 2019,Yay! $$$$ pouring in to rebuild ND cathedral.........meanwhile in PR\\n#shame #PuertoRico #notredamecathedralfire\ ,"Atlanta, GA"
Tue May 07 09:56:29 +0000 2019,New blog post alert!\\nTop 15 Cuban Cigars to Have in Your Humidor. Read it here:\\n you ag\ ,"Miami, FL"
Tue May 07 09:56:28 +0000 2019,"I have a comp day to use. If I take off on Friday for 3 day weekend, what should I do? \\n\\nOr should I wait for bette\ ","Greensboro, NC"
Tue May 07 09:56:27 +0000 2019,"current weather in West Babylon: overcast clouds, 51\ humidity, wind 5mph, pressure 1022mb'""","West Babylon, NY"
Tue May 07 09:56:27 +0000 2019,"I just wanna know who told me to do PT at 7 in the morning'""","North Massapequa, NY"
Tue May 07 09:56:25 +0000 2019,"I just found the draft folder!!'""","Lake Mary, FL"
Tue May 07 09:56:25 +0000 2019," \ fye I can\ cap'""","Denham Springs, LA"
Tue May 07 09:56:24 +0000 2019,"IT\ AN AWESOME 2-FER TUESDAY! Buy 1 Pizza at menu price, get the next one FREE! Use code: 944. Order at\ ","Maryland, USA"
Tue May 07 09:56:24 +0000 2019," worst airline ever. This is exactly why we never fly American because it\ inconsistent, and they make\ ","Cheektowaga, NY"
Tue May 07 09:56:24 +0000 2019,"Staying up until sunrise doing those things we both like...'""","Pittsburgh, PA"
Tue May 07 09:56:23 +0000 2019,Accident in #Summerville on State Rd at Lebanon Rd #traffic ,"South Carolina, USA"
Tue May 07 09:56:23 +0000 2019," At this point just take a leave of absence from school LMAO'""","Austin, TX"
Tue May 07 09:56:23 +0000 2019,Construction on #GardenStateParkway NB from North of Exit 50 - US 9 to New Gretna Toll Plaza ,"New Jersey, USA"
Tue May 07 09:56:23 +0000 2019,Accident in #Mesquite on 635 LBJ Fwy SB at Bruton Rd #DFWTraffic ,"Mesquite, TX"
Tue May 07 09:56:23 +0000 2019,Just sat and listened to all this nigga tapes ,"Philadelphia, PA"
Tue May 07 09:56:22 +0000 2019,"See our latest #Bellaire, TX #Nursing job opportunity and click the link in our bio to apply: CNA at The Gardens of Bellaire'""","Bellaire, TX"
Tue May 07 09:56:22 +0000 2019,Check out 2018 PVI grad  #givebacktothekids ,"Barrington, NJ"
Tue May 07 09:56:22 +0000 2019,"Es dif\ encontrar el amor en otros brazos, cuando los \ que busco son los tuyos...'""","Austin, TX"
Tue May 07 09:56:22 +0000 2019,Congratulations to Alyssa Markins for receiving the distinguished athlete of the year award! Alyssa is a soccer and\ ,"Ohio, USA"
Tue May 07 09:56:21 +0000 2019,Today is the day - please support the intentional teaching model that we work very hard to provide the students of\ ,"Ohio, USA"
Tue May 07 09:56:20 +0000 2019," Ready, cue the lighting... Action! #GameofThrones #GameofThronesseason8episode4 ","Casper, WY"
Tue May 07 09:56:20 +0000 2019,"Young and in control even when they stoop low'""","West Puente Valley, CA"
Tue May 07 09:56:20 +0000 2019,"High proteins food make Me hungrier'""","Houston, TX"
Tue May 07 09:56:19 +0000 2019,"Cleared: Closure on #QueensboroBridge EB from Manhattan Side to Queens Side'""","Manhattan, NY"
Tue May 07 09:56:19 +0000 2019,  We finally have something in common ,"Sacramento, CA"
Tue May 07 09:56:19 +0000 2019,"current weather in Hicksville: overcast clouds, 52\ humidity, wind 8mph, pressure 1021mb'""","Hicksville, NY"
Tue May 07 09:57:00 +0000 2019,"  Guess who cares what you think ??    Nobody'""","Methuen Town, MA"
Tue May 07 09:56:59 +0000 2019,You can lend a hand\ in 4 minutes! #MidlandsGives ,"South Carolina, USA"
Tue May 07 09:56:59 +0000 2019,"      Please, do us all a favor. Hold your breath\ ","Nevada, USA"
Tue May 07 09:56:59 +0000 2019, \ \ \ \ \ \ \ #\,"Chappaqua, NY"
Tue May 07 09:56:59 +0000 2019,Thank you God for another 24 \,"Lakeland, FL"
Tue May 07 09:56:59 +0000 2019,"  Cause they can\ run or defend'""","Houston, TX"
Tue May 07 09:56:58 +0000 2019,Macron announces measures to protect biodiversity after landmark UN report  via ,"Baltimore, MD"
Tue May 07 09:56:57 +0000 2019,"i wish i could snap my fingers and just not be tired :('""","Oklahoma City, OK"
Tue May 07 09:56:56 +0000 2019,I\ known these guys since I was 19. Shit is fucken crazy!! HAPPY BIRTHDAY LEWIS!!! ,Stake Out
Tue May 07 09:56:56 +0000 2019,We continue celebrating our teachers today! Thank you to our PTO and all our community for helping us make this wee\ ,"North Carolina, USA"
Tue May 07 09:56:55 +0000 2019,Thank you to our MCHS and  teachers! Thank you for all of the unseen hours you invest in your students\ ,"Mason City, IA"
Tue May 07 09:56:55 +0000 2019,What is wrong with white People ,"Lake Oswego, OR"
Tue May 07 09:56:55 +0000 2019," Thank you for participating in our STEAM Night!!'""","Canal Winchester, OH"
Tue May 07 09:56:55 +0000 2019,"I\'m at Kat\'s Place. in Wilmington, MA ","Tewksbury, MA"
Tue May 07 09:56:54 +0000 2019, The industry itself is making itself less inclusive - because of the nature of the direct market and\ ,"Honolulu, HI"
Tue May 07 09:56:54 +0000 2019,Ramps blocked in #EastBrunswick on NJ Tnpke Truck Lns NB at S Of X9 #traffic ,"East Brunswick, NJ"
Tue May 07 09:56:54 +0000 2019,"  Uh no see ya'""","San Diego, CA"
Tue May 07 09:56:53 +0000 2019,"East Brunswick: 5:49am: sunrise\\nsunset will be at 7:58pm'""","East Brunswick, NJ"
Tue May 07 09:56:52 +0000 2019,Pure evil ,"North Carolina, USA"
Tue May 07 09:56:52 +0000 2019, well just a question I grew up in the sixties I know what the mushrooms are. You want to dr\ ,"Tempe, AZ"
Tue May 07 09:56:52 +0000 2019,"  I\ talking about the Rangers, that misery!'""","Bedford, NY"
Tue May 07 09:56:51 +0000 2019," Hun kera logan de pichay hi lagay rena, logan nu pichay la reyan'""","Pasadena, TX"
Tue May 07 09:56:51 +0000 2019,sTePh DoEsN\ PlAy DeFeNsE ,"Columbus, OH"
Tue May 07 09:56:51 +0000 2019," No need to explain...we get it! God bless him and you!'""","Ellicott City, MD"
Tue May 07 09:56:50 +0000 2019," Me'""","Longwood, FL"
Tue May 07 09:56:50 +0000 2019,#newlife @ condo in Lake Placid ,"Florida, USA"
Tue May 07 09:56:50 +0000 2019,"I miss being able to sleep through the night. This pain is taking over my life, and I\ defeated af. MRI is tomorro\ ","Alafaya, FL"
Tue May 07 09:56:49 +0000 2019,"     Of course!'""","Spring Hill, FL"
Tue May 07 09:56:49 +0000 2019,***\\n\ #summit2019jamfestjapan \ SUMMIT\ SUM\ ,"Orlando, FL"
Tue May 07 09:56:48 +0000 2019,"#ThoughtFortheDay \ \ best preparation for tomorrow is doing your best today.\ H. Jackson Brown, Jr.\ ","Hoover, AL"
Tue May 07 09:56:48 +0000 2019,My stove just stopped working in the middle of cooking \,"Tumon, USA"
Tue May 07 09:56:47 +0000 2019,#EXIST (Energy Exchange Istanbul)\\n#PETFORM\\n#IstanbulHub\\n#TurKEYforEnergy \\n#TRGasTradingHub  \\n#IstanbulReferencePrice ,"Houston, TX"
Tue May 07 09:56:46 +0000 2019,*read 11:52 P.M* ,"Oxford, MS"
Tue May 07 09:56:46 +0000 2019," I think so, too!'""","Lake Magdalene, FL"
Tue May 07 09:56:46 +0000 2019,Sacrament of Baptism! ,"Georgia, USA"
Tue May 07 09:56:46 +0000 2019,"     Holy shot that end is so much better'""","Washington, DC"
Tue May 07 09:56:45 +0000 2019,"       Well deserved!!'""","Lysander, NY"
Tue May 07 09:56:45 +0000 2019,Welcome! ,"North Carolina, USA"
Tue May 07 09:56:44 +0000 2019,"5:49am: sunrise\\nsunset will be at 7:58pm'""","Sayreville, NJ"
Tue May 07 09:56:44 +0000 2019, Debi\ asistir y aprovechar la oportunidad de hacerle la petici\ personalmente o entregarle una car\ ,"San Juan, USA"
Tue May 07 09:56:43 +0000 2019,"It is unnatural to be up and flying at this hour.'""",Fort Lauderdale-Hollywood International Airport (FLL)
Tue May 07 09:56:43 +0000 2019, Happy Akshay Tritiya \,"Hauppauge, NY"
Tue May 07 09:56:41 +0000 2019,Union Pacific band---Honolulu--1973--Point After Club-- ,"Hilo, HI"
Tue May 07 09:56:40 +0000 2019,"   Well deserved \ need to find me a sonny in my life'""","Indian Hills, NV"
Tue May 07 09:56:40 +0000 2019," You are so very true about what Bill Hader is doing every week on \ My favorite series, Emmy Lane...'""","Cleveland, TN"
Tue May 07 09:56:40 +0000 2019,GOP strategist urges Dems to link Trump\ taxes  to his business corruption\\n\\n ,"Pennsylvania, USA"
Tue May 07 09:56:39 +0000 2019,France faces legal challenge for refusing to allow jihadists\' children t...  via ,"Baltimore, MD"
Tue May 07 10:11:37 +0000 2019,"Yall ever jut breathe normally to flex on asthmatic people'""","Santa Cruz, CA"
Tue May 07 10:11:37 +0000 2019,#writing ,"Tallahassee, FL"
Tue May 07 10:11:35 +0000 2019,"The fact that I just woke up sick is truly a joke'""","Philadelphia, PA"
Tue May 07 10:11:34 +0000 2019,Maternity Jeans Style Guide\\nVisit here :  ,"California, USA"
Tue May 07 10:11:34 +0000 2019,Morning wake up call!\\n\\nWhat\'s your morning workout? Mine varies; this morning 3 sets of 500\'s with 30 sec rest in-b\ ,"Lyndon, KY"
Tue May 07 10:11:34 +0000 2019,"Daily #Healthtip : Time to stock up on #CBD , #naturalremedies , #supplements , #proteinshakes & more! Take advanta\ ","Roswell, GA"
Tue May 07 10:11:34 +0000 2019,I could say it a million times and that still wouldn\ be enough to fully express how grateful I am to be a part of\ ,"Manhattan, NY"
Tue May 07 10:11:33 +0000 2019, ... and I believe the car he used was a show car that was on the floor of the Sheraton Hotel in Readin\ ,"Pennsylvania, USA"
Tue May 07 10:11:33 +0000 2019,"I feel like girls have been flirting with me lately and this is def a new experience! Idk now to act'""","Murillo, TX"
Tue May 07 10:11:33 +0000 2019,Love wins. \ ,"St Cloud, MN"
Tue May 07 10:11:33 +0000 2019, Morning Bertie..Have a lovely day. Looks like we are going to for a change..\,"Burlington, MA"
Tue May 07 10:11:32 +0000 2019,#TeacherAppreciationWeek #ThankATeacherPBC ,"Delray Beach, FL"
Tue May 07 10:11:30 +0000 2019,  Al.. THX for listening. Want to present this from all viewpoints and a great resource havi\ ,"Greenwich, NY"
Tue May 07 10:11:29 +0000 2019,So looking forward to it!!! ,"South Carolina, USA"
Tue May 07 10:11:29 +0000 2019,"pero no he dormido nadaaa'""","Massachusetts, USA"
Tue May 07 10:11:29 +0000 2019," Which policies?'""","West Virginia, USA"
Tue May 07 10:11:29 +0000 2019,"  A bendito :( buen turno'""","Gobernador Piero, Puerto Rico"
Tue May 07 10:11:29 +0000 2019,Congratulations to the RLA Boys 7/8 Team on their victory last night against Jackson 8 to secure a bye in the first\ ,Jackson Justice Complex Soccer Turf 1
Tue May 07 10:11:28 +0000 2019," But I watched every lap of the ARCA race and almost all of IMSA.'""","Cincinnati, OH"
Tue May 07 10:11:27 +0000 2019,Amazon wants to pay the New York Times and BuzzFeed to expand to reach shoppers outside the US  via ,"Manhattan, NY"
Tue May 07 10:11:27 +0000 2019,"Some people are talkers. Some people should shut the fuck up. Especially at 5:30 am.'""","Pittsburgh, PA"
Tue May 07 10:11:26 +0000 2019,"6:03am: sunrise\\nsunset will be at 8:05pm'""","Washington, DC"
Tue May 07 10:11:26 +0000 2019,Earl: hey crabman \\n\\nCrabman: \ \,"Pittsfield, MA"
Tue May 07 10:11:26 +0000 2019, What did he do to deserve such an honor?\\nHe cheated on his wife and put a ball in a hole.\\nJust like\ ,"Delaware, USA"
Tue May 07 10:11:25 +0000 2019, Omg \,"Roselle, NJ"
Tue May 07 10:11:25 +0000 2019," Good seats'""","Wisconsin, USA"
Tue May 07 10:11:25 +0000 2019,"i just need some actual assurance. tangible assurance. i\ not talking about a ring. just...effort.'""","Pomona, CA"
Tue May 07 10:11:25 +0000 2019,Wow\ ,"Indiana, USA"
Tue May 07 10:11:25 +0000 2019,Yep! ,"Newport, SC"
Tue May 07 10:11:24 +0000 2019,I was born and raised here!!\\n,"Chicago, IL"
Tue May 07 10:11:24 +0000 2019,"'Why is it called the ""Morning Star"" when its actually a planet?\\n#morningmusings \\nGood morning Twitter fam!\''","Tamarac, FL"
Tue May 07 10:11:24 +0000 2019,My 5 year old is learning this lesson.\\n.\\nHe started hockey \ and soccer \ and (I think) is legit shocked \ that he\ ,"Lancaster, NY"
Tue May 07 10:11:24 +0000 2019,shut the fuck up ,"Daytona Beach, FL"
Tue May 07 10:11:23 +0000 2019,"Great schools don\ happen on accident - they are supported by their communities, led by intelligent individuals, a\ ","Ohio, USA"
Tue May 07 10:11:23 +0000 2019,"On the flip tho...got GREAT news over the weekend. Skill Skool coming!'""","South Carolina, USA"
Tue May 07 10:11:22 +0000 2019,Wasn\ HE a hottie! #XONR8 #innocentWomen #WomenExonerees #AskGinny #EverybodyKnowsGinny #ExoneratedNation ,"Napoleon, OH"
Tue May 07 10:11:21 +0000 2019, You don\ look bad girl. Don\ worry \,"Pickens, SC"
Tue May 07 10:11:21 +0000 2019,"Accident, right lane blocked on Jennings Fwy NB before W 14th #traffic ","Cleveland, OH"
Tue May 07 10:11:20 +0000 2019,Thx Senator!  #RamadanMubarak ,"Naperville, IL"
Tue May 07 10:11:20 +0000 2019,"  Who gives a shit about you and Bill!!'""","Auburn, MA"
Tue May 07 10:11:20 +0000 2019,With my Infection control team  event to recognize 57 Quality improvement champions across the tri-s\ ,"Manhattan, NY"
Tue May 07 10:11:20 +0000 2019,Good news.  and  Complete Successful Blockchain Solution Pilot with  and MTS | #blockchain\ ,"Pebble Creek, FL"
Tue May 07 10:11:19 +0000 2019,I never cease to be challenged by the practicality of biblical love. ,"Harlan, KY"
Tue May 07 10:11:19 +0000 2019,"3 years ago, I graduated for THEE Savannah State University! To know me, is to know my journey. I TRULY thank God f\ ","Georgia, USA"
Tue May 07 10:11:19 +0000 2019,Happy Birthday to my everything! \ @ Coconut Groove ,"Miami, FL"
Tue May 07 10:11:18 +0000 2019, thanks for getting up early for\,"Camp Hill, PA"
Tue May 07 10:11:18 +0000 2019," For good reason...'""","Kentucky, USA"
Tue May 07 10:11:17 +0000 2019,   The comments just prove how inhumane and arrogant so-called conservatives/Republicans\ ,"Sun Prairie, WI"
Tue May 07 10:11:17 +0000 2019,Okay and how u gonna argue when you haven\'t eaten real Viet food ,"Garden Grove, CA"
Tue May 07 10:11:17 +0000 2019,I\'m at Forbes And 92 ,"Plant City, FL"
Tue May 07 10:11:15 +0000 2019,"I have been crucified with Christ and I no longer live, but Christ lives in me. The life I now liv\ ","Columbus, OH"
Tue May 07 10:11:15 +0000 2019," Thanks!'""","Winchester, NV"
Tue May 07 10:11:14 +0000 2019,"I have a warm heart, so I\ a little over protective. I get it'""","Indianapolis, IN"
Tue May 07 10:11:14 +0000 2019,"Starting to play with some fun bar concepts.    More to come.    \\n\\nToasted Coconut, Pineapple, and Matcha White Cho\ ","Atlanta, GA"
Tue May 07 10:11:14 +0000 2019," Having had 4 transplants, I hold nurses in the highest regards! They are my heroes.'""","Cape Coral, FL"
Tue May 07 10:11:14 +0000 2019, The Person You Lost was Never a Friend!\,"Longview, WA"
Tue May 07 10:11:12 +0000 2019,Awful ,"Newport, SC"
Tue May 07 10:11:11 +0000 2019,  If you can\'t read this should help.,"Springville, UT"
Tue May 07 10:11:11 +0000 2019,Tengo que ir a entrar un proyecto \,"Massachusetts, USA"
Tue May 07 10:11:11 +0000 2019,"  Happy birthday!!!!'""","Louisville, KY"
Tue May 07 10:11:10 +0000 2019," Because he forgot it!'""","Georgia, USA"
Tue May 07 10:11:10 +0000 2019,"me---1972--Hilo,Hawai\'i--using a music\'s store equipment -- Vox organ and Rheem key bass---I look confused--missed\ ","Hilo, HI"
Tue May 07 10:11:09 +0000 2019,Went 16 minutes in this mornings meditation. New record \,"Green, OH"
Tue May 07 10:11:09 +0000 2019,#Anthropocene #SixthExtinction ,"Aiken, SC"
Tue May 07 10:11:08 +0000 2019,That time  hit us wit a classic to face one to \ \\n.\\n.\\n#gethightonight #stonerlife #smokeone\ ,"Fresno, CA"
Tue May 07 10:11:08 +0000 2019,"   Did you read the report?'""","Royal Oak, MI"
Tue May 07 10:11:07 +0000 2019,"'not ""rejects request"".. breaks the law! ","Hendersonville, NC"
Tue May 07 10:11:07 +0000 2019,"    Yes it works! Phone doesn\ even ring. Just says att fraud blocked call.'""","Bartlett, TN"
Tue May 07 10:11:07 +0000 2019,"AKP\'li se\ bile \ oradan oylar \ gelecek.""'","Elizabeth, NJ"
Tue May 07 10:11:06 +0000 2019,"People out here hatin cuz they wish they could do the shit I do'""","Orange City, FL"
Tue May 07 10:11:06 +0000 2019,"Today, the Colonials and  will lace up to fight pediatric cancer. You can help support the cause by\ ","Pennsylvania, USA"
Tue May 07 10:11:06 +0000 2019," not a basketball fan but I love seeing the bucks up 3-1. Giannis is a human highlight machine, absolute monster'""","New York, USA"
Tue May 07 10:11:06 +0000 2019,"Goooodddddddd Morning Vietnannnnnnnnn!!!!! What a nite.. last nite!!! Y\ have a great day.. winners!!!'""","Houston, TX"
Tue May 07 10:11:05 +0000 2019,She doesn\'t have an original idea. ,"Summerville, SC"
Tue May 07 10:11:05 +0000 2019,What are you waiting for? #organic #hairgoals #goals #blessed #beauty #beautytips #beautyblog #beautybloggers\ ,"Monroe, NC"
Tue May 07 10:11:04 +0000 2019," Case.'""","Los Angeles, CA"
Tue May 07 10:11:04 +0000 2019,Big congrats to  #postdocs & future #IRad fellows    &  for receiving  ,"Philadelphia, PA"
Tue May 07 10:11:03 +0000 2019,"  Sounds more homophobic than anti-feminist. Lindsay Graham is simply a man without honor or dignity.'""","Wyndmoor, PA"
Tue May 07 10:11:03 +0000 2019," Congrats!'""","Forest Park, OH"
Tue May 07 10:11:59 +0000 2019,"WHERE THE FUCK IS MY CODY AND HARRY PICTURE I JUST WOKE UP TO PANDEMONIUM'""","Philadelphia, PA"
Tue May 07 10:11:59 +0000 2019,Bruh ,"Columbus, OH"
Tue May 07 10:11:59 +0000 2019,IT\ DONE! AG William Barr STUNS All Americans With FINAL Hillary Announ...  via ,"Wall, NJ"
Tue May 07 10:11:58 +0000 2019,You shouldn\'t of colluded  without Russia and Electoral College....you wouldn\'t been prez but shows\ ,"Bronx, NY"
Tue May 07 10:11:57 +0000 2019,  Beautiful smile! Looking to touch base with Miss oprah. Please mesg me recrutrwill ,"Los Angeles, CA"
Tue May 07 10:11:57 +0000 2019,We love you forever Coach Satterfield. Thankful for your life & influence on my husband & friends \ ,"South Carolina, USA"
Tue May 07 10:11:57 +0000 2019, I use Notes in my iPhone. My husband has a notebook. \,"Robbinsville, NJ"
Tue May 07 10:11:57 +0000 2019,     It\ nothing... I\ never watched an\ ,"West Babylon, NY"
Tue May 07 10:11:56 +0000 2019,"   Doubt it she will run back to Shiloh'""","Pennsylvania, USA"
Tue May 07 10:11:56 +0000 2019," I\ a physician in the US. And no, it\ not like the VA. THE VA has MUCH better service in the past two y\ ","Texas, USA"
Tue May 07 10:11:56 +0000 2019,After last night  we should all vote for #ladygaga #2020Election #resist ,"Fredericksburg, VA"
Tue May 07 10:11:55 +0000 2019,"This job might be a great fit for you: MW - ACTIVATION MGR SHORT TERM -  #CustomerService #IowaCity, IA'""","Iowa City, IA"
Tue May 07 10:11:55 +0000 2019,"We\'re hiring in #Dallas, TX! Click the link in our bio to apply to this job and more: Sales Associate at Soma Intimates #Retail""'","Addison, TX"
Tue May 07 10:11:54 +0000 2019,"  Lol!  Have a nice day.'""","Staunton, VA"
Tue May 07 10:11:54 +0000 2019,"Click to read today\'s Verse.\\n @ Saint Thomas, US Virgin Islands ","Charlotte Amalie, Virgin Islands"
Tue May 07 10:11:54 +0000 2019,"  Not Funny'""","Texas, USA"
Tue May 07 10:11:53 +0000 2019,"We are doing our part to help our neighbors...... Share,Share,Share Please...\\n#ourheros\\n#floodrelief\ ","Grand Island, NE"
Tue May 07 10:11:53 +0000 2019,"Can i just cancel today and go back to bed'""","Massachusetts, USA"
Tue May 07 10:11:53 +0000 2019,"' What if, since Republican senators seem to want a return to the ""Good Old Days"" of the 50\\\'s and 60\\\'s--and sugg\ ","Tennessee, USA"
Tue May 07 10:11:51 +0000 2019,Thanks Kim - very exciting news! ,"Worcester, MA"
Tue May 07 10:11:51 +0000 2019,"Washington: 6:03am: sunrise\\nsunset will be at 8:05pm'""","Washington, DC"
Tue May 07 10:11:51 +0000 2019,"needa finish hunter x hunter tho'""","San Bernardino, CA"
Tue May 07 10:11:50 +0000 2019,"Formerly #incarcerated, Joseph Hughes now works at Rutgers as peer health navigator for others who are recovering f\ ","Pennsylvania, USA"
Tue May 07 10:11:50 +0000 2019,"Aside from my pain, and not being able to gym it like I was. I\ still steadily dropping weight, and for that I\ grateful. \","Alafaya, FL"
Tue May 07 10:11:50 +0000 2019,"Day 2:  challenged me to post 7 movies I love - no explanations or reviews, just the poster. Each time I\ ","Philadelphia, PA"
Tue May 07 10:11:50 +0000 2019," Vos no sos una persona trans,vos sos una gran persona  aai te veo ,adelante amiga!'""","West Palm Beach, FL"
Tue May 07 10:11:50 +0000 2019,"Hey random #Browns fan, what do u think about Myles Garrett only having 13.5 sacks? ","Columbus, OH"
Tue May 07 10:11:49 +0000 2019,"Softball heads to  today for IAAM playoff action #gocubs'""","Ferndale, MD"
Tue May 07 10:11:48 +0000 2019,    We got you girl! Good morning!! ,"Detroit, MI"
Tue May 07 10:11:47 +0000 2019," Goooood morning Ladies \ :) Lauren So you two are acting as Twins I see'""","Dania Beach, FL"
Tue May 07 10:11:46 +0000 2019,"In L.A last year again I was Honored to meet With Steve Wozniak the apple Co Founder, Wozniak invented Apple Comput\ ","Los Angeles, CA"
Tue May 07 10:11:45 +0000 2019,May investigate Rose Hill Cemetery while out with  later today. \\n\\nIt\'s been almost 10 years since I have d\ ,"Clermont, FL"
Tue May 07 10:11:45 +0000 2019," make  and  an official team #CerealKillers #FrankenBaron and #MountChocula'""","Ohio, USA"
Tue May 07 10:11:45 +0000 2019," Awesome v! Hallelujah'""","Masonboro, NC"
Tue May 07 10:11:44 +0000 2019,Her: you looking for something serious or are you one of those goofy mf\ ,"Weatherford, TX"
Tue May 07 10:11:44 +0000 2019,    Yikes you really know nothing about POC or Hip Hop ,"Washington, DC"
Tue May 07 10:11:44 +0000 2019,& im really gettin fat I can feel it in my walk\,"Oakland, CA"
Tue May 07 10:11:43 +0000 2019," No way, there other places to eat'""","Orlando, FL"
Tue May 07 10:11:41 +0000 2019,To my favorite 2019 OSU grads: \\n\ welcome to adulthood!! \\ncc:   ,The Ohio State University College Of Public Health
Tue May 07 10:11:41 +0000 2019," you can shoot an unarmed, naked POW, serve only 5 years in jail for that war crime and then get\ ","Cleveland, OH"
Tue May 07 10:11:40 +0000 2019, Congratulations \,"Madison Center, CT"
Tue May 07 10:11:40 +0000 2019,Ball Is Life: The Bachelor ,"Honolulu, HI"
Tue May 07 10:11:40 +0000 2019," I proudly agree. No muslims infiltrating America! Assimilate or get the hell out!'""","Northwood, OH"
Tue May 07 10:11:40 +0000 2019,"Somebody take James phone. It\ passed his bedtime'""","Georgia, USA"
Tue May 07 10:11:39 +0000 2019,LOW WATER CROSSING #UPDATE: Currently 84 crossings are still closed around the #Austin area. For the latest info he\ ,"Austin, TX"
Tue May 07 10:11:39 +0000 2019,eats chicken tender with happy tears \ ,"Azusa, CA"
Tue May 07 10:11:38 +0000 2019,"ROM1:18-32  In man\ quest to find something that fulfills, other than God he has traded the truth of God for a lie\ ","New York, USA"
Tue May 07 10:12:20 +0000 2019," you too friend.!!'""","Virginia Beach, VA"
Tue May 07 10:12:18 +0000 2019,Is this the greatest gaffe of all time in #television history ? A #Starbucks cup left clearly in view in this week\ ,"Queens, NY"
Tue May 07 10:12:18 +0000 2019,Happy birthday baby!!!!!!! \ ,"Findlay, OH"
Tue May 07 10:12:18 +0000 2019,"how do i stay awake this long and live my life'""","Lakeland Heights, TX"
Tue May 07 10:12:18 +0000 2019,#GabriellaCurry \\n,"Cahokia, IL"
Tue May 07 10:12:18 +0000 2019,"#GoodMorning (@ The Forbidden Forrest in Hogwarts, VA w/   ","Virginia, USA"
Tue May 07 10:12:18 +0000 2019, I\'m guilty I wont lie. ,"Ohio, USA"
Tue May 07 10:12:18 +0000 2019,"Yo this has been the longest 12 hour shift ever I am ready to fucking GOOO'""","South Bend, IN"
Tue May 07 10:12:17 +0000 2019, I am with you on that..\,"Burlington, MA"
Tue May 07 10:12:17 +0000 2019,"Cleared: Closure on #54ThStreet EB from New Utrecht Avenue to 14th Avenue'""","Brooklyn, NY"
Tue May 07 10:12:17 +0000 2019," Let\'s start with the Super Bowl. Is a second round nhl game 7 better than the Super Bowl?""'","Texas, USA"
Tue May 07 10:12:17 +0000 2019,On the white board in the kitchen this morning. #truth @ The Ritz-Carlton Chicago ,"Chicago, IL"
Tue May 07 10:12:16 +0000 2019,"Ok now THIS is funny. And the thread is pretty good, too. ","Georgetown, KY"
Tue May 07 10:12:16 +0000 2019,"  This is always good advice!'""","Omaha, NE"
Tue May 07 10:12:16 +0000 2019,"Being awake rn is so unnecessary'""","Las Vegas, NV"
Tue May 07 10:12:15 +0000 2019,"Only 4 days until the  walk in Cleveland and I still have $1,216 to go to reach my $5,000 goal. Every\ ","Aurora, OH"
Tue May 07 10:12:15 +0000 2019,So I just recently discovered this old Jacquees album from 2014 called \ and I\ honestly heated that nobody put me on to this\,"San Jose, CA"
Tue May 07 10:12:13 +0000 2019, manages to be spectacularly wrong better than just about anyone  ,"Arlington, VA"
Tue May 07 10:12:13 +0000 2019,"Day 7/7 and an opening shift at that.. Needless to say, this iced coffee is everything rn'""","Gainesville, FL"
Tue May 07 10:12:12 +0000 2019,  has to run as the next FDR while keeping his platform as it is. Running as a Democratic Soci\ ,"Texas, USA"
Tue May 07 10:12:12 +0000 2019,I cry too much wtf is going on\,"San Angelo, TX"
Tue May 07 10:26:57 +0000 2019," Not at all!  You are doing the right thing.  Keep it up!'""","Oregon, USA"
Tue May 07 10:26:56 +0000 2019,"Intent \ matters. This intention, would cause more philanthropic investment(s) to be made. ","Manhattan, NY"
Tue May 07 10:26:56 +0000 2019,"I\ literally a night owl during Ramazan'""","Trinity, FL"
Tue May 07 10:26:54 +0000 2019, Thank you ,"Little Rock, AR"
Tue May 07 10:26:54 +0000 2019," If this is a friend, I only have my sister'""","Houston, TX"
Tue May 07 10:26:54 +0000 2019,"Greensboro: 6:20am: sunrise\\nsunset will be at 8:10pm'""","Greensboro, NC"
Tue May 07 10:26:54 +0000 2019,  but the catch 22 of it all is you have to ask her permission and do it just right on the\ ,"Henderson, NV"
Tue May 07 10:26:54 +0000 2019,"'""If you have the opportunity to do something, then you should."" \ Navy Seaman David Miller ","Ramsey, NJ"
Tue May 07 10:26:54 +0000 2019,The Island Of Swaggari Season 2 in Las Vegas this July. Stay glued for more updates.  ,"Las Vegas, NV"
Tue May 07 10:26:54 +0000 2019,"  Douglas didn\'t end production of the DC-10 after it\'s problems were fixed. For example, Sou\ ","Greenbelt, MD"
Tue May 07 10:26:54 +0000 2019," It doesn\ stop... you could be married and they still do it.. lmao...'""","San Antonio, TX"
Tue May 07 10:26:54 +0000 2019,"Getting ready for summer with some fresh highlites for Sam! \\nTo keep her blonde hair crisp, bright and clean we use\ ","Omaha, NE"
Tue May 07 10:26:53 +0000 2019,#RECOGNIZEYOURWORTH #RYW #DIEEPIC #LEGION #IMPACT #ROH #CHIKARA #ROCKSTARPRO #WRESTLING #SUPREME #BIZARROLUCHA\ ,"Greenwood, IN"
Tue May 07 10:26:53 +0000 2019,"  And yesterday definitely isn\ the only race this year I haven\ watched or recorded a single lap of.'""","Cincinnati, OH"
Tue May 07 10:26:52 +0000 2019,"' ""Practice? We talkin bout practice?""\''","Attleboro, MA"
Tue May 07 10:26:51 +0000 2019,"  Stuff like this is why complex is the worst form of media out'""","Orlando, FL"
Tue May 07 10:26:51 +0000 2019, \ \ \ \ \ \ \ \ \ \ \ \ \ \,"Minneapolis, MN"
Tue May 07 10:26:51 +0000 2019,For fucks sake ,"Bridgeport, CT"
Tue May 07 10:26:51 +0000 2019," Scare tactic!'""","Houghton, MI"
Tue May 07 10:26:50 +0000 2019," yourTwitter harem is worried about you!!!'""","Appleton, MN"
Tue May 07 10:26:49 +0000 2019,fbcdn-sphotos-e-a... #humor #laugh #grin #laughable ,"Texas, USA"
Tue May 07 10:26:49 +0000 2019,Good mornaaan y\ \,"Brooklyn, NY"
Tue May 07 10:26:48 +0000 2019,Last shots of #EPICCON19 then back to work again. \ @ Lake Las Vegas ,"Nevada, USA"
Tue May 07 10:26:48 +0000 2019,"Gracias x100 pre'""","Bayamn, USA"
Tue May 07 10:26:48 +0000 2019,I can never declutter  from my life!  ,"Florida, USA"
Tue May 07 10:26:48 +0000 2019," Could be a baaaabyyyyyt \ ! Ooohhh I\ be they boujie ass auntyyytt'""","Lancaster, TX"
Tue May 07 10:26:48 +0000 2019," There is no better professional community! And the icing on the cake is these relationships, when nu\ ","Wisconsin, USA"
Tue May 07 10:26:48 +0000 2019,"I look like a boy with my hair up lol'""","Celina, OH"
Tue May 07 10:26:47 +0000 2019,"If you missed out last week, Make sure not to miss out and make your way this Friday.  loveontopbk\ ","Brooklyn, NY"
Tue May 07 10:26:47 +0000 2019,Proud to be celebrating our #NYPQueensnurses  during #Nursesweek !\\nThe teams had an amazing display of various skil\ ,"Manhattan, NY"
Tue May 07 10:26:47 +0000 2019, I lost interest after the 2nd season!! \,"Denver, CO"
Tue May 07 10:26:46 +0000 2019,"Life hack: \\n\\ndrinking milk on the expiration date gives it an orange-flavored sour taste! \\n\\nBasically a new flavor of milk'""","Virginia Beach, VA"
Tue May 07 10:26:46 +0000 2019,Anger over rabidly anti-gay U.S. pastor\ planned visit to Ireland  via ,"Philadelphia, PA"
Tue May 07 10:26:46 +0000 2019,  You guys \,"Provo, UT"
Tue May 07 10:26:44 +0000 2019,"Woke up at 6:24 on the dot and for those of u who know what that means to me....ya know my day gonna be so good'""","Florida, USA"
Tue May 07 10:26:43 +0000 2019,  Big Howard fan and now a huge Maren fan. Interview was refreshingly real as Howard always\ ,"Weston, FL"
Tue May 07 10:26:42 +0000 2019, I really try to just mind my business when it comes to her & just avoid her (because she\ annoying)\ ,"Coral Springs, FL"
Tue May 07 10:26:42 +0000 2019,"  Heard that episode was $200m to film. Don\ think it was budget.'""","Michigan, USA"
Tue May 07 10:26:41 +0000 2019,   Usually the threads stay pretty threaded \,"Florida, USA"
Tue May 07 10:26:41 +0000 2019,"I got up and exercised. I mean, it was barely anything but it\ the thought that counts, right?'""","Coralville, IA"
Tue May 07 10:26:41 +0000 2019,"if she hatin, tell that bitch to let it goooo'""","Los Angeles, CA"
Tue May 07 10:26:41 +0000 2019," Me too.  But i have some things I need to do later this morning. I\'ll burn one this afternoon.""'","Florida, USA"
Tue May 07 10:26:40 +0000 2019, Complete election reform. A Texas senator now writing a law would be elligal to give rides to the elderly\ ,"Lawton, OK"
Tue May 07 10:26:40 +0000 2019,"  No, it is in White House!'""","Oro Valley, AZ"
Tue May 07 10:26:39 +0000 2019,#AsthmaChat at 2 p.m. ET today. Join    &  on #WorldAsthmaDay ,"Philadelphia, PA"
Tue May 07 10:26:39 +0000 2019,"  Promising'""","Norristown, PA"
Tue May 07 10:26:39 +0000 2019,"   His record clearly reflects it. See Helsinki.'""","Pennsylvania, USA"
Tue May 07 10:26:38 +0000 2019,"Beverage worthy of a Khaleesi. #GoT @ Newton, Massachusetts ","Newton, MA"
Tue May 07 10:26:38 +0000 2019," News, Traffic, Weather! #thebest #inthemorning #news8 ","East Haven, CT"
Tue May 07 10:26:37 +0000 2019,"6:20am: sunrise\\nsunset will be at 8:38pm'""","Redford, MI"
Tue May 07 10:26:37 +0000 2019,"  Looking great!'""",Hastings on Hudson
Tue May 07 10:26:37 +0000 2019,This is only sort-of funny and perhaps a whole-lot true! #menopause #humor #moodswings #funniness #chuckle #grin\ ,"Texas, USA"
Tue May 07 10:26:36 +0000 2019,"All American last episode GOT ME IN TEARS BRO. SEASON 2 HURRY TF UP'""","Maili, HI"
Tue May 07 10:26:35 +0000 2019,Frank Ocean was dressed like he had to pick up a shift after the #METGala.\\n\\n ,"Philadelphia, PA"
Tue May 07 10:26:35 +0000 2019," PanterA. Planet caravan.'""","Alabama, USA"
Tue May 07 10:26:35 +0000 2019,Just got my shit sold in rec. There goes my elite 2. Was on a 100 game win streak\,"Memphis, TN"
Tue May 07 10:26:34 +0000 2019,Still one of my favorite lines ever \ ,"New York, USA"
Tue May 07 10:26:34 +0000 2019,One #acoustic show #MemorialDayWeekend #Friday #May 24th at  #livemusic #philly #FridayFeeling\ ,"Pennsylvania, USA"
Tue May 07 10:26:34 +0000 2019, And This is why #BlackPeople are Scared of #revolution. \\n#TheLastPoets\\n#GilScottHeron\\n#BraWillie\\n\\nThe Vio\ ,"New York, NY"
Tue May 07 10:26:34 +0000 2019,I wanna enjoy the luxury of like .. not knowing each other for real \,"Camp Pendleton North, CA"
Tue May 07 10:26:33 +0000 2019," Timing is awful...'""","Houston, TX"
Tue May 07 10:26:33 +0000 2019,"Right lane blocked in #Philadelphia on I-95 SB at Allegheny Ave, jammed back to Cottman Ave, delay of 14 mins\ ","Philadelphia, PA"
Tue May 07 10:26:33 +0000 2019,Happy Tuesday Morning!  Here\'s one of my fav shots of Tiger \ last year!  \\n\\nEvery1 was there 4 him!  I had my B12 s\ ,"Scottsdale, AZ"
Tue May 07 10:26:32 +0000 2019,"   GO Trojans!!! My twins are going to Knox right now!'""","Salisbury, NC"
Tue May 07 10:26:32 +0000 2019,"I\ mf tieeeed'""","Monahans, TX"
Tue May 07 10:26:31 +0000 2019,"Been thinking bout this game since we loss'""","Philadelphia, PA"
Tue May 07 10:26:29 +0000 2019," Dracarys'""","Boston, MA"
Tue May 07 10:26:29 +0000 2019," I love when I find a  #GIF that fits the situation.'""","Saline, MI"
Tue May 07 10:26:29 +0000 2019," Last years Pittsburgh game. Up until that point I knew were going to make a playoff run. I don\ even think about that game'""","Monroe, NC"
Tue May 07 10:26:28 +0000 2019, For the same reason you go over exams in HS after the teacher hands them back. Not everyone gets the q\ ,"Bowling Green, OH"
Tue May 07 10:26:28 +0000 2019,Medicated Just To Keep it Movin\ .. \,"Compton, CA"
Tue May 07 10:26:27 +0000 2019,"  use ABH products in almost every single look I create, I really hope  notices me\ ","Apple Valley, CA"
Tue May 07 10:26:25 +0000 2019," Fuck that after my iphone 8 plus im going back to android'""","Union, NJ"
Tue May 07 10:26:25 +0000 2019,How Retailers and Wall Street Are Responding to Trump\ Latest Tariff Threat  via ,"Manhattan, NY"
Tue May 07 10:26:25 +0000 2019,Lep\ rauhassa Turkin demokratia   ,"Bethesda, MD"
Tue May 07 10:26:24 +0000 2019,Chick fil a ,"Terre Haute, IN"
Tue May 07 10:26:24 +0000 2019,I\ still kickin\,"Kingsville, TX"
Tue May 07 10:26:23 +0000 2019,Among great company with  colleagues. ,"Iselin, NJ"
Tue May 07 10:26:23 +0000 2019,#Like #Music ,"Queens, NY"
Tue May 07 10:26:22 +0000 2019," A man can dream, sir. A man can dream.'""","Kentucky, USA"
Tue May 07 10:26:22 +0000 2019," we need the weather report for baseball games tonight.  #kidpitch'""","Fairview Lanes, OH"
Tue May 07 10:26:22 +0000 2019," KEEP SINGING THAT SONG! Maybe you\ believe it if you repeat it enough!!!'""","Heath, TX"
Tue May 07 10:26:22 +0000 2019,pets #comedy #chuckle #grin #absurd ,"Fremont, CA"
Tue May 07 10:26:22 +0000 2019,Honored to speak at Primed 2019 conference in Houston last Friday!  Raising awareness about\ ,"Houston, TX"
Tue May 07 10:26:21 +0000 2019,"What is your reason of hating me man why cause your girl dating me man'""","Peabody, MA"
Tue May 07 10:26:21 +0000 2019,"6:20am: sunrise\\nsunset will be at 8:10pm'""","Greensboro, NC"
Tue May 07 10:26:21 +0000 2019,Lil unlovable dipshit ,"New Orleans, LA"
Tue May 07 10:26:21 +0000 2019,"running cat, taken just at the right time so he looks like a speeding bullet.. Bahahaha... #hilarity #tee-hee\ ","Las Vegas, NV"
Tue May 07 10:26:21 +0000 2019,Thank you   for having me on to discuss the decision Denver residents will make today o\ ,KWGN / Fox 31 Studios
