Date,Tweet
Date,eet',Country
Sat Jun 08 23:59:59 +0000 2019,More pictures from my cousin\ graduation party. (Not taken by me) #graduation #party #graduationparty #schoolcraft\ ,"Michigan, USA"
Sat Jun 08 23:59:59 +0000 2019,"   No, thats great.'""","Florida, USA"
Sat Jun 08 23:59:59 +0000 2019,"Currently in a ramen coma'""","Paradise, NV"
Sat Jun 08 23:59:59 +0000 2019,"Bases loaded again.'""","Monterey Park, CA"
Sat Jun 08 23:59:59 +0000 2019,"#oldman #comedy #funny #uncle #granddaddy #humor @ Marietta, Georgia ","Marietta, GA"
Sat Jun 08 23:59:59 +0000 2019," So sorry for your loss -'""","New Jersey, USA"
Sat Jun 08 23:59:59 +0000 2019,Day 50.... Its About Compassion and Mission as you can see from Bishop Peter with the refugee community.\ ,"Florida, USA"
Sat Jun 08 23:59:59 +0000 2019,"Wind 1.9 mph NE. Barometer 29.83 in, Steady. Temperature 81.3 \ Rain today 0.00 in. Humidity 54%'""","Petersburg, IL"
Sat Jun 08 23:59:59 +0000 2019,Why if we want to get an Empire Carpet for next day just call #EmpireToday dial 312-588-2300! \ ,"West Islip, NY"
Sat Jun 08 23:59:59 +0000 2019,"Next one almost done... then I wait until Tuesday for more interfacing, ugh!\\n#brookendreams\ ","San Jacinto, CA"
Sat Jun 08 23:59:59 +0000 2019,Had a great time at the SFA showcase camp today ! Learned a lot of great things from some outstanding coaches out t\ ,"Longview, TX"
Sat Jun 08 23:59:58 +0000 2019,Or they can just throw him in a dumpster were he belongs ,"Paramount, CA"
Sat Jun 08 23:59:58 +0000 2019,Sometimes I love when customers open up to me. This customer was telling me about how her son is a teenager and has\ ,"Chamblee, GA"
Sat Jun 08 23:59:58 +0000 2019,Drinking a JZ\'s Hay-Z by Stolen Sun Craft Brewing & Roasting Co. @ Wilson\'s Pub \ ,"Pennsylvania, USA"
Sat Jun 08 23:59:58 +0000 2019,"Alright no need to be dramatic'""","San Bernardino, CA"
Sat Jun 08 23:59:58 +0000 2019,"  Agreed actually.'""","Jersey City, NJ"
Sat Jun 08 23:59:58 +0000 2019,"Wheres  ??'""","Boston, MA"
Sat Jun 08 23:59:58 +0000 2019,Aria was fighting a fever all night last night and a little bit today so let\ pray she can get a good nights rest\ ,"Celina, OH"
Sat Jun 08 23:59:58 +0000 2019, Quite!  \,"Sarasota Springs, FL"
Sat Jun 08 23:59:58 +0000 2019,Drinking a Goofy Regular by  @ Best Pizza & Brew \ ,"San Diego, CA"
Sat Jun 08 23:59:57 +0000 2019,"  Please describe the flavor'""","Tempe, AZ"
Sat Jun 08 23:59:57 +0000 2019,No words. None. #arwx #ARFlood19 ,Holla Bend National Wildlife Refuge
Sat Jun 08 23:59:57 +0000 2019,unga bunga back in day we make house with wood and toilet with hole in ground ,"Chicago, IL"
Sat Jun 08 23:59:57 +0000 2019, Respect \ \,"Colorado, USA"
Sat Jun 08 23:59:57 +0000 2019," Hell yeah. I\ excited, it\ been a minute. Might try a pasta with no meat just to see how these stand up on their own.'""","Idaho, USA"
Sat Jun 08 23:59:57 +0000 2019,"Great job, Team! ","Kentwood, MI"
Sat Jun 08 23:59:57 +0000 2019,I\ just gonna say fuck it and start a whole new life here in San Antonio \,"San Antonio, TX"
Sat Jun 08 23:59:57 +0000 2019,"And he calls that a ball?  Lmao i hate umps'""","Teays Valley, WV"
Sat Jun 08 23:59:57 +0000 2019,"This girl can give me heartburn like no other, but dang I\ gonna miss the Bulgarian Princess.  Her dedication comm\ ","Austin, TX"
Sat Jun 08 23:59:57 +0000 2019,"This job might be a great fit for you: Merchandise Planner, Sports & Rec - Fitness -  #Purchasing #Katy, TX'""","Katy, TX"
Sat Jun 08 23:59:57 +0000 2019,Ain\ no block party bih someone\ shooting it up ,"Washington, DC"
Sat Jun 08 23:59:57 +0000 2019, Noooooooo!! ,"Austin, TX"
Sat Jun 08 23:59:57 +0000 2019,"It turned out to be a beautiful day, it\'s time to #getoutside! But first, come see us for some great #hiking ideas!\ ","Seattle, WA"
Sat Jun 08 23:59:57 +0000 2019,This guy is a legend. ,"Maine, USA"
Sat Jun 08 23:59:57 +0000 2019,"If you\'re looking for work in #Caldwell, ID, check out this #Sales job via the link in our bio: Store Counter Sales at O\'Reilly Auto Parts""'","Caldwell, ID"
Sat Jun 08 23:59:56 +0000 2019,"'      Please name a ""far left"" person he\\\'s had on. Please.\''","Omaha, NE"
Sat Jun 08 23:59:56 +0000 2019,No reports of injuries.  says the threat has been contained telling people \ you at the block par\ ,"Arlington, VA"
Sat Jun 08 23:59:56 +0000 2019," BRO WHAT IS THIS'""","Brooklyn, NY"
Sat Jun 08 23:59:56 +0000 2019,"KB needs to throw a pitch from there... gotta get it down'""","Sanford, NC"
Sat Jun 08 23:59:56 +0000 2019," Long term? Lol it\'s been like this since the 70s or earlier.""'","Bend, OR"
Sat Jun 08 23:59:56 +0000 2019," Congrats!!! \ Can\ wait to see you shine even brighter!'""","Duarte, CA"
Sat Jun 08 23:59:56 +0000 2019,"Also this is me talking to every European art dealer who has ever wanted to consign my work and PEOPLE, THIS IS A BAD MOVE'""","Jersey City, NJ"
Sat Jun 08 23:59:56 +0000 2019,So apparently my mom punched another mom at my brothers graduation because the lady called my brother an asshole.. i love my mom :\,"Eugene, OR"
Sat Jun 08 23:59:56 +0000 2019, Kyrie and KD to the nets \,"Brentwood, CA"
Sat Jun 08 23:59:55 +0000 2019,"Judging from the #JediFallenOrder gameplay footage released today, it looks like there are multiple Shelob spider c\ ","North Carolina, USA"
Sat Jun 08 23:59:55 +0000 2019,5.11.19 -- My beautiful cousins! ,"Kansas City, MO"
Sat Jun 08 23:59:55 +0000 2019,"what is home when you feel like you don\ belong anywhere?'""","Michigan, USA"
Sat Jun 08 23:59:55 +0000 2019,"NOBODY but God && My mama PERIODT !'""","St Louis, MO"
Sat Jun 08 23:59:54 +0000 2019," Awright!'""","Middleborough Center, MA"
Sat Jun 08 23:59:54 +0000 2019,        De casualidad t\ ,"Missouri City, TX"
Sat Jun 08 23:59:54 +0000 2019," Agreed, lol.'""","Los Angeles, CA"
Sat Jun 08 23:59:54 +0000 2019,"#m1ghtylion @ Brisbane, California ","Brisbane, CA"
Sat Jun 08 23:59:53 +0000 2019,"  Except Baum stadium at 11 this morning'""","Arkansas, USA"
Sat Jun 08 23:59:53 +0000 2019,"  Diplomatic malpractice'""","Kentucky, USA"
Sat Jun 08 23:59:53 +0000 2019,"Summertime flowers and vines, hope to get some blossoms on this Moonflower soon! #June #patiovibes @ Leawood, Kansas ","Leawood, KS"
Sat Jun 08 23:59:53 +0000 2019," Tru'""","Missouri, USA"
Sat Jun 08 23:59:53 +0000 2019,Day 1 of  is up!!\\n#efnw2019 \\n\\n,"Radnor Township, PA"
Sat Jun 08 23:59:53 +0000 2019,"I\ doing good, hbu ","Hampton, VA"
Sat Jun 08 23:59:53 +0000 2019, #Volunteers presented a check to  for the #WalkGreen19 - #Dallas. ,"Irving, TX"
Sat Jun 08 23:59:53 +0000 2019," they need to kill that nigga son, how the fuck you do that to a baby. that shit makes me sick'""","Latimer, MS"
Sat Jun 08 23:59:53 +0000 2019,"Had to let go of Sprint'""","Georgia, USA"
Sat Jun 08 23:59:53 +0000 2019,When your waiting for your friends to make moves! #ammazza #waiting #vans #rossylsd #foodtravelanddrinks #views\ ,"Atlanta, GA"
Sat Jun 08 23:59:52 +0000 2019,"So I bought a dog'""","Ohio, USA"
Sat Jun 08 23:59:52 +0000 2019,I just got video footage of my dad ripping it to hella good at dantes graduation party \ today June 8th the 15t\ ,"Nevada, USA"
Sat Jun 08 23:59:52 +0000 2019," Sorry to hear that. Hope it is not serious and that you recover immediately!!'""","Carefree, AZ"
Sat Jun 08 23:59:52 +0000 2019,"stan smith mcqueens'""","Aguada, Puerto Rico"
Sat Jun 08 23:59:52 +0000 2019,"Lady Warriors finish pool play 3-1, and will play at 9 tomorrow morning against 0-4 Lake Mary. It\ win or go home\","Tampa, FL"
Sat Jun 08 23:59:52 +0000 2019,"   That is right   They are so weak'""","Iowa, USA"
Sat Jun 08 23:59:52 +0000 2019, #2A \\n#SafetySaturday ,"Oklahoma, USA"
Sat Jun 08 23:59:52 +0000 2019,"Dry shampoo really is a modern miracle'""","Burlington, MA"
Sat Jun 08 23:59:52 +0000 2019,"See our latest #Burbank, CA job and click to apply: ACCOUNTING MANAGER -  #Accounting'""","Burbank, CA"
Sat Jun 08 23:59:52 +0000 2019, KAGA 2020!!!\,"Killeen, TX"
Sat Jun 08 23:59:52 +0000 2019," Said no one west of 9th street'""","Louisville, KY"
Sat Jun 08 23:59:52 +0000 2019,"No cap. I\ lit'""","Arkansas, USA"
Sat Jun 08 23:59:52 +0000 2019,,"Phoenix, AZ"
Sat Jun 08 23:59:52 +0000 2019,My allergies are kicking my ass rn \,"San Antonio, TX"
Sat Jun 08 23:59:52 +0000 2019," Agree.  Right now there are a lot of states I will never voluntarily step foot in.'""","Flint, MI"
Sat Jun 08 23:59:51 +0000 2019,Any face mask suggestions? ,"Richmond, VA"
Sat Jun 08 23:59:51 +0000 2019,"Did I just slide in someone\'s DMs? Who am I?""'","University, FL"
Sat Jun 08 23:59:51 +0000 2019,"'Stop staring at the clock every day. It\\\'s time for a new career. Follow us to view jobs with titles like ""Store Cou\ ","Ontario, OR"
Sat Jun 08 23:59:51 +0000 2019," Free people, should be free to market, whatever God plants without the pot providers calling common\ ","Pennsylvania, USA"
Sat Jun 08 23:59:51 +0000 2019,Og triple og straight Merkin with America\'s team the  chillen #patriots #patsnation #TomBrady #newengland\ ,"Florida, USA"
Sat Jun 08 23:59:51 +0000 2019,"Update: We\ getting 11 INCHES of rain'""","Cricket, NC"
Sat Jun 08 23:59:51 +0000 2019," Adoption'""","Beaumont, CA"
Sat Jun 08 23:59:51 +0000 2019,"'""Repentant"", my  he got caught.\\nGreat for the info but I\\\'d NEVER trust him beyond his squeal! ",United States
Sat Jun 08 23:59:51 +0000 2019," PSPS this morning in various areas around there.'""","California, USA"
Sat Jun 08 23:59:51 +0000 2019,"   what if Cal and BoB walked in and were like hey Gaine; Patrick Peterson,\ ","Houston, TX"
Sat Jun 08 23:59:51 +0000 2019,"On the Rail, Stage Right!'""","New Hampshire, USA"
Sat Jun 08 23:59:51 +0000 2019,Everyone is hating my yellow Nike\ \,"El Paso, TX"
Sat Jun 08 23:59:51 +0000 2019,"W\ @ Laguna Beach, California ","Laguna Beach, CA"
Sat Jun 08 23:59:51 +0000 2019,"' I find Colourpop usually has a nice selection of ""fuck you"" shades\''","San Francisco, CA"
Sat Jun 08 23:59:51 +0000 2019,ANY remaining questions why we NEED pride parades and DO NOT NEED straight pride parades?\\n\\ngrateful the threat has\ ,"Portland, ME"
Sat Jun 08 23:59:51 +0000 2019,"  I\ throw in a hug and a drink for Andy!'""","Irvine, CA"
Sat Jun 08 23:59:51 +0000 2019," NOPE'""","Davenport, IA"
Sat Jun 08 23:59:51 +0000 2019,#artboy ,"Duluth, MN"
Sat Jun 08 23:59:51 +0000 2019,"    wtfff'""","Pennsylvania, USA"
Sat Jun 08 23:59:51 +0000 2019,I thought I grab the photos I printed out for my dorm this year but I grabbed the ones from freshman year.... with\ ,"Tonawanda, NY"
Sat Jun 08 23:59:51 +0000 2019,"#ultimategourmetfries #charleysphillysteaks @ North Salinas, Salinas ","Salinas, CA"
Sat Jun 08 23:59:51 +0000 2019,Now that my track season has concluded it\ time for football\ Heading down to Liberty University tomorrow for\ ,"Virginia, USA"
Sat Jun 08 23:59:51 +0000 2019," You\ enjoy'""","Suitland, MD"
Sat Jun 08 23:59:51 +0000 2019,"  People wisely keep their distance. She\ the kind of drinker that should be cut off after having one'""","Brooklyn, NY"
Sat Jun 08 23:59:50 +0000 2019,"   FACTS'""","Houston, TX"
Sat Jun 08 23:59:50 +0000 2019,"Accept what it is, or chase your dreams'""","Durham, NC"
Sat Jun 08 23:59:50 +0000 2019,I can\'t believe some Cowboys fans still use rings as an argument\,"Los Angeles, CA"
Sat Jun 08 23:59:50 +0000 2019, Not in Dallas. \,"Texarkana, TX"
Sat Jun 08 23:59:50 +0000 2019,"  This is my fourth time here and this is the worst'""","Minneapolis, MN"
Sat Jun 08 23:59:50 +0000 2019," I think the Brazilian gets it done'""","Visalia, CA"
Sat Jun 08 23:59:49 +0000 2019,"Agarenme que estoy del diablo hoy'""","Manhattan, NY"
Sat Jun 08 23:59:49 +0000 2019, Lots of people say they like the Sun until they have to work in it! \,"Texas, USA"
Sat Jun 08 23:59:49 +0000 2019, haha ,"Riverton, WY"
Sat Jun 08 23:59:49 +0000 2019,Same energy. #ArtistOnTwitter ,"Holland, OH"
Sat Jun 08 23:59:49 +0000 2019,"  lmao who tf cares'""","Los Angeles, CA"
Sat Jun 08 23:59:49 +0000 2019,Having a great dinner at Amuse and checking up on waitress in training   #tipyourserver @ Amus\ ,"Medina, OH"
Sat Jun 08 23:59:49 +0000 2019,"  Absolutely!'""","Texas, USA"
Sat Jun 08 23:59:49 +0000 2019,"   I didn\ notice the feet missing until you mentioned it, silly!'""","Milwaukee, WI"
Sat Jun 08 23:59:49 +0000 2019,"If you got pretty toes why they not in my mouf'""","Moreno Valley, CA"
Sat Jun 08 23:59:49 +0000 2019,He\ crushing basketball fans EVERYWHERE ,"Pennsylvania, USA"
Sat Jun 08 23:59:49 +0000 2019,"I need a drink so bad SO BAD!'""","San Antonio, TX"
Sat Jun 08 23:59:49 +0000 2019,"**NEW** Flash Flood Warning issued for Catawba, Caldwell and Lincoln Counties until 10 pm.   ","Hickory, NC"
Sat Jun 08 23:59:49 +0000 2019," Susie!!!! I can\'t wait to see you too!!!""'","San Diego, CA"
Sat Jun 08 23:59:49 +0000 2019,This is what being at a convention for almost nine hours does to you. #animenext ,Atlantic City Convention Center
Sat Jun 08 23:59:48 +0000 2019," It amazes me how the truth is always the exact opposite of everything  says.'""","Charlotte, NC"
Sat Jun 08 23:59:48 +0000 2019,I like this idea... ,"Elizabethtown, NC"
Sat Jun 08 23:59:48 +0000 2019,Show 2 - Be more Chill \ \ \ #Theatre #Broadway #NewYork #squipsquad #bemorechill @ Lyceum Theatre (New York City) ,"Manhattan, NY"
Sat Jun 08 23:59:48 +0000 2019,"What does Tumeric taste like in it\'s natural, non-spice form?""'","Vancouver, WA"
Sat Jun 08 23:59:48 +0000 2019,Lol caption this yall. \\n\\nSN. I really do act like a granny ,"Ann Arbor, MI"
Sat Jun 08 23:59:48 +0000 2019,"360 Hot Laps are complete and fastest overall is  with a lap of 15.999! #HyVee'""","Knoxville, IA"
Sat Jun 08 23:59:48 +0000 2019, Read and then come back to me....\\n\\n,"Monroe, NY"
Sat Jun 08 23:59:48 +0000 2019,"'Want to land a job like ""Mail Room"" at OfficeTeam? Applicant tracking systems look for specific keywords. Use the r\ ","Fremont, CA"
Sat Jun 08 23:59:47 +0000 2019,Dugans on Ponce ,"Georgia, USA"
Sat Jun 08 23:59:47 +0000 2019," Those are for your nipples.'""","Orting, WA"
Sat Jun 08 23:59:47 +0000 2019,"   henceforth I will be known as Bob from St. Meatersburg.'""","Jackson, MS"
Sat Jun 08 23:59:47 +0000 2019," Dude, right... I cried LOL \","Dinuba, CA"
Sat Jun 08 23:59:47 +0000 2019,"Believe in the fans who believe in you!'""","Salem, MA"
Sat Jun 08 23:59:47 +0000 2019,Dinner and concert type of night! Don\ mind if I do! ,"Mississippi, USA"
Sat Jun 08 23:59:47 +0000 2019," Dude,  it\'s bonkers.  I grabbed a drink a few blocks away because f that.""'","Minneapolis, MN"
Sat Jun 08 23:59:47 +0000 2019,"Don\ just do it , to do it..'""","Texas, USA"
Sat Jun 08 23:59:47 +0000 2019,Zelda ocarina of time ,"Philadelphia, PA"
Sat Jun 08 23:59:46 +0000 2019,WTF ,"Los Angeles, CA"
Sat Jun 08 23:59:46 +0000 2019,     Lmaoo whatch this \,"Waterford, MI"
Sat Jun 08 23:59:46 +0000 2019,i get excited when i order a customized doormat for our new house \,"Colorado, USA"
Sat Jun 08 23:59:46 +0000 2019,    \,"Houston, TX"
Sat Jun 08 23:59:46 +0000 2019,"I\ in love with Boston'""","Boston, MA"
Sat Jun 08 23:59:46 +0000 2019,"Let\'s go head and FF this summer time B.S. already,I don\'t do this hot AF ass weather for nada....Ready for the Fal\ ","Arroyo Grande, CA"
Sat Jun 08 23:59:46 +0000 2019, \,"Henderson, NV"
Sat Jun 08 23:59:46 +0000 2019,"Tonight I\ introducing my four girlz to one my favorite movies of all time, \ Sheer comedic genius with this\ ","Wake Forest, NC"
Sat Jun 08 23:59:46 +0000 2019,Yan Xiaonan se mantiene invicta en UFC al vencer por decisi\ un\ a Angela Hill. Esta fue la 4ta pelea de Angel\ ,"Chicago, IL"
Sat Jun 08 23:59:45 +0000 2019, You CAN do that I suppose. \,"St Petersburg, FL"
Sat Jun 08 23:59:45 +0000 2019,"B-Main   Fin: Tyler Cartier, Bryan Cloutier, Dale Gosselin, Dave Axton DNQ Moffit, Pekkone\ ","Bronx, NY"
Sat Jun 08 23:59:45 +0000 2019," Ah. You might be right about that.'""","Detroit, MI"
Sat Jun 08 23:59:45 +0000 2019," What!? I guess I haven\'t been staring at you much lately. Well, try being almost 400lbs at one point with a tiny weiner...""'","Florida, USA"
Sat Jun 08 23:59:45 +0000 2019," bitcch iwanna fight because you told to big of a lie. clean ya damn putthygirl'""","Beaumont, TX"
Sat Jun 08 23:59:45 +0000 2019,"   I wouldn\ have expected anything less.'""","Hamburg, NY"
Sat Jun 08 23:59:45 +0000 2019," saw u in my nightmares'""","Bethlehem, PA"
Sat Jun 08 23:59:45 +0000 2019,"   You ain\ saying a damn thing, pull up then \","Florida, USA"
Sat Jun 08 23:59:45 +0000 2019,"I accidentally ordered pick up instead of delivery and now I have to put on a bra. \\n\\n#FirstWorldProblems'""","Marlborough, MA"
Sat Jun 08 23:59:45 +0000 2019,   \,"Austin, TX"
Sat Jun 08 23:59:45 +0000 2019,Beautiful night on the deck with #ardbeg #uigeadail #cheers Roy!  #islay #scotch #singlemalt #peated #peatedwhisky\ ,"Mentor, OH"
Sat Jun 08 23:59:45 +0000 2019,Threw up a dozen pictures from the 2002 Cup Final today between  Mann and  Elite who retook t\ ,"Creve Coeur, MO"
Sat Jun 08 23:59:45 +0000 2019,"  \ Hell yeah duuude'""","Sutton, MA"
Sat Jun 08 23:59:45 +0000 2019,Summer tumbling schedule starts June 17th! Have you grabbed your summer tumbling pass yet? ,"North Olmsted, OH"
Sat Jun 08 23:59:44 +0000 2019, Bottomless fries for everyone! ,"Forestville, MD"
Sat Jun 08 23:59:44 +0000 2019,"Just overheard my wife explaining #pride to our five year old son, telling him that everyone should be able to love\ ","Bridgeport, PA"
Sat Jun 08 23:59:44 +0000 2019,Cowart Hall 216 the T R A P\ ,"Panama City Beach, FL"
Sat Jun 08 23:59:44 +0000 2019,"Time for  #CalderCup'""","Cary, NC"
Sat Jun 08 23:59:44 +0000 2019,"I don\ know many people who spend 8 hours grading on a Saturday voluntarily, but these are some of the best educat\ ","Salt Lake City, UT"
Sat Jun 08 23:59:44 +0000 2019,Havnt been to a barnes and noble since I was a kid and being back into one today....... that store is lit afffff  \,"Houston, TX"
Sat Jun 08 23:59:44 +0000 2019,By the end of the summer I should know how to drive\,"New Haven, CT"
Sat Jun 08 23:59:44 +0000 2019,"just bought floor tix to  in september. cant wait for my new being to sprout'""","Middleton, MA"
Sat Jun 08 23:59:43 +0000 2019, The one I have planned for my as yet to be completed novel is a burning body chained to stakes in the\ ,"Ohio, USA"
Sat Jun 08 23:59:43 +0000 2019,I need to make myself exciting again \,"Southfield, MI"
Sat Jun 08 23:59:43 +0000 2019,Puerto Rican Festival 2019  \ ,"East Harlem, Manhattan"
Sat Jun 08 23:59:43 +0000 2019,Well this is just delightful. ,"Fort Mill, SC"
Sat Jun 08 23:59:43 +0000 2019,"Went paint balling at a bachelor party. I\ getting a paintball gun soon'""","Pennsylvania, USA"
Sat Jun 08 23:59:43 +0000 2019,You don\ Call nobody back or nunnn ,"Baker, LA"
Sat Jun 08 23:59:43 +0000 2019," Imma peep it soon'""","Baytown, TX"
Sat Jun 08 23:59:43 +0000 2019,"Home sweet home (^_^)(^_^) (@ Newport Village -  in Alexandria, VA)  ","Alexandria, VA"
Sat Jun 08 23:59:43 +0000 2019,"So I apologize to those I\ affected negatively, I\ a changed person and I\ gonna prove it, as long as you give me a chance to. 6/6/19'""","Pennsylvania, USA"
Sat Jun 08 23:59:43 +0000 2019,This \ ,"Staten Island, NY"
Sat Jun 08 23:59:43 +0000 2019,And we will summer in Rodanthe! ,"Easley, SC"
Sat Jun 08 23:59:42 +0000 2019,Enjoying a beautiful rainy evening on the Cottlestone Manor #porch with my sweetie shellyj1023 and my Puscifer.\ ,"Huntersville, NC"
Sat Jun 08 23:59:42 +0000 2019,"I\'m at Finley & Roosevelt Rd in Glen Ellyn, IL ","Glen Ellyn, IL"
Sat Jun 08 23:59:42 +0000 2019,Congratulations Grace and CSH girly lacrosse ,"Atlantic Beach, NY"
Sat Jun 08 23:59:42 +0000 2019,Lock this bitch up. ,"Visalia, CA"
Sat Jun 08 23:59:42 +0000 2019," Do it.'""","Wall, NJ"
Sat Jun 08 23:59:42 +0000 2019, Thank you Queen. I\'m incredibly nervous. And I know her time is limited so I gotta be precise. There\'s o\ ,"Winston-Salem, NC"
Sat Jun 08 23:59:42 +0000 2019,"Stunna good too had the place list, I just don\ listen to stunna like that.'""","Roanoke, VA"
Sat Jun 08 23:59:42 +0000 2019,Really?! Going to the grocery store!!! Lol ,"Florida, USA"
Sat Jun 08 23:59:42 +0000 2019,"  Congratulations to you all. This is huge accomplishment. You deserve to be proud.'""","Los Angeles, CA"
Sat Jun 08 23:59:42 +0000 2019,"I would just like to announce that day time drinking is 10x better \ #summertime @ Saint Petersburg, Florida ","St Petersburg, FL"
Sat Jun 08 23:59:42 +0000 2019,#DerangedDonald ,"Tampa, FL"
Sat Jun 08 23:59:42 +0000 2019,So good to see you again... A lot of people have forgot who u are.. Can\'t wait to see this game time ,"Germantown, MD"
Sat Jun 08 23:59:42 +0000 2019, I also can\ stand him in the  any longer either impeach the President or force him to re\ ,"Mount Vernon, VA"
Sat Jun 08 23:59:42 +0000 2019,Stop trying to talk to my boyfriend please and thanks\,"Massachusetts, USA"
Sat Jun 08 23:59:42 +0000 2019," Thank you, she\'ll probably end up being your best friend tomorrow!""'","Windham, NH"
Sat Jun 08 23:59:42 +0000 2019,"Trying the new Caramel Coconut Creme Pie frappuccino (@ Starbucks in Chula Vista, CA)  ","Chula Vista, CA"
Sat Jun 08 23:59:41 +0000 2019, did a M&G today and I didn\ even know till 3 hours later. I\ so mad. Thanks guys....  ,"Nashville, TN"
Sat Jun 08 23:59:41 +0000 2019,"Nena maldicion...'""","Waco, TX"
Sat Jun 08 23:59:41 +0000 2019,"Carp attempted a bunt with 2 strikes is an indication how low his confidence level is right now. #STLCards'""","Tennessee, USA"
Sat Jun 08 23:59:41 +0000 2019,"I\'m at Chinatown in Washington, DC ","Washington, DC"
Sat Jun 08 23:59:41 +0000 2019," adrenaline?'""","San Diego, CA"
Sat Jun 08 23:59:41 +0000 2019,Determined ,"Londonderry, NH"
Sat Jun 08 23:59:41 +0000 2019,"Shooting at pride? #CapitalPride2019'""","Washington, DC"
Sat Jun 08 23:59:41 +0000 2019, Purrrrrrr \,"Missouri, USA"
Sat Jun 08 23:59:41 +0000 2019," So, you\'re telling me that Fox\'s feed to MLB At Bat has s significant delay?""'","Varnville, SC"
Sat Jun 08 23:59:40 +0000 2019,      Hi Dave know you and Chris y\ sit\ ,"Booneville, MS"
Sat Jun 08 23:59:40 +0000 2019,#denverballoonguy with The Great \\n#davidrobinson AKA #theadmiral at a baby shower balloon decor build. He was so ch\ ,"Denver, CO"
Sat Jun 08 23:59:40 +0000 2019,"He is Mr President to you, however he needs a new name for you - some options:\\nWacko Waters\\nDing Dong Dummy\\nWaters\ ","Memphis, TN"
Sat Jun 08 23:59:40 +0000 2019,Who tf says doodle bug ,"Anaheim, CA"
Sat Jun 08 23:59:40 +0000 2019,I love a independent woman who can still take help even tho she don\ need it \,"Texas, USA"
Sat Jun 08 23:59:40 +0000 2019, follow back \,"Philadelphia, PA"
Sat Jun 08 23:59:40 +0000 2019,"Nicest giveaway I\ ever received. Or at least, nice giveaway I can ever remember receiving. #JuntosMiami ",Marlins Park
Sat Jun 08 23:59:40 +0000 2019,The cast of Toy Story 4 at Toy Story Land in Walt Disney World. What a summer for Keanu Reeves huh?\\n(\ Matt Strosh\ ,"Florida, USA"
Sat Jun 08 23:59:40 +0000 2019," Your son conned me into buying those too! Anything for the boy!'""","Round Rock, TX"
Sat Jun 08 23:59:40 +0000 2019,"so......... I\ joining a D&D campaign'""","Hampton, MI"
Sat Jun 08 23:59:39 +0000 2019,  WOW!!! I\ so tired of dealing with people like this\,"Carmel, IN"
Sat Jun 08 23:59:39 +0000 2019,"  Only thing better is if were a flat top'""","Oregon, USA"
Sat Jun 08 23:59:39 +0000 2019,"When Imm down ... Who where ?'""","St Louis, MO"
Sat Jun 08 23:59:39 +0000 2019,"Your body is an instrument..\\n\\nLet music be the medicine..\\n\\nAnd let dance be the cure.'""","Queens, NY"
Sat Jun 08 23:59:39 +0000 2019," #ToyStory4Sweepstakes ME PLEASE!!! Forky is my spirit animal!'""","Los Angeles, CA"
Sat Jun 08 23:59:39 +0000 2019," Oh, action shot \","Belmar, NJ"
Sat Jun 08 23:59:39 +0000 2019,  I would be such a dick to wooloo if this were true \,"Mountain House, CA"
Sat Jun 08 23:59:39 +0000 2019, \ ,"Fullerton, CA"
Sat Jun 08 23:59:39 +0000 2019,"  I\'m extremely sorry that you have to deal with that.""'","San Diego, CA"
Sat Jun 08 23:59:38 +0000 2019,Anunciamos oficialmente Certificaci\ Internacional Wedding & Event Planner Agosto 19 20 21 de Agosto en Miami FL C\ ,"Miami, FL"
Sat Jun 08 23:59:38 +0000 2019,Hayley/Ms. Williams you should watch The Good Place if you\'re not already. Very interesting comedy about hell with\ ,"Naperville, IL"
Sat Jun 08 23:59:38 +0000 2019,Finally!!! ,"San Mateo, CA"
Sat Jun 08 23:59:38 +0000 2019," Apparently. this was his plan to look like a tough guy, and then claim victory. His cultists will no\ ","Eugene, OR"
Sat Jun 08 23:59:38 +0000 2019," Happy anniversary'""","Secaucus, NJ"
Sat Jun 08 23:59:38 +0000 2019,Video #1! V-Red Prospect Advanced Camp for A AA AAA & Jr players is coming to  Join the ranks of Jaden\ ,"Tampa, FL"
Sat Jun 08 23:59:38 +0000 2019,That\'s big-time coach congratulations ,"Raleigh, NC"
Sat Jun 08 23:59:37 +0000 2019,This is insane. People celebrating #GayPride running wildly from what seemed to be an active shooter\ fire. We are\ ,"Washington, DC"
Sat Jun 08 23:59:37 +0000 2019,"  I\ still got a few hours to go. 10,000 steps is brutal. But if I was walking 10,000 ste\ ","St Petersburg, FL"
Sat Jun 08 23:59:37 +0000 2019," 1st like'""","New Berlinville, PA"
Sat Jun 08 23:59:37 +0000 2019,"  Don\'t know this dude but seconded!""'","Dallas, TX"
Sat Jun 08 23:59:37 +0000 2019,Where dogs wear pollution masks\\n,"Santa Monica, CA"
Sat Jun 08 23:59:37 +0000 2019,Smne ,"Woodmore, MD"
Sat Jun 08 23:59:36 +0000 2019,"i can finally smile at people and they\ smile back lmfao'""","Chicago, IL"
Sat Jun 08 23:59:36 +0000 2019,"If my WiFi could get itself together and work again that would be great. It\ been 2 days.'""","Wethersfield, CT"
Sat Jun 08 23:59:36 +0000 2019,"China producing some legit women prospects #UFC238'""","Eastwood, MI"
Sat Jun 08 23:59:36 +0000 2019,Elisa\ Garden  EVERY SATURDAY from 12-5pm elisasgarden #plantedwithlove #interiordesignideas \\nFREE\ ,"Los Angeles, CA"
Sat Jun 08 23:59:36 +0000 2019,"Accident cleared in #Austin on Mopac Frontage Rd SB at William Cannon, slow traffic back to SW Pkwy, delay of 2 mins #ATXtraffic'""","Austin, TX"
Sat Jun 08 23:59:36 +0000 2019,"Wait hol up! I\ finna turn this bitch up!'""","Paradise, NV"
Sat Jun 08 23:59:35 +0000 2019, This is awesome! Just like telling students as they leave your class to \ a great rest of your\ ,"Crystal Lake, IL"
Sat Jun 08 23:59:35 +0000 2019,A true queen. \ ,"Phoenix, AZ"
Sat Jun 08 23:59:35 +0000 2019,Make sure to stop out to Witter tomorrow. Three great pitchers for the Rats over the years but even better people.\ ,"Milwaukee, WI"
Sat Jun 08 23:59:35 +0000 2019,A lovely night for a football match\\n.\\n#soccer #philadelphiaunion #sonsofben @ Talen Energy Stadium ,"Chester, PA"
Sat Jun 08 23:59:35 +0000 2019,  In the beginning yeah you\'ll start out with a low number of followers but you get more\ ,"Raleigh, NC"
Sat Jun 08 23:59:35 +0000 2019, That\'s how it works. He just wears you down.\\nHe could be exposed and would be tarred & feathered and ri\ ,"Chicago, IL"
Sat Jun 08 23:59:35 +0000 2019,   *to* *too* & *two* all are used differently.  Learn the differences and y\ ,"Los Angeles, CA"
Sat Jun 08 23:59:35 +0000 2019,"'In this episode of the podcast, #SamHarris speaks with his wife, #AnnakaHarris, about her new book, ""Conscious: A B\ ","University, FL"
Sat Jun 08 23:59:35 +0000 2019,YESSSSSSS ,"Pensacola, FL"
Sat Jun 08 23:59:34 +0000 2019," Ben 50x better than Matt Ryan'""","Millvale, PA"
Sat Jun 08 23:59:34 +0000 2019,      And she is a war veteran and  service\ ,"Cape Coral, FL"
Sat Jun 08 23:59:34 +0000 2019,"  Agreed... for that few people, a different method should have been used.  I had the regi\ ","Winter Garden, FL"
Sat Jun 08 23:59:34 +0000 2019," Congrats my man!'""","Queens, NY"
Sat Jun 08 23:59:34 +0000 2019,"so y\ are just gonna walk Cody every AB huh?'""","Los Angeles, CA"
Sat Jun 08 23:59:34 +0000 2019, I listened to that song on repeat for 3 weeks in HS without any other music on... my brother and I g\ ,"Echelon, NJ"
Sat Jun 08 23:59:33 +0000 2019,"St. Louis is the ghetto omg'""","St Louis, MO"
Sat Jun 08 23:59:33 +0000 2019,"I just woke up from my nap and now I have ZERO desire to go out'""","Queens, NY"
Sat Jun 08 23:59:33 +0000 2019,"  I do he is the biggest traitor since Benedict Arnold.'""","The Colony, TX"
Sat Jun 08 23:59:33 +0000 2019,"  No u'""","Los Angeles, CA"
Sat Jun 08 23:59:33 +0000 2019,"'What is the difference between ""then"" and ""when"".\''","Vancouver, WA"
Sat Jun 08 23:59:33 +0000 2019,Throwing it back! Hanging with #sfactor sharynmaceren   #freestylemusic @ The Endup ,"San Francisco, CA"
Sat Jun 08 23:59:33 +0000 2019, having some Crown of Sorrow issues with fireteam members booted and not able to rejoin the group. Rabbi\ ,"New Mexico, USA"
Sat Jun 08 23:59:32 +0000 2019, The Same Night I Blacked Out   Something Followed Me Back Home in ORLANDO\ ,"Orlando, FL"
Sat Jun 08 23:59:32 +0000 2019,"Smellovision. Crimini, Shitake, Chanterelle, Oyster mushrooms, red onion, grape seed oil, white wine, garlic @ East\ ","East Richmond Heights, CA"
Sat Jun 08 23:59:32 +0000 2019,I\ hoping #stlblues fans can experience that same euphoria tomorrow. STL has some insanely loyal hockey fans and i\ ,"Richmond Heights, MO"
Sat Jun 08 23:59:32 +0000 2019,An update on my \ used GIFs\ on here ... ,"Eau Claire, WI"
Sat Jun 08 23:59:32 +0000 2019," I love the Flaming Lips'""","Los Angeles, CA"
Sat Jun 08 23:59:32 +0000 2019,"Scared asses x2'""","El Centro, CA"
Sat Jun 08 23:59:32 +0000 2019,When I\ in your arms I\ home \ ,"Twin Falls, ID"
Sat Jun 08 23:59:32 +0000 2019,"  Awesome'""","Holly Hill, FL"
Sat Jun 08 23:59:32 +0000 2019,Always have fun working out with these boys   ,Arrowbrook Park
Sat Jun 08 23:59:31 +0000 2019,I can safely say that  winning it all in 2004 was the most satisfying sports thing I ever watched. A te\ ,"Richmond Heights, MO"
Sat Jun 08 23:59:31 +0000 2019," #BBN'""","Kentucky, USA"
Sat Jun 08 23:59:31 +0000 2019,I love being home\ ,"Pennsylvania, USA"
Sat Jun 08 23:59:31 +0000 2019,"  Great day at  today!'""","New Jersey, USA"
Sat Jun 08 23:59:31 +0000 2019,Toronto looking pretty good right now\ ,"New Rochelle, NY"
Sat Jun 08 23:59:31 +0000 2019,"  I 2nd that Emotion'""","Vacaville, CA"
Sat Jun 08 23:59:31 +0000 2019," The War and Treaty  6/8/19 Nelsonville, Ohio #thewarandtreaty #nmf #nmf19\ ",Nelsonville Music Festival
Sat Jun 08 23:59:31 +0000 2019,"See our latest #Plano, TX job and click to apply: Restaurant Service and Kitchen Team (1571) -  #Hospitality'""","Plano, TX"
Sat Jun 08 23:59:30 +0000 2019,#fact ,"Phoenix, AZ"
Sat Jun 08 23:59:30 +0000 2019,When they see us .....is difficult to watch....everybody remember DONALD TRUMP TOOK A FULL PAGE AD OUT TO BRING BAC\ ,"Fargo, ND"
Sat Jun 08 23:59:30 +0000 2019,Check out my latest commentary in the  about the many problems that arise when we rank schools. ,"Chicago, IL"
Sat Jun 08 23:59:30 +0000 2019,I\'m just here for the free Lauryn Hill concert after the game \ (at  for Colorado Rockies vs New York Met\ ,"Queens, NY"
Sat Jun 08 23:59:30 +0000 2019," My pleasure.'""","Florida, USA"
Sat Jun 08 23:59:30 +0000 2019,  All I know is that I own ,"Sea Isle City, NJ"
Sat Jun 08 23:59:30 +0000 2019,"Pandemonium at gay pride in Washington D.C. everyone down, everyone down, seems someone with a gun shooting, gunsho\ ","Washington, DC"
Sat Jun 08 23:59:30 +0000 2019,"Where were you when you first heard Fuck The Pain Away by Peaches?'""","Salt Lake City, UT"
Sat Jun 08 23:59:29 +0000 2019,BUT IT\'S SO MUCH FUN!\\n\\nI\'m legit wondering how many aneurysms I can induce with these CHUDs\\n\\n,"Raleigh, NC"
Sat Jun 08 23:59:29 +0000 2019, Preston is nice \,"Preston, ID"
Sat Jun 08 23:59:29 +0000 2019,dobrazupas #crabrizoto @ Dobra Zupas ,"Beckley, WV"
Sat Jun 08 23:59:29 +0000 2019,my ideal pride celebration: ,"Coon Rapids, MN"
Sat Jun 08 23:59:29 +0000 2019," Eventually is the keyword, I suppose.'""","Emeryville, CA"
Sat Jun 08 23:59:29 +0000 2019," I bet you do.'""","Baltimore, MD"
Sat Jun 08 23:59:29 +0000 2019,Just watched a guy get picked up on a motorcycle by his friend...another guy.  He gets on & immediately looks aroun\ ,"Hilo, HI"
Sat Jun 08 23:59:29 +0000 2019,"  Support of course. It\ the cheering section'""","Virginia, USA"
Sat Jun 08 23:59:29 +0000 2019,LIVE AND LEARN !!!!!\\nTONIGHT INSIDE CLUB DUBAI lorna_seafood_tuesday \\nWHITE TOP BLUE JEANS @ Club Dubai ,"Queens, NY"
Sat Jun 08 23:59:29 +0000 2019,#StandingOvationForObama ,"Missouri, USA"
Sat Jun 08 23:59:29 +0000 2019,Alcoholics be like ,"Manhattan, NY"
Sat Jun 08 23:59:29 +0000 2019,Happy #nationalbestfriendsday \\nCouldn\ imagine life without these three. Love you!\\n#girlsnightout #livelife @ Anth\ ,"Littleton, MA"
Sat Jun 08 23:59:28 +0000 2019,Come support the homegirl   and catch a mind blowing performance by moi lol ,"Culver City, CA"
Sat Jun 08 23:59:28 +0000 2019,"I have two midterms next week... anyway, does someone wanna go get mochi with me?'""","Ohio, USA"
Sat Jun 08 23:59:28 +0000 2019," The crazy thing is that he gets away with this type of crap all the time'""","North Carolina, USA"
Sat Jun 08 23:59:28 +0000 2019,"SA Fire 2023 in  South Regionals, finished 3-0 in pool play & now on to bracket! Clips from last game vs Tx S\ ","Irving, TX"
Sat Jun 08 23:59:28 +0000 2019,Told y\ it was \ ,"Kentucky, USA"
Sat Jun 08 23:59:28 +0000 2019," Oh wait--they did!'""","Ohio, USA"
Sat Jun 08 23:59:27 +0000 2019, Ugh thank you love u \,"Mineral Wells, TX"
Sat Jun 08 23:59:27 +0000 2019,"i just started When They See Us and i\ already scared'""","Norman, OK"
Sat Jun 08 23:59:27 +0000 2019, Keep it up boss \,"Dallas, TX"
Sat Jun 08 23:59:27 +0000 2019,Help spread the word. HUGE FREE Jewish Music concert! The NY Cantors w/ special guests SHULEM and FRANK LONDON and\ ,"Manhattan, NY"
Sat Jun 08 23:59:27 +0000 2019,"Nothing better than a mid day mental breakdown'""","Texas, USA"
Sat Jun 08 23:59:27 +0000 2019,"  KQKSKW'""","Arkansas, USA"
Sat Jun 08 23:59:27 +0000 2019, Feel free to slide in my dms \,"Idaho, USA"
Sat Jun 08 23:59:27 +0000 2019,Clankin Claws and coolin out ,Planet Hollywood Sports Book
Sat Jun 08 23:59:27 +0000 2019," Gotta hand it to ya. You was right'""","Lakeland Heights, TX"
Sat Jun 08 23:59:27 +0000 2019," I mean, Beto won\ be the nominee, but Trump will still use this to great effect.'""","Falls Church, VA"
Sat Jun 08 23:59:27 +0000 2019,"I put everyone on to my buffalo chicken pizza with alfredo sauce, yw'""","Fort Worth, TX"
Sat Jun 08 23:59:26 +0000 2019,introspect @ Encinitas Gardens of Self Realization Fellowship Hermitage ,"Encinitas, CA"
Sat Jun 08 23:59:26 +0000 2019,#tvtime tonight is #netflix #iammother that looks like it will be another hit for them.  #scifi #dystopian\ ,"Tulsa, OK"
Sat Jun 08 23:59:26 +0000 2019,"Sorry guys, we lost power from this crazy storm! ","Fort Bragg, NC"
Sat Jun 08 23:59:26 +0000 2019,"  I\ working'""","Daytona Beach, FL"
Sat Jun 08 23:59:26 +0000 2019,I\ craving some bill millers brownies so bad rn\,"San Angelo, TX"
Sat Jun 08 23:59:26 +0000 2019,"Halftime: Reading United 2, Evergreen FC 0. Goals from Simon Becher, his team-leading fourth of the season, and Rok Taneski. #USLLeagueTwo'""","West Lawn, PA"
Sat Jun 08 23:59:26 +0000 2019,Our seats for  at Towne Crier!\ ,"Beacon, NY"
Sat Jun 08 23:59:26 +0000 2019,"... I wonder if there will be a minigame where you have to herd them by rolling them around. Physics gameplay or something...'""","Philadelphia, PA"
Sat Jun 08 23:59:26 +0000 2019,Yt moms have really reached a new level at this Busch Gardens. We were walking through the Ireland section and this\ ,"Virginia, USA"
Sat Jun 08 23:59:26 +0000 2019,Meat and cheese board for our 23rd #anniversary @ Sixty Vines Plano ,"Plano, TX"
Sat Jun 08 23:59:26 +0000 2019,"  If you\'re in nyc lets catch up!""'","Manhattan, NY"
Sat Jun 08 23:59:26 +0000 2019,"#Barberton #Ohwx Temp:75.3\ WchillLow:60.9\ Wind:0 mph Dir:E Baro:Steady Rain2day:0.00in Hum:50% UV:0.0 @ 20:00 06/08/19 #weather'""","Portage Lakes, OH"
Sat Jun 08 23:59:26 +0000 2019," Need me a shorty then'""","Pearland, TX"
Sat Jun 08 23:59:25 +0000 2019,Strike a pose \ for an amazing time at the  event   \ got\ ,"Manhattan, NY"
Sat Jun 08 23:59:25 +0000 2019,"Tough play but good defenders make that throw'""","Chicago, IL"
Sat Jun 08 23:59:25 +0000 2019," lol thnnxx'""","Savannah, GA"
Sat Jun 08 23:59:25 +0000 2019,"Bunt? Brutal. #Antibuntite'""","St Louis, MO"
Sat Jun 08 23:59:25 +0000 2019,"McDowell and Ziegler get together battling for 3rd!'""","Ohio, USA"
Sat Jun 08 23:59:25 +0000 2019, Me right now ,"San Francisco, CA"
Sat Jun 08 23:59:25 +0000 2019,Sexy as hell waiting on a  #sexyasamf #astros #hotashell @ Minute Maid Park ,"Houston, TX"
Sat Jun 08 23:59:25 +0000 2019,"Need some more friends in Atlanta that like to hit the gym... consistently.'""","Suwanee, GA"
Sat Jun 08 23:59:25 +0000 2019," Omg I love that show!! So good!!'""","Maryland, USA"
Sat Jun 08 23:59:25 +0000 2019,"  I feel attacked!'""","Green Bay, WI"
Sat Jun 08 23:59:25 +0000 2019,"Instead of the new job I was supposed to start tomorrow, I applied for an internship\","New Braunfels, TX"
Sat Jun 08 23:59:25 +0000 2019,"Have you ever met someone and just instantly knew that you want them in your life forever? That shit feels amazing.'""","Oklahoma, USA"
Sat Jun 08 23:59:25 +0000 2019,Enjoyed the show Thursday. Thought I\ see it again.\\n\\n @ Lambeau Field ,"Green Bay, WI"
Sat Jun 08 23:59:24 +0000 2019, Big missing you \,"Wildomar, CA"
Sat Jun 08 23:59:24 +0000 2019,"  You guys are awesome and look awesome!'""","Whitmore Village, HI"
Sat Jun 08 23:59:24 +0000 2019,Happy happy!\ ,"Eastvale, CA"
Sat Jun 08 23:59:24 +0000 2019, \ patty cake with the ball\,"Forest Acres, SC"
Sat Jun 08 23:59:24 +0000 2019,       \,"Los Angeles, CA"
Sat Jun 08 23:59:24 +0000 2019,"Leaving any event with  is a whole process. This girl will literally say her goodbyes to EVERY BODY AND THEIR MOM'""","Raleigh, NC"
Sat Jun 08 23:59:23 +0000 2019," had no choice. \ but yeah Richard the GOAT.'""","Brooklyn, NY"
Sat Jun 08 23:59:23 +0000 2019," From an ethical standpoint, if   framing is encouraging a not insignificant degree of (actual\ ","Portland, OR"
Sat Jun 08 23:59:23 +0000 2019," With the white sauce on, it tastes like a crab cake.'""","Chattanooga, TN"
Sat Jun 08 23:59:23 +0000 2019,"The U15s really stepped up giving back to the organization, Feed My Starving Children!  Along with others in the gr\ ","Chicago, IL"
Sat Jun 08 23:59:23 +0000 2019,"I\'m at Hysteria Brewing in Columbia, MD ","Maryland, USA"
Sat Jun 08 23:59:23 +0000 2019,PERIODDD ,"Milford Mill, MD"
Sat Jun 08 23:59:23 +0000 2019," Hey message me and see if we link up.'""","Kentucky, USA"
Sat Jun 08 23:59:23 +0000 2019,One bad vibe I\ ghost on ya\,"Fort Worth, TX"
Sat Jun 08 23:59:23 +0000 2019,"Damned if I do something and damned if I don\ \ I mean honestly.'""","North Carolina, USA"
Sat Jun 08 23:59:22 +0000 2019,"Love being here in PCB! Looking forward to Sandia, TX this next week with  See you soon! @ Panama Cit\ ","Laguna Beach, FL"
Sat Jun 08 23:59:22 +0000 2019,"It\ hot than a bitch outside.'""","Corpus Christi, TX"
Sat Jun 08 23:59:22 +0000 2019,"Over time, I\ realized all the second chances I wished I had. This has changed me into a better person today. I\ ","Pennsylvania, USA"
Sat Jun 08 23:59:22 +0000 2019,"currently crying'""",Chili's Grill & Bar
Sat Jun 08 23:59:22 +0000 2019,  \,"Louisville, KY"
Sat Jun 08 23:59:22 +0000 2019,"Run Dem Bandz Up! \ @ Frederick, Maryland ","Frederick, MD"
Sat Jun 08 23:59:22 +0000 2019,"fox, bird, chipmunk @ Grand Teton National Park ","Wyoming, USA"
Sat Jun 08 23:59:22 +0000 2019,"  #kraftwerk were right the entire time   #cybersecurity #computerlove'""","Arizona, USA"
Sat Jun 08 23:59:22 +0000 2019,Freestyle ,"Panama City Beach, FL"
Sat Jun 08 23:59:22 +0000 2019,"i take 2-3 naps a day and thats gone hurt me when i start 8-5:30 on monday'""","Glenn Heights, TX"
Sat Jun 08 23:59:22 +0000 2019," It\ a maze'""","Boston, MA"
Sat Jun 08 23:59:22 +0000 2019,"    Still say it\ kd kyrie'""","Manhattan, NY"
Sat Jun 08 23:59:21 +0000 2019," And also ur welcome'""","Niles, OH"
Sat Jun 08 23:59:21 +0000 2019,"  Noooo not \ \ bro lol'""","Kansas City, MO"
Sat Jun 08 23:59:21 +0000 2019, I DIE.  THE GIF MAKES A COMEBACK.  I LOVE YOU! \,"Kirkwood, MO"
Sat Jun 08 23:59:21 +0000 2019,"This fool... LMAO'""","Dinuba, CA"
Sat Jun 08 23:59:21 +0000 2019," That\ a weird way to spell my name?'""","Westwood, KY"
Sat Jun 08 23:59:21 +0000 2019,Something about girls in white jeans \,"Lockport, NY"
Sat Jun 08 23:59:21 +0000 2019," I\ sorry, I hope your finger feels better\","Perry, GA"
Sat Jun 08 23:59:21 +0000 2019,"if she a flight attendant, you know she a hoe'""","Dallas, TX"
Sat Jun 08 23:59:21 +0000 2019,"Suburbia.\\n.\\n.\\nInspired by wolfeyebrow \ @ Madison, Wisconsin ","Wisconsin, USA"
Sat Jun 08 23:59:21 +0000 2019,This is one of the most beautiful screenshots I\ seen from the entire franchise. I just...\ ,"Independence, OR"
Sat Jun 08 23:59:21 +0000 2019,"2nd gig of the day, ready to rock Natalie\ quince! \\nMake sure y\ visit the new DJ page.\ ","Bakersfield, CA"
Sat Jun 08 23:59:21 +0000 2019," It\ lighter, but tastes soooo good!'""","West Des Moines, IA"
Sat Jun 08 23:59:20 +0000 2019,"I would raise a dog with you'""","West Richland, WA"
Sat Jun 08 23:59:20 +0000 2019,   Hm good to know \,"Dallas, TX"
Sat Jun 08 23:59:20 +0000 2019,"  Jaaaaa'""","Arlington, TX"
Sat Jun 08 23:59:20 +0000 2019,"I got it from my mama \ \ @ Northford, Connecticut ","North Haven, CT"
Sat Jun 08 23:59:20 +0000 2019,Mr. Lahey was the absolute goat ,"Arizona, USA"
Sat Jun 08 23:59:20 +0000 2019," I know a good one in NC, and your dog can rack up some frequent flier miles!'""","Charlotte, NC"
Sat Jun 08 23:59:20 +0000 2019,"See our latest #ChinaGrove, NC job and click to apply: PRODUCT / EVENT DEMONSTRATOR - PART TIME -  #EventsMarketing'""","China Grove, NC"
Sat Jun 08 23:59:20 +0000 2019,Lake purfity cornplanter can you swim? ,turtle pit
Sat Jun 08 23:59:20 +0000 2019,"Cheers to the end of another season, the end of year 33 teaching, and this years senior class. One of my best as a\ ","Walnut Grove, WA"
Sat Jun 08 23:59:20 +0000 2019,"my first election i\ covering, i\ stoked!!!'""","San Antonio, TX"
Sat Jun 08 23:59:20 +0000 2019," Simple pleasures'""","Arlington, MA"
Sat Jun 08 23:59:20 +0000 2019,"Guys help! Idk what to get lol'""","Palmdale, CA"
Sat Jun 08 23:59:20 +0000 2019," Think there on break..again..not much of anything happening, very sad. She has been in the House s\ ","Colorado, USA"
Sat Jun 08 23:59:19 +0000 2019,Mitchell family reunion @ FRA 91 ,"Orange Park, FL"
Sat Jun 08 23:59:19 +0000 2019," 2pm*** hahahahaha'""","Los Angeles, CA"
Sat Jun 08 23:59:19 +0000 2019,Cuuuteee\ ,"Ross Township, PA"
Sat Jun 08 23:59:19 +0000 2019,facebook strikes again ,"Philadelphia, PA"
Sat Jun 08 23:59:18 +0000 2019, Delicioso riqu\ verga riqu\,"Victorville, CA"
Sat Jun 08 23:59:18 +0000 2019,"You know ill be wearing my socks and sandles for graduation'""","Newport, OR"
Sat Jun 08 23:59:18 +0000 2019,"  Love this of you Liv.'""","Cambridge, MA"
Sat Jun 08 23:59:18 +0000 2019," Heavy metal'""","Missouri, USA"
Sat Jun 08 23:59:18 +0000 2019," 1..I\'m not Gay 2.. I\'m 77 3..I\'m a Veteran 4..a History graduate..how about you Dullard""'","Kansas City, MO"
Sat Jun 08 23:59:18 +0000 2019,"Joe having afternoon nap @ Berkeley, California ","Berkeley, CA"
Sat Jun 08 23:59:18 +0000 2019,"Yusen Logistics is hiring in #Sumner, WA! Read about our latest #SupplyChain job opening via the link in our bio: Lead Driver - Yard'""","Sumner, WA"
Sat Jun 08 23:59:17 +0000 2019,  Potentially several folks...\,"Byron, GA"
Sat Jun 08 23:59:17 +0000 2019," He said Dobby got boxed bro I hate this app'""","Cleveland, OH"
Sat Jun 08 23:59:17 +0000 2019,"It was truly a MAGICAL day, and thanks to everyone who came through! Tomorrow will be the FINAL day to get 25% off\ ","Takoma Park, MD"
Sat Jun 08 23:59:17 +0000 2019,I\'m LIVE on #Twitch! Starting with #DeadByDaylight and then switching to my first playthrough of\ ,"Syracuse, NY"
Sat Jun 08 23:59:17 +0000 2019,"   Thanks. Such a giver.'""","Phoenix, AZ"
Sat Jun 08 23:59:17 +0000 2019," BUST DOWN THOTIANA'""","Juan Sánchez, Puerto Rico"
Sat Jun 08 23:59:17 +0000 2019,"what a horrible day at work & ive only been here for about 2 & a half hours .'""","Santa Monica, CA"
Sat Jun 08 23:59:17 +0000 2019," I can appreciate that'""","Dayton, OH"
Sat Jun 08 23:59:17 +0000 2019,"Interested in a job in #Odessa, TX? This could be a great fit:  #Healthcare'""","Odessa, TX"
Sat Jun 08 23:59:16 +0000 2019,"These drunk guys are sitting next to me on the train and one fucking pulls out cocaine'""","Queens, NY"
Sat Jun 08 23:59:16 +0000 2019,Dodger boys wrapped up a phenomenal  season with a 12th place finish in the 4x400 relay @ the NJ Meet of Champs in\ ,"Bordentown, NJ"
Sat Jun 08 23:59:16 +0000 2019,"Once again Giants getting a break. Typical !'""","El Centro, CA"
Sat Jun 08 23:59:16 +0000 2019," \ they learn so quick'""","Houston, TX"
Sat Jun 08 23:59:16 +0000 2019,"June weather in Colorado. That\'s the shit I be talking about. @ Aurora, Colorado ","Colorado, USA"
Sat Jun 08 23:59:16 +0000 2019,@ the Da!ry barn \ wbu ,"Walden, TN"
Sat Jun 08 23:59:16 +0000 2019,"   Las rodilleras listas'""","Mission, TX"
Sat Jun 08 23:59:16 +0000 2019,S\ o ser humano ser mais educado que ser\ tratado como tal. ,"Waltham, MA"
Sat Jun 08 23:59:16 +0000 2019,Let me not leave out    and the Eastsidz Boyz and most definitely snoop warren g and 36 Mafia.\ ,"San Francisco, CA"
Sat Jun 08 23:59:16 +0000 2019,"Gem*...'""","Franklin Lakes, NJ"
Sat Jun 08 23:59:16 +0000 2019, I hope you\ good too! \,"Houston, TX"
Sat Jun 08 23:59:16 +0000 2019,"One year ago, I announced that I would be writing a book for Wilderness Press, Day Hikes on the Arizona National Sc\ ","Arizona, USA"
Sat Jun 08 23:59:16 +0000 2019,Let\ not forget  changed the game.  I was loving me some   who can forget h\ ,"San Francisco, CA"
Sat Jun 08 23:59:15 +0000 2019,  Your dog looks like scrappy doo on steroids \,"Patchogue, NY"
Sat Jun 08 23:59:15 +0000 2019,Man you can take any Nas\ music and just put it in a classroom & dissect it in an English class  \ know I can\ ,"San Francisco, CA"
Sat Jun 08 23:59:15 +0000 2019,Just met this Sweetie Pie who happens to be the Daughter of a long lost friend... No Fake News Here!!! ,"Missouri, USA"
Sat Jun 08 23:59:15 +0000 2019,Te amo un dron!! Ya en YouTube!  ,"San Juan, USA"
Sat Jun 08 23:59:15 +0000 2019," You could\ walked there and back by then \ They a trip'""","Missouri, USA"
Sat Jun 08 23:59:15 +0000 2019," Under 200lbs!'""","Austin, TX"
Sat Jun 08 23:59:15 +0000 2019," i love you'""","Los Angeles, CA"
Sat Jun 08 23:59:15 +0000 2019,"Who didn\ love  rundmc, the Fat Boys. Don\ get me started.  Dayum I\ old as hell lol.  #whodini. th\ ","San Francisco, CA"
Sat Jun 08 23:59:15 +0000 2019,"  Joe, the issue is that the Texas  fans are going to be accidentally tweeting at yo\ ","Dallas, TX"
Sat Jun 08 23:59:15 +0000 2019, #ALT2 #Forever29 ,Globe Life Park in Arlington
Sat Jun 08 23:59:15 +0000 2019,"You just have to be able to defend your culture when people try to degrade and uplift music that started with black people.'""","San Francisco, CA"
Sat Jun 08 23:59:14 +0000 2019,"Remember July 16th, 2019 for 58 cents Short Stacks!  #Ihop ","Fruitport, MI"
Sat Jun 08 23:59:14 +0000 2019,"these are the newer ones but there are the countless who laid the foundation and have the most amazing talent, that\ ","San Francisco, CA"
Sat Jun 08 23:59:14 +0000 2019,Thanks  and  for the camp ! Felt good putting the pads back on ! #grindtheaxe #seniorszn ,"St Paul, MN"
Sat Jun 08 23:59:14 +0000 2019,"' Build your arsenal. Stay prepared.  At the end of each day you will feel great if you can say, ""I gav\ ","Mansfield, OH"
Sat Jun 08 23:59:14 +0000 2019,"I wanna go swimming, who has a pool? \","Mandeville, LA"
Sat Jun 08 23:59:14 +0000 2019,"if you listen to rap especially great artists like  Tupac, Biggie,Jay Z,  Foxxy back in the day Lil Kim, Roxan\ ","San Francisco, CA"
Sat Jun 08 23:59:14 +0000 2019,Guido\ dinner menu for 6/8! #guidos #dinner #menu #daphne #alabama #guidosandvinnys @ Guido\'s ,"Daphne, AL"
Sat Jun 08 23:59:14 +0000 2019,#FDNYEMS #FDNYEMT #PRFestival #NPRDPFestival detail @ East Harlem ,"Manhattan, NY"
Sat Jun 08 23:59:14 +0000 2019,ny mom ,"Queens, NY"
Sat Jun 08 23:59:14 +0000 2019,"Wild af, & now a fire has been started. \ ","Georgia, USA"
Sat Jun 08 23:59:14 +0000 2019,"Hey big brother it\ me leila remember at the old house I said u was gonna be a star\ I cringe every time I hear that part'""","East Point, GA"
Sat Jun 08 23:59:13 +0000 2019,"My husband surprised me and met me at my stay in Orlando. He works so much, it\'s hard for him to get away\ we p\ ","Florida, USA"
Sat Jun 08 23:59:13 +0000 2019, you to me the night I was texting Kevin and you broke my phone #memories ,"Grove City, OH"
Sat Jun 08 23:59:13 +0000 2019,"All in a hard day\ work.\\n\\nYou\ welcome, America. \ ",Veteran's Memorial Air Park
Sat Jun 08 23:59:13 +0000 2019," . How wonderful that you came, via live broadcast,  to support  . What a fantastic Town Hall! Thanks, ","Montville, CT"
Sat Jun 08 23:59:13 +0000 2019," My poor childhood hometown of Brodhead can\ handle much more!'""","Kentucky, USA"
Sat Jun 08 23:59:13 +0000 2019,Im watching DoN again and Im noticing little shit that seems almost like the participant was messing up on purpose.\ ,"North Carolina, USA"
Sat Jun 08 23:59:13 +0000 2019,I remember the white dudes I worked around on detachment when I served in the Navy used to say that rap wasn\ musi\ ,"San Francisco, CA"
Sat Jun 08 23:59:13 +0000 2019,My neck hurt \,"Cherry Hill, NJ"
Sat Jun 08 23:59:13 +0000 2019,100 bucks for sure ,"Alice, TX"
Sat Jun 08 23:59:13 +0000 2019,Happy Birthday Celebration Stephanie. Hope u have an awesome day and weekend! @ Bumpers Landing ,"Harrison, MI"
Sat Jun 08 23:59:12 +0000 2019,This gorgeous rainbow popping up right as #prideparade in #BirminghamAL starts is giving me all kinds of hope. Happ\ ,"Birmingham, AL"
Sat Jun 08 23:59:12 +0000 2019,"Doi no cora\ Wartao tem que jogar em um time grande'""","Framingham, MA"
Sat Jun 08 23:59:12 +0000 2019,"Haven\'t posted in forever, picked this thing up the other day. Cant wait to go ride it ! ","El Mirage, AZ"
Sat Jun 08 23:59:12 +0000 2019," Is it just me or is he getting further and further away from reality in his tweetstorms?'""","Massachusetts, USA"
Sat Jun 08 23:59:12 +0000 2019,"I\ jih tired fr'""","Dover, DE"
Sat Jun 08 23:59:12 +0000 2019,Good vibes in the Midwest \,"Four Seasons, MO"
Sat Jun 08 23:59:12 +0000 2019,"   I fell in love at the SMU game on many levels.'""","Orlando, FL"
Sat Jun 08 23:59:12 +0000 2019,"#ToyStory4Sweepstakes'""","Merrick, NY"
Sat Jun 08 23:59:12 +0000 2019,My homie rented one of his units to a rapper who I want name. And he destroyed the F*CK out of it. And I told him b\ ,"Atlanta, GA"
Sat Jun 08 23:59:12 +0000 2019," #ALT2'""","Arlington, TX"
Sat Jun 08 23:59:12 +0000 2019, yah know it be true ,"West Allis, WI"
Sat Jun 08 23:59:12 +0000 2019,"You guys, I finally got a new mailbox! It\ so pretty \ swipe to see the after! #homeimprovement #callmeheidi\ ","Nashville, TN"
Sat Jun 08 23:59:11 +0000 2019,I helped my VCA Animal Hospital represent and help get shelter animals adopted at the Mega Adoption Event in Baltim\ ,"Woodlawn, MD"
Sat Jun 08 23:59:11 +0000 2019, he literally made his @ about carrabis \,"Rockwall, TX"
Sat Jun 08 23:59:11 +0000 2019,"Then lost my money and didn\ get one drink. \ bitches'""","Louisiana, USA"
Sat Jun 08 23:59:11 +0000 2019,"      You missed my point.'""","Labelle, FL"
Sat Jun 08 23:59:11 +0000 2019,"some personal news:\\n\\nI did tons of dad stuff today and I\ going to drink some beers now'""","Virginia, USA"
Sat Jun 08 23:59:11 +0000 2019,"  Ight shawty'""","Triangle, VA"
Sat Jun 08 23:59:11 +0000 2019,"Da baby is a good performer tho I would definitely go see him again.'""","Roanoke, VA"
Sat Jun 08 23:59:11 +0000 2019,"Still not sure how the Rangers haven\'t retired Michael Young\'s number yet. #Retire10""'","Arlington, TX"
Sat Jun 08 23:59:11 +0000 2019,My brother was supposed to come see you yesterday in Nashville.... however somebody decided to run a red light and\ ,"Irondale, AL"
Sat Jun 08 23:59:11 +0000 2019,"When   rapped, \ Fitzgeralded me\ it has me searching back through the history books, googling lol.'""","San Francisco, CA"
Sat Jun 08 23:59:11 +0000 2019,"     So when someone says, with response to opposing\ ","Jersey City, NJ"
Sat Jun 08 23:59:11 +0000 2019,"  Satan has more money, probably'""","Memphis, TN"
Sat Jun 08 23:59:10 +0000 2019,"I\ so different when I\ in luv lmaoo'""","West Covina, CA"
Sat Jun 08 23:59:10 +0000 2019,"I\ always loved classical music sporadically,  however when you put it with Hip Hop it\ fascinating.  It feels l\ ","San Francisco, CA"
Sat Jun 08 23:59:10 +0000 2019,"  ur makeup approval is everything!'""","Seattle, WA"
Sat Jun 08 23:59:10 +0000 2019,"This Is The Day agentertainment Said You Earn Your Bonus, I Was Building Tables At 2am . \\nTonight Is Our 15 Year An\ ","Atlanta, GA"
Sat Jun 08 23:59:10 +0000 2019,Idk why but I\ having baby fever and this ain\ cool cause I\ not popping out any babies anytime soon I just really want a baby boy \,"Atlanta, GA"
Sat Jun 08 23:59:09 +0000 2019, Listen to this hot song by      It sounds like it has an orchestra b\ ,"San Francisco, CA"
Sat Jun 08 23:59:09 +0000 2019,"Stuck at Walmart in the middle of a monsoon. Someone send help. PLEASE\ #stormchasing'""","Cricket, NC"
Sat Jun 08 23:59:09 +0000 2019,"Wanna go out to eat , I want some steak'""","Ocoee, FL"
Sat Jun 08 23:59:09 +0000 2019,i wanna do the bias outfit game thing but im afraid yall are gonna flop on me \,"Hollywood, FL"
Sat Jun 08 23:59:09 +0000 2019,"  I\ not an outdoorsy type of girl, so this makes me feel real nice knowing one of my\ ","Belmar, NJ"
Sat Jun 08 23:59:09 +0000 2019," Man, he is the only average dude who is also fantastically talented in the universe.'""","Anoka, MN"
Sat Jun 08 23:59:09 +0000 2019,"You need to believe in humanity more. \ my son'""","Bernalillo, NM"
Sat Jun 08 23:59:08 +0000 2019," In that case, I\ at your service. ","Texas, USA"
Sat Jun 08 23:59:08 +0000 2019," Yessss'""","Miami, FL"
Sat Jun 08 23:59:08 +0000 2019,"'Don\\\'t submit then quit. Apply for jobs like ""Personal banker 2 REG Cave Creek"" at Wells Fargo, then look for people\ ","Cave Creek, AZ"
Sat Jun 08 23:59:08 +0000 2019," Me and my brother are safe.'""","Washington, DC"
Sat Jun 08 23:59:08 +0000 2019,M\ vs Venezuela golazo de Jhonatan Murillo  via   ,"Decatur, GA"
Sat Jun 08 23:59:08 +0000 2019,#NationalBestFriendDay \\nMy babygirls\ ,"Pflugerville, TX"
Sat Jun 08 23:59:08 +0000 2019," UwU'""","Missouri, USA"
Sat Jun 08 23:59:08 +0000 2019,Includes   and  in  #dineinshaw #loveshaw\ #shawdc ,"Washington, DC"
Sat Jun 08 23:59:08 +0000 2019,"If I\'m tweeting a lot, it\'s because I\'m procrastinating.""'","Renton, WA"
Sat Jun 08 23:59:08 +0000 2019,OMG NOOOOOOOO \ ,"Arlington, TX"
Sat Jun 08 23:59:07 +0000 2019,"i just wanna cry.'""","Grand Rapids, MI"
Sat Jun 08 23:59:07 +0000 2019,"Can you recommend anyone for this job in Staunton, VA?  #VDOT #Engineering'""","Staunton, VA"
Sat Jun 08 23:59:07 +0000 2019, freaking diva\,"Sioux Falls, SD"
Sat Jun 08 23:59:07 +0000 2019," It\'s all about bacanora brat now""'","Tucson, AZ"
Sat Jun 08 23:59:07 +0000 2019, There are many many reasons I\'m not having children. One is I don\'t want to bring them into a world th\ ,"Bryn Mawr, PA"
Sat Jun 08 23:59:07 +0000 2019,"  I\ a Seth Mark.'""","Florida, USA"
Sat Jun 08 23:59:07 +0000 2019,Smoking  #Connecticut on a rainy Saturday afternoon @ The Palisades Country Club ,"Charlotte, NC"
Sat Jun 08 23:59:07 +0000 2019," Wow....a win for the country and they still spin. They are desperate.'""","Norman, OK"
Sat Jun 08 23:59:07 +0000 2019, and i oop\,"Wisconsin, USA"
Sat Jun 08 23:59:07 +0000 2019," My thoughts exactly.'""","Florida, USA"
Sat Jun 08 23:59:07 +0000 2019," Love the shirt Newy, keep inspiring.  IDLife.'""","Texas, USA"
Sat Jun 08 23:59:07 +0000 2019," He was!! Sad case'""","Florida, USA"
Sat Jun 08 23:59:07 +0000 2019," This is glorious'""","Bellingham, MA"
Sat Jun 08 23:59:06 +0000 2019,But if check Inn isnt until 3 than how is that 24 Hours..... Umm! \ #HotelDelLuna #HotelMumbai\ ,"Phoenix, AZ"
Sat Jun 08 23:59:06 +0000 2019," I have tried to take your lead.  I have tried to be generous and have tried to educate.  I can\ do it.  I can\ help.  Sorry.'""","Houston, TX"
Sat Jun 08 23:59:06 +0000 2019,#Scenes \\n\\n#DesMoinesWanderersFC \\n#SupportLocalFootball \\n#NonLeagueUSA ,"Minneapolis, MN"
Sat Jun 08 23:59:06 +0000 2019,"Trying to keep my mind right, my soul straight & my \ strong\ ","Paulsboro, NJ"
Sat Jun 08 23:59:06 +0000 2019,"Having an adult paycheck instead of a broke college kid paycheck at the bar is a dangerous fkn game'""","Corpus Christi, TX"
Sat Jun 08 23:59:06 +0000 2019,SMH ,"Jackson, MS"
Sat Jun 08 23:59:06 +0000 2019,"Kamala Harris gets an applause with the line, \ I was elected attorney general in a state of 40 million people,\ ","West Columbia, SC"
Sat Jun 08 23:59:06 +0000 2019,       Kk bro \,"Cedar Mill, OR"
Sat Jun 08 23:59:05 +0000 2019, Sorry sir that\'s CT\\n\\nIt\'s not called Bitcoin Twitter for a reason \,"Bend, OR"
Sat Jun 08 23:59:05 +0000 2019,"  Me too. It\'s against everything any of us ever swore the oath to & for.""'","Valley Falls, SC"
Sat Jun 08 23:59:05 +0000 2019,I will eat zucchini & squash all day. Cajun seasoning and garlic pepper \,"Mobile, AL"
Sat Jun 08 23:59:05 +0000 2019,I\ so happy i took a leap of faith and cut all of those chemicals out of my head! I love my full head of natural h\ ,"Tuscaloosa, AL"
Sat Jun 08 23:59:05 +0000 2019,I give the Toronto #Raptors credit for winning last night. Nothing to brag though when the #Warriors are not at ful\ ,"Lakewood, CA"
Sat Jun 08 23:59:05 +0000 2019, Brioche bun\\nMed rare beef\\nSwiss cheese\\nGrilled Mushrooms\\nGrilled onions\\n\\nSweet potato fries.\\n\\nAnd lymph\ ,"Kansas, USA"
Sat Jun 08 23:59:05 +0000 2019,"Serious accident in #Midtown on I-35 NB at Austin St, stop and go traffic back to McCullough Ave, delay of 4 mins #traffic'""","San Antonio, TX"
Sat Jun 08 23:59:05 +0000 2019," It\ looking so bad for Ars a 30 for Ave'""","Florida, USA"
Sat Jun 08 23:59:05 +0000 2019," Take it to the grave with you'""","Honolulu, HI"
Sat Jun 08 23:59:04 +0000 2019,#Summer2k19  \ ,"Houston, TX"
Sat Jun 08 23:59:04 +0000 2019," Bless your heart. Come to the game Wednesday'""","Texas, USA"
Sat Jun 08 23:59:04 +0000 2019,"So I guess these were ok, asked Mitch 1 try 1-hugged me, kissed my cheek mid bite-lol my nephew wants me to do cook\ ","Conyers, GA"
Sat Jun 08 23:59:04 +0000 2019,"im safe and heading home (alone) now fuck'""","Washington, DC"
Sat Jun 08 23:59:04 +0000 2019,"  #BEaREBEL'""","Murray, UT"
Sat Jun 08 23:59:04 +0000 2019,he deserves the world  #RespectOurEuphoria ,"Durham, NC"
Sat Jun 08 23:59:04 +0000 2019,Same ,"Georgia, USA"
Sat Jun 08 23:59:04 +0000 2019," Ctfu u won\'t ever get caught up if they all get the same ones i see what u did there""'","Athens, GA"
Sat Jun 08 23:59:03 +0000 2019," Who said he would and doubt he leaves early'""","Smyrna, GA"
Sat Jun 08 23:59:03 +0000 2019,"but hey, admittin is the first step\\n\\nay ay, you know ain\ nobody perfect'""","Lancaster, NY"
Sat Jun 08 23:59:03 +0000 2019, \ \ \ \ \,"Dearborn, MI"
Sat Jun 08 23:59:03 +0000 2019,"One quibble: socialism is disparaged on the basis of the grievously polluted Lake Baikal. That\'s true, but there ar\ ","California, USA"
Sat Jun 08 23:59:03 +0000 2019,Big stout.  Huge roasty malts and vanilla nose.  Carmel and spicy rye palate.  Lovely lacing - Drinking an 2019 Big\ ,"Houston, TX"
Sat Jun 08 23:59:03 +0000 2019,"In a think piece,  looks at some of the reasons some people have lost faith in capitalism; inter ali\ ","California, USA"
Sat Jun 08 23:59:03 +0000 2019,"    Awesome!'""","Somersworth, NH"
Sat Jun 08 23:59:03 +0000 2019," This one really hurt.'""","Pittsburg, CA"
Sat Jun 08 23:59:03 +0000 2019,     love a rainy night ,"Hermiston, OR"
Sat Jun 08 23:59:03 +0000 2019,"Totally purged and organized OneDrive, Dropbox, work computer and email, and home computer the last couple of days. I feel lighter already.'""","Burbank, CA"
Sat Jun 08 23:59:03 +0000 2019,Ce samedi est naze. What\ the move Y\,"Germantown, MD"
Sat Jun 08 23:59:02 +0000 2019,"TA1 - TRAFFIC ACCIDENT - 1ST RESPONSE (FIRE & EMS) at SE 122ND AVE / SE DIVISION ST, PORTLAND, OR [Portland Fire #RP19000048046] 16:08'""","Portland, OR"
Sat Jun 08 23:59:02 +0000 2019,"I think #angelahill won the fight. But judges sometimes are more about style. #yanxiaonan looks like she won the fight.\\n\\n#ufc238'""","Los Angeles, CA"
Sat Jun 08 23:59:02 +0000 2019,You won\ believe who I ran into at ccprideiowa @ Historic East Village ,"Des Moines, IA"
Sat Jun 08 23:59:02 +0000 2019,Live with  Top 16 Ultimate singles w/  #AnimeNEXT ,"Atlantic City, NJ"
Sat Jun 08 23:59:02 +0000 2019, So is your attitude babe. \,"Los Angeles, CA"
Sat Jun 08 23:59:02 +0000 2019,"Hey guys I de-cluttered Bowie\ room, tell me it\ beautiful ","Mesa, AZ"
Sat Jun 08 23:59:02 +0000 2019,Lmao this is  ,"California, USA"
Sat Jun 08 23:59:02 +0000 2019,@ Seahawks twitter convinced Schotty is bad at his job ,"Austin, TX"
Sat Jun 08 23:59:02 +0000 2019,"DISTURBANCE - PRIORITY at SW 1ST AVE / SW ASH ST, PORTLAND, OR [Portland Police #PP19000190464] 16:52 #pdx911'""","Portland, OR"
Sat Jun 08 23:59:02 +0000 2019,"My fucking neck hurtsss'""","Los Angeles, CA"
Sat Jun 08 23:59:02 +0000 2019," Great and close fight. X 29-28'""","San Tan Valley, AZ"
Sat Jun 08 23:59:01 +0000 2019, Imagine not knowing the facts! \\n\\n#Pride Month is celebrated each year in the month of June to honor th\ ,"Washington, DC"
Sat Jun 08 23:59:01 +0000 2019,"  Drake\'s intros are uncompete-wit-able""'","University, FL"
Sat Jun 08 23:59:01 +0000 2019,"I want to move to Austin and bring some blacks folks with me ... and build something there'""","Chantilly, VA"
Sat Jun 08 23:59:01 +0000 2019,Drinking a Cart Barn by Back Forty Beer Company @ Back Forty Beer Company \ ,"Birmingham, AL"
Sat Jun 08 23:59:01 +0000 2019,We are here trying to have a fun time celebrating and this happens... ,"Washington, DC"
Sat Jun 08 23:59:01 +0000 2019," Correct sir'""","El Paso, TX"
Sat Jun 08 23:59:01 +0000 2019,I\ dead. Lmao.  ,"California, USA"
Sat Jun 08 23:59:01 +0000 2019," I loved it!'""","Manhattan, NY"
Sat Jun 08 23:59:01 +0000 2019,Drinking a Necron 99 by  @ Pike\'s Peak State Park \ ,"Iowa, USA"
Sat Jun 08 23:59:01 +0000 2019,Drinking a Half Sour by Brooklyn Cider House at  \ ,"Brooklyn, NY"
Sat Jun 08 23:59:01 +0000 2019,"  That\'s where I was about 50 mins ago""'","Minneapolis, MN"
Sat Jun 08 23:59:00 +0000 2019,this man said I\ on punishment but we\ see when he gets home \,"Anderson, IN"
Sat Jun 08 23:59:00 +0000 2019," No it shouldn\'t ..prescribed by a doctor only due to health reasons of the patients!""'","North Carolina, USA"
Sat Jun 08 23:59:00 +0000 2019, Delicioso riqu\ deliciosa verga riqu\,"Victorville, CA"
Sat Jun 08 23:59:00 +0000 2019,Just posted a photo @ Disneyland California ,"Anaheim, CA"
Sat Jun 08 23:59:00 +0000 2019,"been wearing my burgundy docs more often than usual since i still haven\ scrubbed the gov ball mud off my black ones'""","Manhattan, NY"
Sat Jun 08 23:59:00 +0000 2019,Just posted a photo @ St. Gambrinus Beer Shoppe ,"Brooklyn, NY"
Sat Jun 08 23:59:00 +0000 2019,"this is easily one of the hardest things I\ been challenged with'""","Watson, LA"
Sat Jun 08 23:59:00 +0000 2019,"Siempre cagan las cosas qu\ desespero!!!!'""","North Carolina, USA"
Sat Jun 08 23:59:00 +0000 2019,Yow.  ,"Salt Lake City, UT"
Sat Jun 08 23:58:59 +0000 2019,"'""Those who do not remember the past are condemned to repeat it.""\\nIf you dont know why/how the terrible things in th\ ","Phoenix, AZ"
Sat Jun 08 23:58:59 +0000 2019,If your parents buy you a BMW for your 16th birthday you\ soft - ,"Tucson, AZ"
Sat Jun 08 23:58:59 +0000 2019,Yessir Bryson\ ,"Virginia, USA"
Sat Jun 08 23:58:59 +0000 2019,REPOST MY STUFF FOR ME TWITTER \ WHERE THE LOVE \\n ,"Philadelphia, PA"
Sat Jun 08 23:58:59 +0000 2019, Awesome beach time ... I love seeing your smiling face in the mornings on the weekends ,Indian Beach
Sat Jun 08 23:58:59 +0000 2019,"  Much more eloquent than that Satin fucker.'""","Anaheim, CA"
Sat Jun 08 23:58:59 +0000 2019,"  Yeah, Vince McMahon went there and he\ like \ I\ good\","St Matthews, KY"
Sat Jun 08 23:58:59 +0000 2019,Delicious stout - Drinking a Winnie (Maple & Coffee) by  @ Cold Creek Tavern  \ ,"Ellington, CT"
Sat Jun 08 23:58:59 +0000 2019,brb admiring the most beautiful blue river i\ ever seen ,Nooksack Falls
Sat Jun 08 23:58:59 +0000 2019,My mood for tonight: ,"Lindon, UT"
Sat Jun 08 23:58:58 +0000 2019,Senior season is gonna be one to remember. ,"El Dorado, AR"
Sat Jun 08 23:58:58 +0000 2019,"Chad Layton wins  Heat 2  Weller and Stillwaggon follow.'""","Pennsylvania, USA"
Sat Jun 08 23:58:58 +0000 2019,Went to check my bank account for the first time in weeks and surprisingly had a shit ton more money than expected\,"Wayne, MI"
Sat Jun 08 23:58:58 +0000 2019," He was discovered in a compromising situation with another soldier.'""","East Rochester, NY"
Sat Jun 08 23:58:58 +0000 2019,My church ( is right in the midst of the \ post-Christian\ area of the country. For this reaso\ ,"Connecticut, USA"
Sat Jun 08 23:58:58 +0000 2019," AWESOME'""","North Madison, OH"
Sat Jun 08 23:58:58 +0000 2019, What do ppl do in Wisconsin? Only been to green bay once & nothing but partying in the Kmart parking lot \,"Shakopee, MN"
Sat Jun 08 23:58:58 +0000 2019," You as well. I just had to follow you again.  Not sure how i was unfollowed from you'""","Winchester, NV"
Sat Jun 08 23:58:58 +0000 2019,Very different. Good stuff - Drinking a Brooklyn Sorachi Ace by  at   \ ,"Ann Arbor, MI"
Sat Jun 08 23:58:58 +0000 2019,"Robert Half Legal is hiring in #Seattle, WA! Read about our latest #Sales job opening via the link in our bio: Legal Site Manager'""","Seattle, WA"
Sat Jun 08 23:58:58 +0000 2019,"  Oh I can def see it with Towanda and Toni. Tamar is just rude as fuck.'""","Greensboro, NC"
Sat Jun 08 23:58:58 +0000 2019,US Gen X dad\ aren\ much either with a drill - I\ do it if I have to but I\ rather go for a ride. ,"Washington, DC"
Sat Jun 08 23:58:57 +0000 2019,part. from Classical Weight by Loriel Beltr\ (2007-2019) from CUT-Abstraction in the United States from 1970s-Pre\ ,"University Park, FL"
Sat Jun 08 23:58:57 +0000 2019,Christmas 2017 bottle. Thanks Duce! #beergreat #beerfriendsarebestfriends - Drinking a Double Shot by\ ,"Massachusetts, USA"
Sat Jun 08 23:58:57 +0000 2019,"We\'re hiring! Click to apply: PT Package Center Supervisor -  #Transportation #Ventura, CA""'","Ventura, CA"
Sat Jun 08 23:58:57 +0000 2019,"  Awesome! Were there missalettes at your parish, by chance, for newcomers to borrow?'""","Rhinelander, WI"
Sat Jun 08 23:58:57 +0000 2019,"'Stop staring at the clock every day. It\\\'s time for a new career. Follow us to view jobs with titles like ""Entry Lev\ ","San Francisco, CA"
Sat Jun 08 23:58:57 +0000 2019, YES SYD SO PROUD \,"Illinois, USA"
Sat Jun 08 23:58:57 +0000 2019,About to pack me n my pillow up and go sleep at my girlfriend house bc I\'m not liking this rain \ \,"Augusta, GA"
Sat Jun 08 23:58:57 +0000 2019," Praying for you'""","Odessa, TX"
Sat Jun 08 23:58:56 +0000 2019,"All I\ saying is you give us a  in prime Senior year Dominican game form, the squad is 4-0 in pool play.'""","Minnesota, USA"
Sat Jun 08 23:58:56 +0000 2019,     Still changing things around a little bit\ ,"Orlando, FL"
Sat Jun 08 23:58:56 +0000 2019, Live footage from Bed-Stuy. \,"Brooklyn, NY"
Sat Jun 08 23:58:56 +0000 2019,Chick-fil-A does kind of sound good...\,"Dallas, TX"
Sat Jun 08 23:58:56 +0000 2019," noooo!'""","San Francisco, CA"
Sat Jun 08 23:58:56 +0000 2019,Yep still not over this either ,MetLife Stadium
Sat Jun 08 23:58:56 +0000 2019,  I had to switch to a water bottle bc my sweet little Luna always thinks we should share ev\ ,"Manhattan, NY"
Sat Jun 08 23:58:56 +0000 2019,"'Looking for to Beltre""s retirement ceremony!\\n#ALT2 #Rangers ","Arlington, TX"
Sat Jun 08 23:58:56 +0000 2019,"  Your boys have been killing it for me!'""","Sterling Heights, MI"
Sat Jun 08 23:58:56 +0000 2019,Things like this I just don\'t understand. Know your roots girl. ,"Texas, USA"
Sat Jun 08 23:58:55 +0000 2019,"  Sorry guys - you\ all masterminds to us!'""","Kenwood, OH"
Sat Jun 08 23:58:55 +0000 2019, They must be projecting their own weakness on to you.  Or they are so consumed with hate their minds are\ ,"Cape Coral, FL"
Sat Jun 08 23:58:55 +0000 2019,Kevin nails it. ,"Macedonia, OH"
Sat Jun 08 23:58:55 +0000 2019,Looks like \ your kid to work night.\ ,"Olympia, WA"
Sat Jun 08 23:58:55 +0000 2019,Civil Engineering with a minor chance of not graduating \,"Lake Buena Vista, FL"
Sat Jun 08 23:58:55 +0000 2019,Love you  for so many reasons...this is just one.\ ,"Sacramento, CA"
Sat Jun 08 23:58:55 +0000 2019," Thanks bro'""","Syracuse, NY"
Sat Jun 08 23:58:55 +0000 2019, Someone still salty \ team got swept \,"Vallejo, CA"
Sat Jun 08 23:58:55 +0000 2019,My permanent mood: ,"West Hollywood, CA"
Sat Jun 08 23:58:55 +0000 2019,Nope. They just do. ,"Slidell, LA"
Sat Jun 08 23:58:55 +0000 2019,"   #Alt2'""","Arlington, TX"
Sat Jun 08 23:58:54 +0000 2019,"Lord \ keep my grandma & great grandpa here as long as you can.'""","Nevada, USA"
Sat Jun 08 23:58:54 +0000 2019,"Miss driving around with my girl\ @ Souderton, Pennsylvania ","Souderton, PA"
Sat Jun 08 23:58:54 +0000 2019,"  Golf I understand.\\n\\nBut i grew up poor and played tennis and racquetball.'""","Sequim, WA"
Sat Jun 08 23:58:54 +0000 2019," Unfortunately, the IRS assumes servers make tips, and it taxes their income accordingly. That\ the main\ ","San Diego, CA"
Sat Jun 08 23:58:54 +0000 2019,"  Ugh.Will must go. Not to mention that the corner is already overloaded with proper nouns and a foreign word.'""","Orchards, WA"
Sat Jun 08 23:58:54 +0000 2019,I love this guy. ,"Ladue, MO"
Sat Jun 08 23:58:54 +0000 2019,Elton John Again! \\n\\n#MySaturdayNightIn3Words ,"Pasadena, TX"
Sat Jun 08 23:58:54 +0000 2019,"'""Brett Gardner\\\'s temper tantrum offers an important lesson in physics""  ","Tumon, USA"
Sat Jun 08 23:58:54 +0000 2019,   Nobody objects to immigrants coming to America.\\n\\nWhat everybody should object\ ,"White Marsh, MD"
Sat Jun 08 23:58:53 +0000 2019,"I\ never wanted to hear jersey so bad!'""","Houston, TX"
Sat Jun 08 23:58:53 +0000 2019,Get her CREW ,"Arizona, USA"
Sat Jun 08 23:58:53 +0000 2019," Inbox me'""","Florida, USA"
Sat Jun 08 23:58:53 +0000 2019,"I know hard work pays off so I keep doin it'""","Virginia, USA"
Sat Jun 08 23:58:53 +0000 2019,"Update: he told the man all his believes are wrong. Brother is not having it. Best entertainment today'""","San Diego, CA"
Sat Jun 08 23:58:53 +0000 2019," You\ correct.'""","Bloomington, MN"
Sat Jun 08 23:58:53 +0000 2019,"    I smell another medal of freedom'""","New York, USA"
Sat Jun 08 23:58:53 +0000 2019," sorry im emotional'""","Arkansas, USA"
Sat Jun 08 23:58:53 +0000 2019,#teennightdanceparty with the #mseventgroup starts at 7:30p and it\ $10 per teen 13-18 years old! @ Parrot Island\ ,"Arkansas, USA"
Sat Jun 08 23:58:53 +0000 2019,"Starting in 2 minutes'""","Moreno Valley, CA"
Sat Jun 08 23:58:53 +0000 2019,Follow the Poggy. Sometimes. @ Camp Poggy ,"Florida, USA"
Sat Jun 08 23:58:53 +0000 2019,     You bet! Let me know what happens!\ ,"Kingsbury, NV"
Sat Jun 08 23:58:53 +0000 2019,"Saw people running from DuPont, be safe, avoid the location, may be an active shooter'""","Washington, DC"
Sat Jun 08 23:58:53 +0000 2019,Listening to Prayer In C (Robin Schulz Radio Edit) by Lilly Wood & The Prick on  ,"Seattle, WA"
Sat Jun 08 23:58:53 +0000 2019,"Springfield Armory Saint Victor chambered in 5.56mm with 15\ MLOK rail system, flat trigger, and BCM grip and stock\ ","Honolulu, HI"
Sat Jun 08 23:58:53 +0000 2019,I was waiting for someone to get it \ ,"New Rochelle, NY"
Sat Jun 08 23:58:52 +0000 2019, Didn\'t this hypocrite say the same thing about Hillary?criminal. ,"Douglasville, GA"
Sat Jun 08 23:58:52 +0000 2019,At my first pride festival and the first thing someone says to me is I \ the cool shirt.\ It\ a Star Wars shirt \,"Pittsburgh, PA"
Sat Jun 08 23:58:52 +0000 2019,"Feeling so hungover'""","Joint Base Lewis-McChord, WA"
Sat Jun 08 23:58:52 +0000 2019,Un poco de como realizamos nuestras hermosas figuras!!!  #fabricandodiversion #wemakefun #pinatas\ ,"Pooler, GA"
Sat Jun 08 23:58:52 +0000 2019,"   Lol'""","Port St Lucie, FL"
Sat Jun 08 23:58:52 +0000 2019,Watching #hadestown with my hadestown inspired nails!!! Thanks  for joining me \ ,"Manhattan, NY"
Sat Jun 08 23:58:52 +0000 2019,Chef chatting up asantilliberte about her delicious food for tonight\ \ & Forks\ road show! #food #chef\ ,"Hingham, MA"
Sat Jun 08 23:58:52 +0000 2019,Swipe \ for the schedule!!  Just left the track and everything is good and a go for tomorrow!!!  Looking forward\ ,"Florida, USA"
Sat Jun 08 23:58:52 +0000 2019,"As she explains her decision to become a prosecutor,  gives a shout-out to to two black South Carolina\ ","West Columbia, SC"
Sat Jun 08 23:58:52 +0000 2019," Hey, anything I can do to help'""","Niles, OH"
Sat Jun 08 23:58:52 +0000 2019," WATCH UR STEP DA WATER IS MUDDY'""","Harvard, IL"
Sat Jun 08 23:58:51 +0000 2019,Every #Spurs fan a few years ago... ,"Colorado, USA"
Sat Jun 08 23:58:51 +0000 2019," I live for that shit. My most active periods #onhere are while I\'m training, between sets.""'","Hawthorne, CA"
Sat Jun 08 23:58:51 +0000 2019,I just got stung by a wasp. Pinchi bitch \,"Horizon City, TX"
Sat Jun 08 23:58:51 +0000 2019," beef gravy'""","College Station, TX"
Sat Jun 08 23:58:51 +0000 2019,Hit up the 3 stop Beach Blonde Party Hop with our friends from  #beachblondepartyhop #ad ,Jamminz Beach Bar
Sat Jun 08 23:58:51 +0000 2019," You bet wrong and lost. Again.'""","Lake Oswego, OR"
Sat Jun 08 23:58:51 +0000 2019,UPDATE: ,"Atlanta, GA"
Sat Jun 08 23:58:50 +0000 2019,"See our latest Denver, CO job and click to apply: Developer, BI Principal -  #Aerospace #MileHighCity'""","Denver, CO"
Sat Jun 08 23:58:50 +0000 2019,Congratulations and Thank You..\ ,"Braintree, MA"
Sat Jun 08 23:58:50 +0000 2019,"i wanna go to a show!! it\'s been too friggin long""'","Houston, TX"
Sat Jun 08 23:58:50 +0000 2019,I too lost my brother so I hit the heart button.. ,"Staten Island, NY"
Sat Jun 08 23:58:50 +0000 2019,      Good environment to study what is in r\ ,"Killeen, TX"
Sat Jun 08 23:58:50 +0000 2019,River trips and beer bongs! ,"Texas, USA"
Sat Jun 08 23:58:50 +0000 2019, Hampden. And no you don\,"Baltimore, MD"
Sat Jun 08 23:58:50 +0000 2019,No \ i be having fun\ @ Somewhere minding my business ,"Irondale, GA"
Sat Jun 08 23:58:50 +0000 2019," ok'""","Indianapolis, IN"
Sat Jun 08 23:58:50 +0000 2019,Thank you  for your leadership in gun violence prevention  and for your partnership at #WearOrange today\ ,"Los Angeles, CA"
Sat Jun 08 23:58:49 +0000 2019," Well if you have someone to carry your packages, how can you not go shopping!! Hope you are doing well.'""","Carefree, AZ"
Sat Jun 08 23:58:49 +0000 2019,my sons dad called us today & let me know that he appreciates what i do for our baby and that im doing a great job\ ,"New Braunfels, TX"
Sat Jun 08 23:58:49 +0000 2019," I love them. They go with ANYTHING'""","Los Angeles, CA"
Sat Jun 08 23:58:49 +0000 2019,"You know you\'ve found the right restaurant when the bartender excuses himself to go get mint in the garden outside.""'",White Oak Kitchen & Cocktails
Sat Jun 08 23:58:49 +0000 2019,#dailypicoffat #doworkson #calilife #out2shootwithnomotives #dank #jimboys #jimboystacos @ Jimboy\'s Tacos ,"Brea, CA"
Sat Jun 08 23:58:49 +0000 2019,Appreciative of NaShan coming back and providing opportunities to the youth! 1st Class Event! Gave out some gifts a\ ,"Dayton, OH"
Sat Jun 08 23:58:49 +0000 2019," Who\ gonna pay for it? I\ asking honestly.'""","Staten Island, NY"
Sat Jun 08 23:58:49 +0000 2019,"Idk what to get my dad for Father\ Day/how bday ugh'""","Southgate, MI"
Sat Jun 08 23:58:49 +0000 2019,"THIS LYFT DRIBER HAS HIS GPS VOICE SET TO COOKIE MONSTER LMAOOOOO'""","Brooklyn, NY"
Sat Jun 08 23:58:49 +0000 2019,"lmao okay jokes over when\ Pride camp'""","Norman, OK"
Sat Jun 08 23:58:49 +0000 2019," The one about dopey things men have said to us about sex, menstruation, etc. Couldn\ stop laughing.'""","Parole, MD"
Sat Jun 08 23:58:49 +0000 2019,"  Yes \ for now'""","Mountain House, CA"
Sat Jun 08 23:58:49 +0000 2019,Just posted a photo @ Harrington Casa ,"Hesperia, CA"
Sat Jun 08 23:58:48 +0000 2019,"9th placeteam at Snowmass Ragnar 2019!  #crazy8 #titsup. We kicked ass!'""","Colorado, USA"
Sat Jun 08 23:58:48 +0000 2019,"WTF IS CARPENTER DOING?'""","Cary, NC"
Sat Jun 08 23:58:48 +0000 2019,"Paige i get the friendime thing she is mean . pray for stacy Thanks'""","Spartanburg, SC"
Sat Jun 08 23:58:48 +0000 2019, Keep it up. \,"Austin, TX"
Sat Jun 08 23:58:48 +0000 2019,"  I\'m definitely not a follower to that Twitter  account!""'","Boca Raton, FL"
Sat Jun 08 23:58:48 +0000 2019,Exactly. ,"Starkville, MS"
Sat Jun 08 23:58:48 +0000 2019,I\ honestly just trying to session up with the fellas and be home by 10pm at the latest \,"Wichita, KS"
Sat Jun 08 23:58:48 +0000 2019,"  Suspend the left.'""","Florida, USA"
Sat Jun 08 23:58:48 +0000 2019,"B I G  ! ! ! \\n\\n\ I G ! ! !\\n\ progress at soulcraft_cle for  public art project, \ ","Cleveland, OH"
Sat Jun 08 23:58:47 +0000 2019," YIKES'""","Los Angeles, CA"
Sat Jun 08 23:58:47 +0000 2019,you know you\ big sad when the blunt can\ even do the trick \,"Key Largo, FL"
Sat Jun 08 23:58:47 +0000 2019,"Motor City Pride @ Hart Plaza, Detroit, Mi ","Detroit, MI"
Sat Jun 08 23:58:47 +0000 2019,"Whenever I\'m home my parents are working and when I\'m working they\'re home, I never get to see them :/""'","Salinas, CA"
Sat Jun 08 23:58:47 +0000 2019,"  i knew u were a taurus when u posted this'""","Denver, CO"
Sat Jun 08 23:58:47 +0000 2019," Anything not  to spend the holiday with his wife and son.'""","Chicopee, MA"
Sat Jun 08 23:58:47 +0000 2019,"Interested in a job in #Blythe, CA? This could be a great fit:  #Retail'""","Blythe, CA"
Sat Jun 08 23:58:47 +0000 2019," Agreed. We\ met before so I figured we could jump ahead a few steps. Nope!'""","West Orange, NJ"
Sat Jun 08 23:58:47 +0000 2019," stop calling me a cracker'""","Los Angeles, CA"
Sat Jun 08 23:58:47 +0000 2019,"Last night and today they are just swinging wildly.'""","Los Angeles, CA"
Sat Jun 08 23:58:47 +0000 2019,"Work was a hyna today lmaoo'""","Covina, CA"
Sat Jun 08 23:58:47 +0000 2019,Everything is wrestling. ,"Raleigh, NC"
Sat Jun 08 23:58:47 +0000 2019,"3) as the wife enjoyed her dream cake made of cherries & anger from the baker, suddenly the baker was surrounded by\ ","Yonkers, NY"
Sat Jun 08 23:58:47 +0000 2019,"'this guy\\\'s walking past us in the Wawa parking lot and yells ""not to be dramatic, but I would take a bullet for your dog""\''","West Goshen, PA"
Sat Jun 08 23:58:47 +0000 2019,After Talking To  I\ Blessed To Receive An Offer From The University Of Louisiana at Lafayette!!!\ ,"Georgia, USA"
Sat Jun 08 23:58:47 +0000 2019,POWERFUL ENOUGH TO PROVOKE THE KIND OF CHANGE AND ACTION WE NEED TO TURN THIS HORRIBLE SITUATION AROUND.   USE WHAT\ ,"Washington, DC"
Sat Jun 08 23:58:47 +0000 2019,"There is \ on my \ !!! Brilliant nguzik611 @ Frankfort, New York ","Frankfort, NY"
Sat Jun 08 23:58:46 +0000 2019,Another winning recipe from  Family Cookbook: my husband made us the North African Lamb Stew for dinner\ ,"Kannapolis, NC"
Sat Jun 08 23:58:46 +0000 2019,"'Tomorrow on the Inspirational Perspective Radio Show, I\\\'ll be sharing part 2 a new series titled, ""Lessons To Teach\ ","Chicago, IL"
Sat Jun 08 23:58:46 +0000 2019,"You ain\ living like that bitch chill out'""","Bedford, OH"
Sat Jun 08 23:58:46 +0000 2019,Today\ office view. #conferencetime #NACDA19 ,"Kansas City, MO"
Sat Jun 08 23:58:45 +0000 2019,#round1 #socialshakedown it\ ME holding it down for my dude  I have $150 gift card to #Fogodechao\ ,"New Orleans, LA"
Sat Jun 08 23:58:45 +0000 2019,That header by Kerr was sickening   ,"Pittsburgh, PA"
Sat Jun 08 23:58:45 +0000 2019,I miss Miami Lebron. ,"Houston, TX"
Sat Jun 08 23:58:45 +0000 2019,"  Exactly'""","Boynton Beach, FL"
Sat Jun 08 23:58:45 +0000 2019,  Suge & walker Texas ranger most definitely\,"Roanoke, VA"
Sat Jun 08 23:58:45 +0000 2019,Where are we safe? This was at DC\ Pride Parade. This can\ be our normal. \\n\\nWe\ monitoring the situation.\ ,"Forest Glen, MD"
Sat Jun 08 23:58:45 +0000 2019,Puppy didn\'t like her dress so Sophie was trying to help her get it off ,"Massillon, OH"
Sat Jun 08 23:58:44 +0000 2019,"I might just have some fun shit set up for my 21st, but then again I might not do a damn thing.'""","Warrensville Heights, OH"
Sat Jun 08 23:58:44 +0000 2019," What a rediculous picture, he needs to grow up.'""","San Antonio, TX"
Sat Jun 08 23:58:44 +0000 2019,"TOUCHDOWN:  to  Extra point is good \\n\\n - 14\\n - 7\\n1st Qtr - 0:45'""","San Jose, CA"
Sat Jun 08 23:58:44 +0000 2019," Better party hardy now'""","Kentucky, USA"
Sat Jun 08 23:58:44 +0000 2019,"Aviso de Tormenta Severa incluye Strasburg CO, Byers CO, Deer Trail CO hasta las 6:30 PM MDT ","Colorado, USA"
Sat Jun 08 23:58:44 +0000 2019,This is the kind of fandom we should all aspire to achieve...one of respect \ ,"Levittown, NY"
Sat Jun 08 23:58:44 +0000 2019,"Get off the field Carp. What a fuckin joke'""","Bartonville, IL"
Sat Jun 08 23:58:44 +0000 2019,"I try my best not to worry bc \\n\ all else fails, God doesn\ \\n\\nPsalms 73:26'""","Texas, USA"
Sat Jun 08 23:58:44 +0000 2019,"And this, my friends, is a major problem ...\ were identified as sources in only 2% of all quotations or oth\ ","Concord, MA"
Sat Jun 08 23:58:44 +0000 2019,"I don\'t think I\'ve ever seen Carpenter look this bad at at the plate. Holy cow he\'s had a bad day.""'","Lamar, MO"
Sat Jun 08 23:58:43 +0000 2019, God Bless \,"Missouri, USA"
Sat Jun 08 23:58:43 +0000 2019, \\nEntrevista \\n,"Laredo, TX"
Sat Jun 08 23:58:43 +0000 2019,"  Condolences.'""","Washington, DC"
Sat Jun 08 23:58:43 +0000 2019,"I just saw a photo of Post Malone. Did not expect him to have face tattoos!!!'""","Chicago, IL"
Sat Jun 08 23:58:43 +0000 2019,Enjoyed the show Thursday. Thought I\ see it again. (at  for Paul McCartney - Freshen Up in Green Bay\ ,"Green Bay, WI"
Sat Jun 08 23:58:43 +0000 2019,Bet imma buy one ,"Petal, MS"
Sat Jun 08 23:58:43 +0000 2019,"     Into the wind so didn\ have the power'""","New York, USA"
Sat Jun 08 23:58:43 +0000 2019,#eggplant and #zuchinni @ In the Houuuuse ,"Boston, MA"
Sat Jun 08 23:58:43 +0000 2019,Walked around the west side of Manhattan this afternoon. Caught the Norwegian Dawn sailing out. And made the obliga\ ,"Manhattan, NY"
Sat Jun 08 23:58:43 +0000 2019,"Miss Aurora Joy #granddaughters @ Oil City, Michigan ","Michigan, USA"
Sat Jun 08 23:58:43 +0000 2019," Hahaha never use razor from dollar tree, he\ no!'""","Illinois, USA"
Sat Jun 08 23:58:43 +0000 2019,"Today\ progress.. all 3 Major beds are done..fire pit, walkway & front garden remain.. but yeh progress\ ","Gardner, MA"
Sat Jun 08 23:58:43 +0000 2019,"I\'ve never wanted the warriors to beat the odds more than rn\\n\\nAnd if they do EVERY LAST ONE OF YALL GETTIN PERSONAL PHONE CALLS OMM""'","Austin, TX"
Sat Jun 08 23:58:43 +0000 2019,"Day 4 stream session?\\nMaybe actually really start on Ranked Matches.\\n \\nMK11 bois'""","Houston, TX"
Sat Jun 08 23:58:43 +0000 2019," It was so good meeting you! Sorry it was after you were about to leave lol'""","Georgia, USA"
Sat Jun 08 23:58:43 +0000 2019,It should stay light out until 8 pm all year round. Someone start working on that. ,"Illinois, USA"
Sat Jun 08 23:58:42 +0000 2019,20 days to go\ I should probably start our wedding playlist \,"Lake Stevens, WA"
Sat Jun 08 23:58:42 +0000 2019," y\ ever going to finish the 5 freeway or nah?'""","Santa Fe Springs, CA"
Sat Jun 08 23:58:42 +0000 2019," Absolutely not! Lol Just the 75'""","Newport News, VA"
Sat Jun 08 23:58:42 +0000 2019,"My life revolves around chilling with cool dogs. If you have a cool dog hmu'""","Houston, TX"
Sat Jun 08 23:58:42 +0000 2019," *that this had to happen'""","Cedar Hill, TX"
Sat Jun 08 23:58:42 +0000 2019,Bro even 340 armor still got owned..... BADLY ,"Nevada, USA"
Sat Jun 08 23:58:42 +0000 2019,"Going to the movies with my man tonight'""","Georgia, USA"
Sat Jun 08 23:58:42 +0000 2019,"Bunt hit attempt with two strikes???? Yikes'""","Somerset, KY"
Sat Jun 08 23:58:41 +0000 2019,Alright it\ gemini season and I\ strictly international this month. Want content. Say Less. A real nigga just got\ ,"Manhattan, NY"
Sat Jun 08 23:58:41 +0000 2019,"Severe Thunderstorm Warning including Strasburg CO, Byers CO, Deer Trail CO until 6:30 PM MDT ","Colorado, USA"
Sat Jun 08 23:58:41 +0000 2019,Co\ trabajo en la semana ,"San Juan, USA"
Sat Jun 08 23:58:41 +0000 2019,Congratulations to  for his #SilverPlayButtonUnboxing!  via ,"Manhattan, NY"
Sat Jun 08 23:58:41 +0000 2019,"The boys at grandma \ Lee Warmflash\ ok \ chill laxing on her cozy couch !\ @ Brooklyn, New York ","Brooklyn, NY"
Sat Jun 08 23:58:41 +0000 2019,"Anything you wanna hear tonight, give us a call 775-289-4091. Listen live on  from 6-9 PST.\ ","Ely, NV"
Sat Jun 08 23:58:41 +0000 2019," #TeamHinge'""","Rocklin, CA"
Sat Jun 08 23:58:41 +0000 2019, I really am not sure who he is anymore or what he stands for. WOuld he rather a socialist or progressive\ ,"Roseville, CA"
Sat Jun 08 23:58:41 +0000 2019,"Interested in a job in #Papillion, NE? This could be a great fit:  #Retail'""","Papillion, NE"
Sat Jun 08 23:58:41 +0000 2019,"mom can you pick me up they\ doing weeb shit'""",The Cheesecake Factory
Sat Jun 08 23:58:41 +0000 2019,"      If a Ten Commandments Monument Is Offensive, A\ ","Deptford, NJ"
Sat Jun 08 23:58:40 +0000 2019,the only decent golden hour photo I\ ever gotten ,"Webster, TX"
Sat Jun 08 23:58:40 +0000 2019,"    Ditch Mitch. Mitch in Ditch.'""","Cincinnati, OH"
Sat Jun 08 23:58:40 +0000 2019," Underrated.'""","Oklahoma City, OK"
Sat Jun 08 23:58:40 +0000 2019,So on this morning\'s  --  picked #AlexanderRossi to win 2NITE;  picked\ ,"Texas, USA"
Sat Jun 08 23:58:40 +0000 2019,"As long as you have a plan it\ all good..'""","Sunnyside, WA"
Sat Jun 08 23:58:40 +0000 2019,We made it to Abbeville for the showing of The Blob! Debbie and I parked ourselves underneath this magnificent tree\ ,"Abbeville, LA"
Sat Jun 08 23:58:40 +0000 2019,"Just posted a photo @ Fresno, California ","Fresno, CA"
Sat Jun 08 23:58:40 +0000 2019,Squad \ ,"Chicago, IL"
Sat Jun 08 23:58:40 +0000 2019,#WOWDems representing at the #lbjobamadinner! #dentoncountydemocrats @ Hilton Garden Inn Dallas/Lewisville ,"Lewisville, TX"
Sat Jun 08 23:58:40 +0000 2019,  Looks gorgeoud\,"Lakeway, TX"
Sat Jun 08 23:58:40 +0000 2019,"Used my better judgement in a personal situation and seems like I made proper decision.  \ #TheOutcome?'""","Catonsville, MD"
Sat Jun 08 23:58:39 +0000 2019,  Time for another episode of the Dan Abrams Gun Show!  \,"St Louis, MO"
Sat Jun 08 23:58:39 +0000 2019,"For all this yearning for my ombr\ blue hair, I know it\ actually a more common hairstyle and I\ not so unique fo\ ","Portland, OR"
