Date,Tweet
Date,eet',Country
Fri Apr 26 23:59:59 +0000 2019, The French scene and the paint dress \,"Marietta, GA"
Fri Apr 26 23:59:59 +0000 2019," They\ about to take greedy!'""","Monroe, MI"
Fri Apr 26 23:59:59 +0000 2019,"Walah espn aint shit without stephen a smith'""","Brooklyn, NY"
Fri Apr 26 23:59:59 +0000 2019,     Knew that game face in Boston traffic was sup\ ,"Newton, MA"
Fri Apr 26 23:59:59 +0000 2019,Couldn\'t agree more! My favorite part. FYI...  said great things about you at the last Vegas taping...\ ,"Gilbert, AZ"
Fri Apr 26 23:59:59 +0000 2019,"Adult female #Maltese/#MixedBreed mix in Rancho Cucamonga, CA. 44548765  ","Rancho Cucamonga, CA"
Fri Apr 26 23:59:59 +0000 2019," Gym, Jack-Off(Alot), Drink as well.'""","Arizona, USA"
Fri Apr 26 23:59:59 +0000 2019,"So happy for these boys. As the mother of a college football player, I try to imagine what feelings their moms are\ ","Iowa, USA"
Fri Apr 26 23:59:59 +0000 2019," Hey, \ Chief...\","Austin, TX"
Fri Apr 26 23:59:59 +0000 2019,"   He a stud'""","Fresno, CA"
Fri Apr 26 23:59:59 +0000 2019," Why did I literally imagine u saying that next'""","Middletown, NY"
Fri Apr 26 23:59:59 +0000 2019,SS&C has been helping #investment and #financial firms for more than 30 years. If you are looking to join an award\ ,"New Jersey, USA"
Fri Apr 26 23:59:59 +0000 2019," come on don\'t be all PC  now  couple yrs ago you heard Gus you thought of a mule  and Butch you thought of a Dyke""'","Catonsville, MD"
Fri Apr 26 23:59:59 +0000 2019," Yeah what the...'""","Grand Forks, ND"
Fri Apr 26 23:59:59 +0000 2019,"Also it\ fucking Friday already so I\ am LIVING!'""","Bloomington, MN"
Fri Apr 26 23:59:59 +0000 2019," He had one terrific post season and that\ it.'""","Indiana, USA"
Fri Apr 26 23:59:59 +0000 2019,Thanks to  for hosting us  and our #FUTP60TDSchools friends today for a day of fun and healthy eating at R\ ,"Woolwich, NJ"
Fri Apr 26 23:59:59 +0000 2019,"    Ve a chinga a tu madre pinche pdte de miarda'""","Phoenix, AZ"
Fri Apr 26 23:59:59 +0000 2019,"work work no sleep'""","Los Angeles, CA"
Fri Apr 26 23:59:59 +0000 2019,hi  came out with a new album and every song is a bop. stream launch fly land peeps \,"Pennsylvania, USA"
Fri Apr 26 23:59:58 +0000 2019,Drew Lock ,"Tampa, FL"
Fri Apr 26 23:59:58 +0000 2019,"That thing isn\'t hittable #NATS""'","Washington, DC"
Fri Apr 26 23:59:58 +0000 2019," Thank you!!!'""","San Antonio, TX"
Fri Apr 26 23:59:58 +0000 2019,"Drew Lock duded out like he\'s the youth pastor at a modern evangelical church that meets in a glorified warehouse.""'","Country Club Estates, GA"
Fri Apr 26 23:59:58 +0000 2019,Fact!\ ,"Missouri, USA"
Fri Apr 26 23:59:58 +0000 2019," Pants-off/Dance-off!'""","Logan, UT"
Fri Apr 26 23:59:58 +0000 2019,"What a day, guys. What a day. \","Paradise, NV"
Fri Apr 26 23:59:58 +0000 2019,You don\ need to go all the way to DC for Fast Food anyway. ,"Phoenix, AZ"
Fri Apr 26 23:59:58 +0000 2019,Bengals trade the 42nd pick to the Broncos. It allows Denver to get QB Drew Lock from Missouri.  We\'ll wait ten mor\ ,"Cincinnati, OH"
Fri Apr 26 23:59:58 +0000 2019,#nxtdavenport we are so excited! ,River Center / Adler Theatre
Fri Apr 26 23:59:57 +0000 2019,"This weekend, come say hi to the_real_ghetto,  and  at  for a charity ev\ ","Las Vegas, NV"
Fri Apr 26 23:59:57 +0000 2019,why they watching my probate... see this why I don\ like them now \,"San Antonio, TX"
Fri Apr 26 23:59:57 +0000 2019,Ready for tonight #rungvisaiestrada2 #boxing #Boxeo #thailand #mexico #TheForum @ The Forum ,"Inglewood, CA"
Fri Apr 26 23:59:57 +0000 2019,"In 2018, the crews at Sta7 rescued a bunny. It was finally adopted and his new family came to Sta4 to present the c\ ","Tennessee, USA"
Fri Apr 26 23:59:57 +0000 2019," is Johnny Manziel eligible to be drafted again?'""","Howell, NJ"
Fri Apr 26 23:59:57 +0000 2019,THANK YOU to our #NewsNight guests: The    Matthew Peddie and\ ,"Orlando, FL"
Fri Apr 26 23:59:57 +0000 2019,"Are any of you guys in Philadelphia?\\n\\nIf so would you be interested in a meetup?'""","Manhattan, NY"
Fri Apr 26 23:59:57 +0000 2019,Happy Hearts students visited by Ashtabula City Fire Department ACFD ,"Ashtabula, OH"
Fri Apr 26 23:59:57 +0000 2019,LONG LIVE NIP ON THE WAY!!!!! TUESDAY!!!!! #unsigned #ArtistRack #music #NFLdraft #AvengersEndgame #FridayFeeling\ ,"Sugar Land, TX"
Fri Apr 26 23:59:57 +0000 2019,"   Google arguments against it.'""","Burbank, CA"
Fri Apr 26 23:59:57 +0000 2019,#cobbIntech #CobbMIE ,"Marietta, GA"
Fri Apr 26 23:59:57 +0000 2019,I don\ cafe about anyone else but ,"Virginia Beach, VA"
Fri Apr 26 23:59:57 +0000 2019, Deadass that movie had me contemplating my own morals \,"Irondequoit, NY"
Fri Apr 26 23:59:57 +0000 2019,"  I love muting the games and listening to Tom Leach call the game. Best viewing ever.'""","Bowling Green, KY"
Fri Apr 26 23:59:57 +0000 2019,u can always count on  for making you late for work! Thanks y\ \,"San Francisco, CA"
Fri Apr 26 23:59:57 +0000 2019, Shoot for the stars \,"Washington, DC"
Fri Apr 26 23:59:57 +0000 2019,"Wind 8.0 mph WNW. Barometer 29.816 in, Rising. Temperature 56.1 \ Rain today 0.59 in. Humidity 44%'""","Wapakoneta, OH"
Fri Apr 26 23:59:57 +0000 2019,"Get drunk and ride them Electric scooters sounds fun for tomorrow'""","Los Angeles, CA"
Fri Apr 26 23:59:56 +0000 2019,I got DREAMER. Shocker. ;) Take this quiz and share what you get.  #createEdu #dreamer ,"Chicago, IL"
Fri Apr 26 23:59:56 +0000 2019,"Lock in the 40s or Jones at 6. Not sure even the giants can honestly admit they like their side.'""","Dothan, AL"
Fri Apr 26 23:59:56 +0000 2019, And the livestock bag \,"Virginia, USA"
Fri Apr 26 23:59:56 +0000 2019,"  It was sent to me by a friend in town  You have permission to use'""","Tolland, CT"
Fri Apr 26 23:59:56 +0000 2019, You\ absolutely right! The fact that it was there and ready for me to listen was pretty cool. And th\ ,"Bronx, NY"
Fri Apr 26 23:59:56 +0000 2019,"Pho kit. @ Baltimore, Maryland ","Baltimore, MD"
Fri Apr 26 23:59:56 +0000 2019,When the end is near ,"Ross Township, PA"
Fri Apr 26 23:59:56 +0000 2019,"  #YesWeAre #OnePride #Lions'""","Warren, MI"
Fri Apr 26 23:59:56 +0000 2019,Who needs a truck when you have a Honda Accord sport! And still had room to fit a 7lb yorkie \ ,"Moses Lake, WA"
Fri Apr 26 23:59:56 +0000 2019,Tomorrow 4/27 will be a beautiful day to join Annie Apple and Zippy Zebra at Pullen Park! ,"Raleigh, NC"
Fri Apr 26 23:59:56 +0000 2019,Beer and Axes! #roofingcontractor #roofing #solarpv #pvsolar #photovoltaic #bisonroofingandsolar #companyculture  ,"Fort Lauderdale, FL"
Fri Apr 26 23:59:56 +0000 2019,treat to society ,"Missouri, USA"
Fri Apr 26 23:59:56 +0000 2019,3 more hours and I\ off for 3 days \,"Los Angeles, CA"
Fri Apr 26 23:59:56 +0000 2019, Same. Guess we have that in common. \,"Alafaya, FL"
Fri Apr 26 23:59:56 +0000 2019," so the civil war was likely America\'s biggest pissing contest.""'","Los Angeles, CA"
Fri Apr 26 23:59:56 +0000 2019,"Double scores 1. 2 outs.'""","McPherson, KS"
Fri Apr 26 23:59:56 +0000 2019,Forgot this ,"San Jose, CA"
Fri Apr 26 23:59:56 +0000 2019,"   is indeed gracious and lovely.'""","Clifton, NJ"
Fri Apr 26 23:59:55 +0000 2019,I\ officially a  fan now... ,"Maryland Heights, MO"
Fri Apr 26 23:59:55 +0000 2019,"Celebrating another year of accomplishments with our hardworking, dedicated, and impactful graduate student leaders\ ",Columbia University
Fri Apr 26 23:59:55 +0000 2019,I\'d give up a years worth of bus tickets and all medical bills paid seeing that it\'s only 8gms a year ,"Virginia, USA"
Fri Apr 26 23:59:55 +0000 2019,"This \ and Chill\ daiquiri is so good! #TGIF'""","Houston, TX"
Fri Apr 26 23:59:55 +0000 2019,No one grew up watching the Cardinals. Games were always blacked out ,"Indianapolis, IN"
Fri Apr 26 23:59:55 +0000 2019,  \,"Arizona, USA"
Fri Apr 26 23:59:55 +0000 2019, #Broncos got Drew Lock.  Think he can do what Gabbert could not?  \\n\\nHe won\ start right away because o\ ,"Guilford, CT"
Fri Apr 26 23:59:55 +0000 2019,I always feel sorry for the guy that is supposed to go first round. And he doesn\'t. And TV keeps showing him over a\ ,"Tempe, AZ"
Fri Apr 26 23:59:55 +0000 2019,omg you\'re so beautiful \ make that last one ur avi! ,"New Orleans, LA"
Fri Apr 26 23:59:55 +0000 2019,idk who needs to hear this but Ron made out with two girls and put his head between a cocktail waitress\'s breasts.\ ,"Salem, MA"
Fri Apr 26 23:59:55 +0000 2019,What do you think #BroncosCountry? ,"Colorado Springs, CO"
Fri Apr 26 23:59:55 +0000 2019,"If you need to fix a flat tired just give ya girl a call'""","North Carolina, USA"
Fri Apr 26 23:59:54 +0000 2019,"      That is what I thought new age'""","Maryland, USA"
Fri Apr 26 23:59:54 +0000 2019," Easy picking'""","Beech Grove, IN"
Fri Apr 26 23:59:54 +0000 2019, you had will Grier available \,"West Virginia, USA"
Fri Apr 26 23:59:54 +0000 2019,Been a year and a half since my last haircut - longer on the color. I\ all dolled up & my night = bringing home Th\ ,"Jackson, TN"
Fri Apr 26 23:59:54 +0000 2019,"Look, all of you are awesome. I don\ care if we\ going to fight down the road, we\ going to disagree, whatever\ ","Cary, NC"
Fri Apr 26 23:59:54 +0000 2019,Narrator: It Was ,"St Petersburg, FL"
Fri Apr 26 23:59:54 +0000 2019,"your goals don\ give a shit abt how you feel #suckitup'""","Pennsylvania, USA"
Fri Apr 26 23:59:54 +0000 2019," Bang bang!'""","Nampa, ID"
Fri Apr 26 23:59:54 +0000 2019,,"El Paso, TX"
Fri Apr 26 23:59:54 +0000 2019,"  Yup, and that\'s the beauty of it all.""'","Palo Alto, CA"
Fri Apr 26 23:59:54 +0000 2019," You need to take a pre turn up nap lol'""","Las Vegas, NV"
Fri Apr 26 23:59:54 +0000 2019, Sure...just subbed \,"Tennessee, USA"
Fri Apr 26 23:59:54 +0000 2019,Gonna go out on a limb and say my friend is drunk and she\ in a texting battle. This is gonna be great. ,"Lawton, OK"
Fri Apr 26 23:59:54 +0000 2019,"Take this for what you will but Ryan McMahon really likes Drew Lock. Thinks he\ be a solid QB.'""","Colorado, USA"
Fri Apr 26 23:59:54 +0000 2019,"crying'""",Belk Library and Information Commons
Fri Apr 26 23:59:53 +0000 2019," 3D World is such a joy. I actually prefer it to Odyssey sometimes.'""","Irrigon, OR"
Fri Apr 26 23:59:53 +0000 2019,Pretty night at the Light #SladeCecconi @ Mark Light Field at Alex Rodriguez Park ,"Coral Gables, FL"
Fri Apr 26 23:59:53 +0000 2019,"  #everymilematters #charitymiles strava  @ Birmingham, Alabama ","Birmingham, AL"
Fri Apr 26 23:59:53 +0000 2019,"Wind 3.0 mph WNW. Barometer 29.892 in, Rising. Temperature 60.8 \ Rain today 0.28 in. Humidity 38%'""","La Grange, KY"
Fri Apr 26 23:59:53 +0000 2019,"' That kinda coins the phrase; ""I Wouldn\\\'t Touch That With A 10\\\' Pole""...\''","Virginia, USA"
Fri Apr 26 23:59:53 +0000 2019,"One of my last picks in the cbl draft lost his shit in my team gc, called out my best players and said I\ a nutcas\ ","Chicago, IL"
Fri Apr 26 23:59:53 +0000 2019,  The Irish magician aka lucky charms aka the green goblin... that man ballin! \,"Virginia Beach, VA"
Fri Apr 26 23:59:53 +0000 2019,"If I didn\ have Johnna at work I would quit. Real talk'""","New Castle, PA"
Fri Apr 26 23:59:52 +0000 2019,"I like the Raiders\ strategy of drafting the best players from the best CFB teams.'""","North Little Rock, AR"
Fri Apr 26 23:59:52 +0000 2019,So proud of #77Blindside for selecting   as his school & team of choice! #Allin ,"New York, USA"
Fri Apr 26 23:59:52 +0000 2019,Friday evening bowling with my  Fam! ,AMF Smithtown Lanes
Fri Apr 26 23:59:52 +0000 2019, What!?! Did we know this before today??? \ \,"Eden Prairie, MN"
Fri Apr 26 23:59:52 +0000 2019,Can\ seem to vent cause In the end they all gone change \,"Chicago, IL"
Fri Apr 26 23:59:52 +0000 2019,"Day Five: I\'ve accepted a challenge from  to post covers of 7 books I love: no explanation, just the cove\ ","Carlsbad, CA"
Fri Apr 26 23:59:52 +0000 2019,This just makes me want to frolic...like legit frolic.\\n\\n#beautifulday #portlandnw #iloveportland #hikersofinstagram\ ,"Oregon, USA"
Fri Apr 26 23:59:52 +0000 2019,Cheyenne Frontier Days!! We will be back in July!! #cheyennefrontierdays #cheyennewyoming #thedaddyofthemall\ ,"Cheyenne, WY"
Fri Apr 26 23:59:52 +0000 2019,"Want to work in #Bozeman, MT? View our latest opening:  #Sales'""","Bozeman, MT"
Fri Apr 26 23:59:52 +0000 2019,Never thought I\ see \ train\ and \ service\ in the same sentence ,"Bedford Stuyvesant, Brooklyn"
Fri Apr 26 23:59:52 +0000 2019,What has our wonderful world come to? God help our kids ,"Reisterstown, MD"
Fri Apr 26 23:59:52 +0000 2019,"Look at that, Denver just drafted Jay Cutler again... #NFLDraft'""","Nashville, TN"
Fri Apr 26 23:59:52 +0000 2019,"  Thank you!  Miss Sakya has amazing taste, and I am feeling very spoiled right now. \","Mound, MN"
Fri Apr 26 23:59:52 +0000 2019,"  Things tend to work out when folks leave Manhattan for the Mile High City #emaw'""","Indiana, USA"
Fri Apr 26 23:59:52 +0000 2019," Get Greedy'""","Kentwood, MI"
Fri Apr 26 23:59:51 +0000 2019,Go for it Nacho Libre ...  \ ,"New York, NY"
Fri Apr 26 23:59:51 +0000 2019,"The Best of Heather Mooney  via  when I grow up imma be Heather Mooney...wait, I already am\","Houston, TX"
Fri Apr 26 23:59:51 +0000 2019,"#macgyvertime'""","Jefferson, OH"
Fri Apr 26 23:59:51 +0000 2019,Storm baseball with a good win tonight over the Burke Bulldogs 7-1.   Pounded out 11 hits coupled with a great outi\ ,"Omaha, NE"
Fri Apr 26 23:59:51 +0000 2019,#TopTenHusker ,"Lubbock, TX"
Fri Apr 26 23:59:51 +0000 2019,"  Signed'""","Pittsburgh, PA"
Fri Apr 26 23:59:50 +0000 2019,TGIF\\nThe\\nGrind\\nIncludes\\nFriday \\nFeeling stronger changing up the workouts using   #FitLeaders\ ,EP Fitness
Fri Apr 26 23:59:50 +0000 2019,"Looks like Clelin\'s modified West Coach speech won some favors for Clemson in the bay lol.""'","Greensboro, NC"
Fri Apr 26 23:59:50 +0000 2019, could you guys  post some pics of the Chinook unit out of Davenport?  This long distance mom would be ever so happy.  \,"Oregon, USA"
Fri Apr 26 23:59:50 +0000 2019,Yay!!!! Reuniting with  #GoDawgs ,"Manhattan, NY"
Fri Apr 26 23:59:50 +0000 2019,NEWS YOU DIDN\'T GET ON #MSNBC #CNN AND #HARDBALL\\n\\n\ of b***h got fired\ Joe Biden forced Ukraine to sack prosec\ ,"Pennsylvania, USA"
Fri Apr 26 23:59:50 +0000 2019,Texjoy grilled Chicken Breast\\ntexjoyseasonings #texjoy #texjoyroosterboosterseasoning @ Perry-Twiner Home ,"Silsbee, TX"
Fri Apr 26 23:59:50 +0000 2019, Sorry I still need my Lucy fix! \ ,"Brooklyn, NY"
Fri Apr 26 23:59:50 +0000 2019,"Hate is the absolute opposite of what the military should stand for, and the opposite of the ideals that motivated\ ","Manhattan, NY"
Fri Apr 26 23:59:50 +0000 2019,What it\ all about \ ,"Pittsfield, MI"
Fri Apr 26 23:59:50 +0000 2019,"Starters:\\n\\nA - Peterson, McEvoy, Krecicki \\nM - Pullen, Topping, Yi\\nD - Duffy, Ranck, Clancy,\\nG - Pagliaro'""","Johns Creek, GA"
Fri Apr 26 23:59:50 +0000 2019,"'Hanging out with ""Big Sister"" this weekend!!! \ #WeCute #RhymeAndChatt\\\'sInteractivePoetry @ The Mill ","Chattanooga, TN"
Fri Apr 26 23:59:49 +0000 2019, \ ,"Jersey City, NJ"
Fri Apr 26 23:59:49 +0000 2019,"Kodak Black was in East Harlem and no one punched him in the throat... tragic.'""","Pelham Manor, NY"
Fri Apr 26 23:59:49 +0000 2019," A deportation order since she is an illegal immigrant.'""","Phoenix, AZ"
Fri Apr 26 23:59:49 +0000 2019," So what let that kid play, let him have his opinion!'""","Carencro, LA"
Fri Apr 26 23:59:49 +0000 2019," But is he a man\'s man, Jeb?""'",United States
Fri Apr 26 23:59:49 +0000 2019,"  Sorry NFL draft.  I\ watching Max Fried & the Braves tonite.'""","Georgia, USA"
Fri Apr 26 23:59:49 +0000 2019,"Chipotle is really good. That\ it'""","Ohio, USA"
Fri Apr 26 23:59:49 +0000 2019,All of my astrological and tarot/oracle card readings lately keep saying my life is about to totally change but I\ ,"Denver, CO"
Fri Apr 26 23:59:49 +0000 2019,And now  has helped me complete the broadway Disney pyramid! We out here. @ Frozen - The Musical ,"Manhattan, NY"
Fri Apr 26 23:59:49 +0000 2019,Niggas wanna be my complexion so bad \ ,"Florida, USA"
Fri Apr 26 23:59:49 +0000 2019,I So Ready To Watch This Guy Play Ball\ ,"Anaheim, CA"
Fri Apr 26 23:59:49 +0000 2019,Get yourself some ,"Escalon, CA"
Fri Apr 26 23:59:49 +0000 2019,Oakland Tigers ,"Yuba City, CA"
Fri Apr 26 23:59:49 +0000 2019," lol never. I\ just being a good friend.'""","New Orleans, LA"
Fri Apr 26 23:59:49 +0000 2019,Is cocktail-oclock a thing? I \ @ Mise En Place ,"Tampa, FL"
Fri Apr 26 23:59:49 +0000 2019, Thank you baby girl.\,"Hallandale Beach, FL"
Fri Apr 26 23:59:49 +0000 2019,And now Drew Lock joins Risner in Denver and the Broncos target local products with back to back picks. ,"Kansas City, MO"
Fri Apr 26 23:59:49 +0000 2019,"going broke is for the weak ...'""","Los Angeles, CA"
Fri Apr 26 23:59:48 +0000 2019, Only thing that may be good about it is that Moton is back at RT and Williams is just a big body. I\ no\ ,"Atlanta, GA"
Fri Apr 26 23:59:48 +0000 2019," Ah, that\'s different. I hadn\'t read the WP article yet.""'","Chicago, IL"
Fri Apr 26 23:59:48 +0000 2019,"current weather in New York: heavy intensity rain, 57\ humidity, wind 7mph, pressure 994mb'""","Manhattan, NY"
Fri Apr 26 23:59:48 +0000 2019,"20  signed in  for tonight\ $4,014 to win #RonnieBrookshireMemorial ",Laurens County Speedway
Fri Apr 26 23:59:48 +0000 2019,"It\ toasty af and I just finished my errands for the day.'""","Stockton, CA"
Fri Apr 26 23:59:48 +0000 2019,"In the past 2 yrs I\'ve completed 120 hrs of pro bono work for  public service, representing clients in court\ ","Shorewood, WI"
Fri Apr 26 23:59:48 +0000 2019," Omg I hope ur ok :('""","Brookside, DE"
Fri Apr 26 23:59:48 +0000 2019,"'    The voting locations were closed between 2013 & 2016 ""Local officials acros\ ","Medford, OR"
Fri Apr 26 23:59:48 +0000 2019,Sooo cool!!! #GMFBFam ,"Bradenton, FL"
Fri Apr 26 23:59:48 +0000 2019," Flacco will be the comeback player of the year this year! Drew Lock will Be our future though'""","Billings, MT"
Fri Apr 26 23:59:48 +0000 2019,"At 5:00 PM EDT, Mooresville [Iredell Co, NC] TRAINED SPOTTER reports NON-TSTM WND DMG. SEVERAL TREES DOWN IN IREDEL\ ","Mooresville, NC"
Fri Apr 26 23:59:48 +0000 2019,"Wine Friday\ \ Rich, bold flavors from 1000storieswines #Californiawine #bourbonbarrelaged #1000storieswine\ ","Long Beach, CA"
Fri Apr 26 23:59:48 +0000 2019,"I\'m at Gravity Hill Farm in Titusville, NJ ","New Jersey, USA"
Fri Apr 26 23:59:48 +0000 2019, 1. They are trained\\n2. Most mimicking the old guard\\n3. Not many person can handle the new found author\ ,"Municipality of Monroeville, PA"
Fri Apr 26 23:59:48 +0000 2019,"  are y\ going through my Instagram'""","Orlando, FL"
Fri Apr 26 23:59:48 +0000 2019,I see someone who\ Papi worthy. \ is sexier than a grown ass woman with a  J O B ! \ ,"Newport News, VA"
Fri Apr 26 23:59:47 +0000 2019,"somebody let\ gets drunk'""","Charlotte, NC"
Fri Apr 26 23:59:47 +0000 2019,"Lets get to work Drew Lock!!! #LFG'""","Cedar Falls, IA"
Fri Apr 26 23:59:47 +0000 2019,showmance. @ Kennedy Center ,"Washington, DC"
Fri Apr 26 23:59:47 +0000 2019,"At 6:00 PM EDT, 8 NNE Elgin [Lancaster Co, SC] FIRE DEPT/RESCUE reports NON-TSTM WND DMG. FIRE DEPT REPORTED TREE D\ ","South Carolina, USA"
Fri Apr 26 23:59:47 +0000 2019," Lol, nope!!'""","Nashville, TN"
Fri Apr 26 23:59:47 +0000 2019," Oh man tortured by juggaloa no'""","Fargo, ND"
Fri Apr 26 23:59:47 +0000 2019,"$5 dollars if you\ a guy and you\ NOT going to see endgame'""","Watertown, WI"
Fri Apr 26 23:59:47 +0000 2019,"Apple music es bida'""","Pugnado Afuera, Puerto Rico"
Fri Apr 26 23:59:47 +0000 2019,All I\'ve been thinking about all day is getting home around 1am tonight + sleeping until I physically can\'t sleep a\ ,"Philadelphia, PA"
Fri Apr 26 23:59:47 +0000 2019,Whenever I\ out at a restaurant I play this fun game in my head where I bet which couple is on their first Tinder\ ,"Norfolk, NE"
Fri Apr 26 23:59:47 +0000 2019,"At 5:30 PM EDT, Salisbury [Rowan Co, NC] TRAINED SPOTTER reports NON-TSTM WND DMG. SEVERAL TREES REPORTED DOWN ACRO\ ","Salisbury, NC"
Fri Apr 26 23:59:47 +0000 2019,I\'m just so incredibly exhausted...\\nI- I can\'t. ,"Houston, TX"
Fri Apr 26 23:59:47 +0000 2019,"Este domingo recuperamos Espa\ \ la cordialidad, el saber estar y la amistad democr\ y por encima de id\ ","Manhattan, NY"
Fri Apr 26 23:59:47 +0000 2019,"Broncos and bills are keeeeling it'""","Pennsylvania, USA"
Fri Apr 26 23:59:47 +0000 2019,The gang is back together!   \ \\n\\n#musicatheatre #everydayimhustling\ ,"Brooklyn, NY"
Fri Apr 26 23:59:47 +0000 2019,I love it.  won the draft. Huge W. Let\ get to work ,"Cortland, NY"
Fri Apr 26 23:59:47 +0000 2019,"  passing over Greedy just makes you think that the interview process was horrible. Thoughts?'""","Nashville, TN"
Fri Apr 26 23:59:47 +0000 2019,So awesome that we have to keep drafting the same position over and over again. ,"Tampa, FL"
Fri Apr 26 23:59:47 +0000 2019,Oh? ,"Foothill Farms, CA"
Fri Apr 26 23:59:46 +0000 2019," Ah, I am watching it on NFL channel and didn\'t notice it.""'","Northglenn, CO"
Fri Apr 26 23:59:46 +0000 2019," Peace and wisdom for new job I am starting on Monday.  Thanks man'""","Texas, USA"
Fri Apr 26 23:59:46 +0000 2019,"After a break (full of trips), I am back. First mile under 10 mins is much better than I thought I could achieve. T\ ","Houston, TX"
Fri Apr 26 23:59:46 +0000 2019,"  Did u like the way she smelled creepy Joe?'""","Lynn, MA"
Fri Apr 26 23:59:46 +0000 2019,"So... I\ sitting here in a couch between two YLs studying for amateur radio exams. It doesn\ get much better than this.'""","Montgomery, AL"
Fri Apr 26 23:59:46 +0000 2019," same here! Normally I\ SMASHING the season this far in. Ugh'""","Denver, CO"
Fri Apr 26 23:59:46 +0000 2019,"At 5:30 PM EDT, Concord [Cabarrus Co, NC] TRAINED SPOTTER reports NON-TSTM WND DMG. SEVERAL TREES DOWN IN CABARRUS\ ","Concord, NC"
Fri Apr 26 23:59:46 +0000 2019,"Elway Was At The Senior Bowl All Week, He Found His QB... ",Ladd-Peebles Stadium
Fri Apr 26 23:59:46 +0000 2019,"The Mind Inside: Episode One | The Mind Inside: Episode One  via  watch this!!!'""","Lincoln, NE"
Fri Apr 26 23:59:46 +0000 2019,Sigh ,"Loves Park, IL"
Fri Apr 26 23:59:46 +0000 2019,"Poor Joe Flacco lmao'""","Fredonia, NY"
Fri Apr 26 23:59:46 +0000 2019,"The fact that the broncos traded in front of us to draft a QB scares the hell out of me.'""","Chesterfield, MI"
Fri Apr 26 23:59:46 +0000 2019,Okay  following your instructions...ready to count everything and find this clue. But first... the sn\ ,"Colorado, USA"
Fri Apr 26 23:59:46 +0000 2019,"Happy Lesbian Visibility Day! Its the one day of the year lesbians can\'t cast the spell invisibity!""'","San Antonio, TX"
Fri Apr 26 23:59:46 +0000 2019,Just posted a photo @ Branch Out Conway ,"Conway, AR"
Fri Apr 26 23:59:45 +0000 2019,"6:30pm: let\ go see End game tonight \\n6:32pm: 3 of us buy FRONT ROW SEATS\\n8:00pm: Impatiently awaiting 10:10pm'""","Manhattan, NY"
Fri Apr 26 23:59:45 +0000 2019,"John Elway really tryna make me stop being a fan'""","Austin, TX"
Fri Apr 26 23:59:45 +0000 2019,"Give me some Tyree Jackson later on'""","Sunrise, FL"
Fri Apr 26 23:59:45 +0000 2019,   Man life still gonna go on\,"Los Angeles, CA"
Fri Apr 26 23:59:45 +0000 2019,To all those Titans to Drew Lock rumors. ,"Memphis, TN"
Fri Apr 26 23:59:45 +0000 2019,"  I will avenge you brothero'""","Georgia, USA"
Fri Apr 26 23:59:45 +0000 2019,"Next tattoo is definitely gonna be dgd inspired'""","Davison, MI"
Fri Apr 26 23:59:45 +0000 2019,"  Delete'""","Littleton, CO"
Fri Apr 26 23:59:45 +0000 2019,What even... ,"Mount Arlington, NJ"
Fri Apr 26 23:59:45 +0000 2019,The squad at End Game last night. \\n\\nI\ tired af today. ,"Los Angeles, CA"
Fri Apr 26 23:59:44 +0000 2019,"repost from jerkfacerek72 @ Lithonia, Georgia ","Lithonia, GA"
Fri Apr 26 23:59:44 +0000 2019,"Dinner with our team, then lots of work this weekend! @ Osteria Marco ","Denver, CO"
Fri Apr 26 23:59:44 +0000 2019,"Fant \\nRisner\\nLock\\n\\nNot a terrible draft so far. Filling needs so I\ happy.'""","Tucson, AZ"
Fri Apr 26 23:59:44 +0000 2019,"   Whoops, sorry!'""","Mattawan, MI"
Fri Apr 26 23:59:44 +0000 2019,"I\ been oversleeping so much this week, it\ really bad. I\ fighting the sleep rn'""","Commerce, CA"
Fri Apr 26 23:59:44 +0000 2019,"Today, I became a Bright Spot Recipient for the Career Pathway Teacher Leader program. I\ had the best team along\ ","Houston, TX"
Fri Apr 26 23:59:44 +0000 2019,"this weather though \ #happyfriday #downtownsarasota #doggo @ Sarasota, Florida ","Sarasota, FL"
Fri Apr 26 23:59:44 +0000 2019,"New take on the modernist bracelet, modernist leather wrap bracelet.  Great for men and women and just in time for\ ","Seattle, WA"
Fri Apr 26 23:59:44 +0000 2019," Esse cara \ artista Kkkkk'""","Milford, MA"
Fri Apr 26 23:59:44 +0000 2019," I do not.'""","Mentor, OH"
Fri Apr 26 23:59:44 +0000 2019,Live look at John Elway: ,"Seattle, WA"
Fri Apr 26 23:59:44 +0000 2019,"  A fifth isn\'t much in my eyes lol""'","Orchard Park, NY"
Fri Apr 26 23:59:44 +0000 2019,Great speech! ,"Elfers, FL"
Fri Apr 26 23:59:43 +0000 2019,I get asked the hardest questions when I\ high \,"Cleveland Heights, OH"
Fri Apr 26 23:59:43 +0000 2019,First triple-digit day of the year! \ ,"Mesa, AZ"
Fri Apr 26 23:59:43 +0000 2019," Sin hinchada visitante. Basta de diiscurso falso moral los dirigentes. Para que? Nadie lo quiere.'""","Doral, FL"
Fri Apr 26 23:59:43 +0000 2019," Man Michigan ave the shit, it has Ga fucked up they got everything man and it\ so much to do I love it fr\ ","Chicago, IL"
Fri Apr 26 23:59:43 +0000 2019,"Eating a burrito , driving stick  and tweeting is hard smh'""","La Puente, CA"
Fri Apr 26 23:59:43 +0000 2019," Preciate that gang'""","Atlanta, GA"
Fri Apr 26 23:59:43 +0000 2019,"I just wanna see my Lil Mami'""","Sacramento, CA"
Fri Apr 26 23:59:43 +0000 2019," Hell yes !!!!'""","Wisconsin, USA"
Fri Apr 26 23:59:43 +0000 2019,"Just win, maybe? ","Fairport, NY"
Fri Apr 26 23:59:43 +0000 2019, Sure can. Doing it the fuck now. I\ fine. ,"Providence, RI"
Fri Apr 26 23:59:43 +0000 2019,"   Exactly. FILM EVERYTHING. They will lie with hesitation.'""","Kentwood, MI"
Fri Apr 26 23:59:42 +0000 2019,Doin\' time \ #SublimeNerd ,"Fircrest, WA"
Fri Apr 26 23:59:42 +0000 2019,"Man endgame destroyed me'""","Irving, TX"
Fri Apr 26 23:59:42 +0000 2019,"Elway gets his guy.'""","Houston, TX"
Fri Apr 26 23:59:42 +0000 2019,"  can'""","Cedar Hills, UT"
Fri Apr 26 23:59:42 +0000 2019," Have you ever had a steak charred rare? Black and blue, baby!!'""","Opal Cliffs, CA"
Fri Apr 26 23:59:42 +0000 2019," Thanks man! I appreciate the shoutout and your friendship'""","Missouri, USA"
Fri Apr 26 23:59:42 +0000 2019," Yeah I ain\ really care when she left lol I was just tryna see if this is a problem others have experienced'""","Queens, NY"
Fri Apr 26 23:59:42 +0000 2019,"People don\ sacrifice for one another. They tend to only look for what one person gets and how it should be them.'""","Killeen, TX"
Fri Apr 26 23:59:42 +0000 2019," Hahahhahahaha wait. I have to think about that statement.'""","Philadelphia, PA"
Fri Apr 26 23:59:42 +0000 2019,"  What\'s current record for # of games without one? And how close are the Padres?""'","Tucson, AZ"
Fri Apr 26 23:59:42 +0000 2019,"  Glad to be a part of this wonderful event.'""","Virginia Beach, VA"
Fri Apr 26 23:59:42 +0000 2019,"     Great response haha!'""","Oakland, CA"
Fri Apr 26 23:59:41 +0000 2019, I didn\ know you wanted to watch it \,"Houston, TX"
Fri Apr 26 23:59:41 +0000 2019,"life has been going sooooo good but it\ still kicking my ass'""","Roseville, MI"
Fri Apr 26 23:59:41 +0000 2019,Checking in for  with  with  from Ft Hyatt! #UnfinishedBusiness\ ,"Minot, ND"
Fri Apr 26 23:59:41 +0000 2019,Party in the house! @ Saucon Valley Country Club ,"Pennsylvania, USA"
Fri Apr 26 23:59:41 +0000 2019,"   Bobby would have loved the idea of twitter although the usage may have turned him off.'""","Kentucky, USA"
Fri Apr 26 23:59:41 +0000 2019," #8100minutesofJamestown #JamestheJuggernaut\\nJames wins again and this time without a single daily double!  He\ in #beastmode'""","Dahlonega, GA"
Fri Apr 26 23:59:41 +0000 2019,#gaming #GamingLife #games #GamersUnite #XboxFanFest #E32019 #PlayStation4 #PCGamer #eSports #livestreaming\ ,"Chicago, IL"
Fri Apr 26 23:59:41 +0000 2019,Pictures from the \ Week For Animals in Laboratories Vigil\ at the Oregon National Primate Research Center (O\ ,"Hillsboro, OR"
Fri Apr 26 23:59:41 +0000 2019,   It\ mine right now! I\ learning about new flavor combos and spices.  This guy know\ ,"Burlington, MA"
Fri Apr 26 23:59:41 +0000 2019,"  Thanks John for saving Steve Keims ass!'""","Tempe, AZ"
Fri Apr 26 23:59:41 +0000 2019,Let\ go  ,"Cary, NC"
Fri Apr 26 23:59:40 +0000 2019,Minor Crash on I-59 SB @ MP135.6 before Exit 137: I-459 in Birmingham. Expect minor delays. More details: ,"Birmingham, AL"
Fri Apr 26 23:59:40 +0000 2019,  Save me a plate be there after the BOYZ pick!!\,"Wylie, TX"
Fri Apr 26 23:59:40 +0000 2019,Best tradition in high school baseball! Great memories! ,"Austin, TX"
Fri Apr 26 23:59:40 +0000 2019," Not trending now, nor when I tweeted back! It\ all Draft ... I would\ totally went to see what you me\ ","Decatur, IL"
Fri Apr 26 23:59:40 +0000 2019," Great'""","Pennsauken, NJ"
Fri Apr 26 23:59:40 +0000 2019,"Girls really don\ have to use the bathroom. They\ be in there 40 minutes just to get a good 3 second boomerang.'""","Hampton, VA"
Fri Apr 26 23:59:40 +0000 2019, Please stop playing and just tell us already. Can\ you tell we\ all so desperate here?\ ,"Torrance, CA"
Fri Apr 26 23:59:40 +0000 2019,"When I have a fractured ankle so I\ stuck at home, spent all day studying for a law school exam, and all I want is\ ","Everett, MA"
Fri Apr 26 23:59:40 +0000 2019,Into it tonight. It\ a vibe.  ,"Charlotte, NC"
Fri Apr 26 23:59:40 +0000 2019,"Spotr 2 miles S of LA SALLE, CO @ 23:59 UTC OtherWind (50mph)>-'""","Colorado, USA"
Fri Apr 26 23:59:40 +0000 2019," Exacto! Los viejos, los nuevos no sirven para nada'""","Las Vegas, NV"
Fri Apr 26 23:59:40 +0000 2019,"You can\ get all three, but you can see   at  in a couple of weeks... an inspiring speaker an\ ","Pennsylvania, USA"
Fri Apr 26 23:59:40 +0000 2019,"i will never tell social media about my problems like literally EVER thats one thing i\ learned'""","Georgia, USA"
Fri Apr 26 23:59:40 +0000 2019,"Whoa Broncos. Whoa.'""","Colorado, USA"
Fri Apr 26 23:59:40 +0000 2019,I highly doubt it\ that deep ,"Denton, TX"
Fri Apr 26 23:59:40 +0000 2019,"And the Broncos finally take a QB. I feel like him going to play for John Elway might mean he\ doomed though...'""","Ashwaubenon, WI"
Fri Apr 26 23:59:39 +0000 2019,  song/writer Cantautore Falciani Luciano / nick name Lucio Album n 10  son\ ,United States
Fri Apr 26 23:59:39 +0000 2019,"Flacco gotta be pissed....he just left a situation like this'""","Capitol Heights, MD"
Fri Apr 26 23:59:39 +0000 2019,It\ a scary sight ,"Fort Bragg, NC"
Fri Apr 26 23:59:39 +0000 2019,"The Broncos getting Drew Lock in the 2nd round makes the Giants look even dumber'""","Oviedo, FL"
Fri Apr 26 23:59:39 +0000 2019,"Bold move wearing a Tyreek Hill jersey to Endgame.'""","Kansas City, MO"
Fri Apr 26 23:59:39 +0000 2019,Idk if it\ bc I miss Cristina Yang so much but I\ 7 minutes in to Killing Eve and I\ hooked \,"Arbutus, MD"
Fri Apr 26 23:59:39 +0000 2019,Today was a good day at the Region 4 5A/6A Track Meet. @ Heroes Stadium ,"San Antonio, TX"
Fri Apr 26 23:59:39 +0000 2019," I have no issue with shifting days to start earlier, but I do take issue with adding PD days without\ ","Livonia, MI"
Fri Apr 26 23:59:39 +0000 2019,"Recovery during the meet to be ready for the 4x400, thanks to  #NashvilleGirlsTrackInvitational ","Nashville, IL"
Fri Apr 26 23:59:39 +0000 2019," Good call!'""","Ravenna, OH"
Fri Apr 26 23:59:39 +0000 2019,Welcome to the 2019 Education Minnesota Representative Convention! More than 600 educators from across the state se\ ,"Minneapolis, MN"
Fri Apr 26 23:59:38 +0000 2019," man i know exactly how you feel, pretty similar reasons why i haven\ been around either\\n\\n\","Sacramento, CA"
Fri Apr 26 23:59:38 +0000 2019,This is exactly what they do ,"Houston, TX"
Fri Apr 26 23:59:38 +0000 2019, 3-0 with 3ko\ I forgot when he chocked that dude out. \,"Buckeye, AZ"
Fri Apr 26 23:59:38 +0000 2019,       I think you\ ,"Ocoee, FL"
Fri Apr 26 23:59:38 +0000 2019,taking it all in.  \ ,"Hollywood, Los Angeles"
Fri Apr 26 23:59:38 +0000 2019,"Got me out of character'""","Kenner, LA"
Fri Apr 26 23:59:38 +0000 2019,K I feel like I\ the only one working but I mean whatever \ I was doing fine on my own \,"Harlingen, TX"
Fri Apr 26 23:59:38 +0000 2019,"I DON\ FREAKING CARE! WE TOOK NOAH FANT, DALTON RISNER AND DREW LOCK'""","Castle Rock, CO"
Fri Apr 26 23:59:38 +0000 2019,Incident on #MLine at Hewes Street Station ,"Brooklyn, NY"
Fri Apr 26 23:59:38 +0000 2019,Love it! ,"Ankeny, IA"
Fri Apr 26 23:59:38 +0000 2019,WWWWWWWWWWWWWWWWWWWWW \\n\\n#BearDown ,"Catalina Foothills, AZ"
Fri Apr 26 23:59:38 +0000 2019,Wow ,"Louisiana, USA"
Fri Apr 26 23:59:38 +0000 2019,Incident on #LinkBus from Beford Avenue L Station to Hewes St J & M Station ,"Brooklyn, NY"
Fri Apr 26 23:59:38 +0000 2019,My skin is HIT right now and yet I still get compliments on it \,"Manhattan, NY"
Fri Apr 26 23:59:38 +0000 2019," I wish his Mom or Dad would  come& kick their ass! That\'s a baby!""'","Philadelphia, PA"
Fri Apr 26 23:59:38 +0000 2019," Go get you some coach!'""","Enterprise, NV"
Fri Apr 26 23:59:38 +0000 2019,Incident on #WilliamsburgBus from Beford Avenue L Station to Hewes St J & M Station ,"Brooklyn, NY"
Fri Apr 26 23:59:38 +0000 2019,beetlejuicebway #openingnight #openingnightparty  #broadway #cgftalent @ The Copacabana Times Square ,"Manhattan, NY"
Fri Apr 26 23:59:38 +0000 2019," Aren\ we all ?'""","Hooper, UT"
Fri Apr 26 23:59:38 +0000 2019,Are millennial (head coaches) killing recruiting competition? ,"Norman, OK"
Fri Apr 26 23:59:37 +0000 2019,Incident on #NewBus from Beford Avenue L Station to Hewes St J & M Station ,"Brooklyn, NY"
Fri Apr 26 23:59:37 +0000 2019,"We are the home team to start game 3!!!! Let\ go!!!!'""","Dumas, TX"
Fri Apr 26 23:59:37 +0000 2019," Why can\ they just keep the comic material for X-men? They keep trying to change it...ugh why?'""","Dallas, TX"
Fri Apr 26 23:59:37 +0000 2019, Whoop whoop jackson \,"Tallahassee, FL"
Fri Apr 26 23:59:37 +0000 2019,Incident on #B91Bus from Beford Avenue L Station to Hewes St J & M Station ,"Brooklyn, NY"
Fri Apr 26 23:59:37 +0000 2019,   The Democrat Presidential hopefuls will not use the information about Biden and Ukraine until w\ ,"Texas, USA"
Fri Apr 26 23:59:37 +0000 2019," What!?!? Where  !?!?'""","San Francisco, CA"
Fri Apr 26 23:59:37 +0000 2019,Construction on #GLine Both directions at Broadway Station ,"Brooklyn, NY"
Fri Apr 26 23:59:37 +0000 2019,MY FAVE \ ,"Belville, NC"
Fri Apr 26 23:59:37 +0000 2019,Construction on #NJ17 SB at New York State Line ,"Mahwah, NJ"
Fri Apr 26 23:59:37 +0000 2019," Extending my deepest sympathy to you and your family'""","Brooklyn, NY"
Fri Apr 26 23:59:37 +0000 2019,"  Also, I\'m in the alter sleeves kickstarter, so that\'s definitely an option.""'","Oregon, USA"
Fri Apr 26 23:59:37 +0000 2019,"  Trading for whom? A cheerleader?'""","Tamiami, FL"
Fri Apr 26 23:59:37 +0000 2019,Construction on #GLine Both directions from Church Avenue Station to Court Square Station ,"Brooklyn, NY"
Fri Apr 26 23:59:37 +0000 2019,"In true Broncos fashion, Elway grabs Drew Lock'""","Phoenix, AZ"
Fri Apr 26 23:59:37 +0000 2019," I feel called out D:'""","Des Plaines, IL"
Fri Apr 26 23:59:37 +0000 2019," I do for 15$'""","Ohio, USA"
Fri Apr 26 23:59:37 +0000 2019," unlock your tweets god damn'""","Kansas City, MO"
Fri Apr 26 23:59:36 +0000 2019,Construction on #JLine Both directions at Hewes Street Station ,"Brooklyn, NY"
Fri Apr 26 23:59:36 +0000 2019,"Best QB in draft is a Bronco we get him 2 times a year'""","Mississippi, USA"
Fri Apr 26 23:59:36 +0000 2019,"ooooohhhh, I like this pick ","Columbia, KY"
Fri Apr 26 23:59:36 +0000 2019,"SEC fans who chant SEC is all the cringe'""","Maitland, FL"
Fri Apr 26 23:59:36 +0000 2019,Construction on #3Line Both directions at Junius Street Station ,"Brooklyn, NY"
Fri Apr 26 23:59:36 +0000 2019,"Cmon man Cowboys trade up pls'""","Denton, TX"
Fri Apr 26 23:59:36 +0000 2019,MEANWHILE IN JOE FLACCOS HOME  ,"St Petersburg, FL"
Fri Apr 26 23:59:36 +0000 2019," They will NOT let the Dingo eat their babies!!!'""","Manhattan, NY"
Fri Apr 26 23:59:36 +0000 2019,Construction on #MLine Both directions from Metropolitan Avenue-Middle Village Station to 71st Avenue ,"Queens, NY"
Fri Apr 26 23:59:36 +0000 2019," I look like someone drew eyes and a nose on a cantaloupe.'""","Cincinnati, OH"
Fri Apr 26 23:59:36 +0000 2019,Go  ! This just shows how much we need him to win the primary. He can be the change we need! #Beto2020\ ,"Dallas, TX"
Fri Apr 26 23:59:36 +0000 2019,Construction on #B92Bus Both directions from Beford Avenue L Station to Hewes St J & M Station ,"Brooklyn, NY"
Fri Apr 26 23:59:36 +0000 2019," Dale Kitu.'""","North Bergen, NJ"
Fri Apr 26 23:59:36 +0000 2019,I\ very sorry for your loss Jeanine. I\ prayer for you and your family to be comforted ,"Livermore, CA"
Fri Apr 26 23:59:36 +0000 2019,Trump has \ this nation. I never unfriended or name called ANYONE who disagreed with me politically nor did I see t\ ,"Monroe, LA"
Fri Apr 26 23:59:36 +0000 2019,Watch this ,"Florida, USA"
Fri Apr 26 23:59:36 +0000 2019,Construction on #LLine Both directions at Livonia Avenue Station ,"Brooklyn, NY"
Fri Apr 26 23:59:36 +0000 2019,"i cant wait to wear my own clothes again'""","Florida, USA"
Fri Apr 26 23:59:36 +0000 2019," It\ an amazing feeling.'""","Lenexa, KS"
Fri Apr 26 23:59:36 +0000 2019,Excited for our big test tomorrow against  Come check us out! 12:30 & 2. ,Atwood Stadium
Fri Apr 26 23:59:35 +0000 2019,Construction on #LProject Both directions from Rockaway Parkway-Canarsie Station to 14th Street-Union Square Station ,"Brooklyn, NY"
Fri Apr 26 23:59:35 +0000 2019,Bad ass kids in the barbershop \ ,"West Pensacola, FL"
Fri Apr 26 23:59:35 +0000 2019,"That nap blessed.'""","Boston, MA"
Fri Apr 26 23:59:35 +0000 2019," kaleidoscope.'""","Fair Oaks, VA"
Fri Apr 26 23:59:35 +0000 2019," Okay but are these already gone because I don\ see them on the store'""","Holland, OH"
Fri Apr 26 23:59:35 +0000 2019,"So I\ going to #Philly tomorrow \ what should I see, better yet what should I eat? Looking for tips, folks! #Philadelphia'""","Brooklyn, NY"
Fri Apr 26 23:59:35 +0000 2019,Construction on #M14ABus Both directions at Essex Street and Delancey Street ,"Manhattan, NY"
Fri Apr 26 23:59:35 +0000 2019," Evidently its pretty clear that he takes alot of plays off and doesnt have great effort'""","Fort Lauderdale, FL"
Fri Apr 26 23:59:35 +0000 2019,"We\ in the end game now :,) (@ Lyric Cinema Cafe for Avengers: Endgame in Fort Collins, CO) ","Fort Collins, CO"
Fri Apr 26 23:59:35 +0000 2019,"Accident, shoulder blocked in #Portland on I 5 NB at Columbia Blvd, stopped traffic back to The Burnside Brg Overpass, delay of 39 mins'""","Portland, OR"
Fri Apr 26 23:59:35 +0000 2019,All I see everyone talking about ubbi dubbi on my TL & im so excited for tomorrow! \,"Little Elm, TX"
Fri Apr 26 23:59:35 +0000 2019,The  is funny as hell \ I\ at work crying listening tot be Dallas Show \,"Fresno, CA"
Fri Apr 26 23:59:35 +0000 2019,Construction on #7Line Both directions from 34th Street-Hudson Yards Station to Main Street-Flushing Station ,"Manhattan, NY"
Fri Apr 26 23:59:35 +0000 2019,Sweet tooth anyone?? Saturday and Sunday only we have our Oreo brownie with ice cream and peach cobbler with ice cr\ ,"Oak Ridge, FL"
Fri Apr 26 23:59:35 +0000 2019,Yeah we know hardest movie out \ ,"Anaheim, CA"
Fri Apr 26 23:59:35 +0000 2019, Okuurrrr. Best believe I\ pulling out my neon for my birthday \,"Bloomfield, NJ"
Fri Apr 26 23:59:35 +0000 2019,"   #HathNoFury'""","El Paso, TX"
Fri Apr 26 23:59:35 +0000 2019,"Tonight: Kurt Weill\ \ in the Dark,\ my first time. It\ like finally meeting long-distance love. ",New York City Center
Fri Apr 26 23:59:35 +0000 2019,"#DenverDrew'""","Nashville, TN"
Fri Apr 26 23:59:34 +0000 2019,"...Does anyone know if there are any Baston ukulele tabs? Cause I\'m not finding shit (specifically build a wall).""'","Washington, DC"
Fri Apr 26 23:59:34 +0000 2019, is killing me. I\ full on Mark-Kate and Ashley detective-style investigating and hunting for these\ ,"Oklahoma, USA"
Fri Apr 26 23:59:34 +0000 2019," Yaaaaaaa'""","Florida, USA"
Fri Apr 26 23:59:34 +0000 2019,"  Nah I was saying he aint got money to waste . reason being is school.'""","Baltimore, MD"
Fri Apr 26 23:59:34 +0000 2019," Way to fight and thank you  ! Much respect and honor!'""","Troy, MI"
Fri Apr 26 23:59:34 +0000 2019,"Drew Lock is going to Denver.'""","St Joseph, MO"
Fri Apr 26 23:59:34 +0000 2019," right !!!!'""","Arlington, TX"
Fri Apr 26 23:59:34 +0000 2019," Just. Stop. Please. Go be a Human Care Hater somewhere else. Just not here.'""","Philadelphia, PA"
Fri Apr 26 23:59:34 +0000 2019, \,"Bridgeport, CT"
Fri Apr 26 23:59:34 +0000 2019, Pettis had a solid rookie year.\\n\\nPettis and Goodwin take steps forward. \\n\\nMathews has a descent come\ ,"Inglewood, CA"
Fri Apr 26 23:59:34 +0000 2019,Pansexuality to me is falling in love with someone based on the energy I feel they put fourth. This is true not onl\ ,"San Angelo, TX"
Fri Apr 26 23:59:33 +0000 2019,"Detroit Lions are on the clock\\nQuick Who ya got?'""","Allen Park, MI"
Fri Apr 26 23:59:33 +0000 2019,I\ pregnant and the dad is  \ ,"Florida, USA"
Fri Apr 26 23:59:33 +0000 2019,I\ weak I was FaceTiming my grandma and someone knocked on her door trying to sell her something and she said \ ,"Santa Cruz, CA"
Fri Apr 26 23:59:33 +0000 2019,Live from the 119th Ojai\\n\\nParodi def Rooney (Chapman) 63 62\\nParodi def Reznik (Redlands) 62 62\\nGordy def Rojas (Lin\ ,"Ventura, CA"
Fri Apr 26 23:59:33 +0000 2019,No more chances \,"Manhattan, NY"
Fri Apr 26 23:59:33 +0000 2019," Big factsss'""","Brooklyn, NY"
Fri Apr 26 23:59:33 +0000 2019," I don\'t know how they keep the lights on at headquarters""'","Collinsville, VA"
Fri Apr 26 23:59:33 +0000 2019,7-8pm Tonight class hosted by Teddy Massey! @ SETAY Dance and Fitness Event Center ,"Tempe, AZ"
Fri Apr 26 23:59:33 +0000 2019,"I\ still trying to figure it out how to breath after #EndGame'""","Wheaton, MD"
Fri Apr 26 23:59:33 +0000 2019,"  Is this guy for real'""","Enterprise, NV"
Fri Apr 26 23:59:33 +0000 2019,"hoes idgaf about always be the most pressed on me.'""","Virginia, USA"
Fri Apr 26 23:59:33 +0000 2019," 1. Greedy\\n2. Dremont Jones \\n3. Justin Layne'""","Columbus, OH"
Fri Apr 26 23:59:33 +0000 2019, Check out ,"Georgia, USA"
Fri Apr 26 23:59:32 +0000 2019,"There it is. Elway theory is officially in limbo.'""","Los Angeles, CA"
Fri Apr 26 23:59:32 +0000 2019,"FACTS:\\n\\nAs of October 2017, Gallup polling found that 31% of Americans identified as Democrat, 24% identified as Re\ ","Vallejo, CA"
Fri Apr 26 23:59:32 +0000 2019,"So I\ unfamiliar with this  dude. Clearly a fucking moron right? I thought we were all in agreement? #DontSpoilTheEndgame'""","Illinois, USA"
Fri Apr 26 23:59:32 +0000 2019," Trying up here in 211!!'""","Brooklyn, NY"
Fri Apr 26 23:59:32 +0000 2019,"Lego Mario and Lego Princess Peach wins the bonus round, Lego Mario and Lego Princess Peach grand total is $64,900. ","Florida, USA"
Fri Apr 26 23:59:32 +0000 2019,Chauncey Gardner Johnson\\nTaylor Rapp\\nNasir Adderley \\nJuan Thornhill \\nDeionte Thompson \\nAmani Hooker \\nMalik Gant\\nMar\ ,"Richmond, VA"
Fri Apr 26 23:59:32 +0000 2019,"James finally has his D- game but his opponents choke away big chances. James \ with $49,600. He\ look to\ ","Boston, MA"
Fri Apr 26 23:59:32 +0000 2019,#Dream #Greatest #Of #Joy @ St. Louis Arc ,"Creve Coeur, MO"
Fri Apr 26 23:59:32 +0000 2019,"I love getting my friends lil gifts'""","Houston, TX"
Fri Apr 26 23:59:32 +0000 2019,Should\ been a Cardinals jersey \ ,"Phoenix, AZ"
Fri Apr 26 23:59:32 +0000 2019," You got to be invited first!'""","North Charleston, SC"
Fri Apr 26 23:59:32 +0000 2019,So proud of our students! They are so special! ,"Lakeway, TX"
Fri Apr 26 23:59:32 +0000 2019,"tn i\ hanging out w friends that i haven\ hung out w in like a year\ i\ so excited'""","Bloomsburg, PA"
Fri Apr 26 23:59:32 +0000 2019," Punta ka ng Vegas?!! Ksi gusto mag selfie tayo heheeh'""","Nevada, USA"
Fri Apr 26 23:59:31 +0000 2019,What a bunch of pussies ,"Illinois, USA"
Fri Apr 26 23:59:31 +0000 2019,My guys ,"Queens, NY"
Fri Apr 26 23:59:31 +0000 2019,#sparvellous to be included in such a group! Thanks #onederful  for building community ,"Kirkland, WA"
Fri Apr 26 23:59:31 +0000 2019,As if you needed another reason to love  \ in tomorrow night! \ ,"Florida, USA"
Fri Apr 26 23:59:31 +0000 2019,"Holy fuck we got a QB! LET\ GO DREW LOCK!! Welcome to #BroncosCountry'""","Colorado, USA"
Fri Apr 26 23:59:31 +0000 2019,Welcome  \ ,"Federal Way, WA"
Fri Apr 26 23:59:31 +0000 2019,"Whoever gets Greedy Williams at this point got the steal of draft'""","Magnolia, AR"
Fri Apr 26 23:59:31 +0000 2019,#Basquiat ,"Mount Vernon, NY"
Fri Apr 26 23:59:31 +0000 2019,"Yesterday, I had the privilege of having dinner with my day #1 Bestie bun zai.speaks and her wonderful fianc\ Step\ ","Chicago, IL"
Fri Apr 26 23:59:31 +0000 2019,This made my night! Mentee hired!  ,United States
Fri Apr 26 23:59:31 +0000 2019,im baby ,"Illinois, USA"
Fri Apr 26 23:59:30 +0000 2019,Death Angel @ TLA ,"Philadelphia, PA"
Fri Apr 26 23:59:30 +0000 2019,"Getting ready to see We Are Messengers'""",Marion Cultural and Civic Center
Fri Apr 26 23:59:30 +0000 2019, I had to reinstall the app but now I can\'t remember my password. I clicked forgot password but it say\ ,"Georgia, USA"
Fri Apr 26 23:59:30 +0000 2019,"  Al ladp de sabana abajo'""","Martín González, Puerto Rico"
Fri Apr 26 23:59:30 +0000 2019,SERIOUSLY FUCK OFF ,"Montana, USA"
Fri Apr 26 23:59:30 +0000 2019,What a joke!! A very bad sleepy joke! ,"Crestview, FL"
Fri Apr 26 23:59:30 +0000 2019,"you know you found a keeper when your hairstylist can\ stop talking about him even though she cut his hair two months ago'""","Denver, CO"
Fri Apr 26 23:59:30 +0000 2019,"Same old dolphins'""","White House, TN"
Fri Apr 26 23:59:30 +0000 2019,Even the NBC graphics guys can\ believe the Lightning were swept. ,"Cicero, NY"
Fri Apr 26 23:59:30 +0000 2019,Big game for the pirates!!   ,"Jourdanton, TX"
Fri Apr 26 23:59:30 +0000 2019,I\ so proud of VA basketball \,"Chapel Hill, NC"
Fri Apr 26 23:59:30 +0000 2019,Family you stepped out !!! ,"St Louis, MO"
Fri Apr 26 23:59:30 +0000 2019," Interesting. Do you like the pick, or are you just indifferent about it?'""","Georgia, USA"
Fri Apr 26 23:59:30 +0000 2019,Vladimir Guerrero Jr. and Carter Kieboom made their MLB debut tonight.  FINALLY.  I have suggested that all players\ ,"Sleepy Hollow, NY"
Fri Apr 26 23:59:30 +0000 2019,"     Hi Joe. I\ added you to the list.'""","Cottage Lake, WA"
Fri Apr 26 23:59:30 +0000 2019," and not only that, if you don\ know what you\ getting into and hate it, McDonalds literally pays\ ","Brooklyn, NY"
Fri Apr 26 23:59:30 +0000 2019,"Cleared: Incident on #X2838Bus at 57th Street : Madison Avenue'""","Manhattan, NY"
Fri Apr 26 23:59:30 +0000 2019,Big Brodie bday at 12\,"Tucson, AZ"
Fri Apr 26 23:59:30 +0000 2019,Ready to go back here in the  studios to produce for  Game 4! My dude  on the call. Let\'s go\ ,"Des Moines, IA"
Fri Apr 26 23:59:30 +0000 2019,"Ice coffee is the way to my heart'""","California, USA"
Fri Apr 26 23:59:30 +0000 2019,"current weather in Atlantic City: moderate rain, 58\ humidity, wind 5mph, pressure 996mb'""","Atlantic City, NJ"
Fri Apr 26 23:59:29 +0000 2019,"Mattinata immersi nel cinema e pomeriggio al mare..\ @ Los Angeles, California ","Los Angeles, CA"
Fri Apr 26 23:59:29 +0000 2019,It was one hell of a ride!!! #SupernaturalSeasonFinale ,"Oregon, USA"
Fri Apr 26 23:59:29 +0000 2019,"Cleared: Construction on #70Bus at Newark Penn Station'""","Newark, NJ"
Fri Apr 26 23:59:29 +0000 2019,Look who\ here ... it\  for a  #OpryCircleThrowdown! \ ,"Indio, CA"
Fri Apr 26 23:59:29 +0000 2019,"So many white girls are boutta start posting pics with shit they love and caption it \ love you 3000\ and think they\ quirky lmao'""","Pullman, WA"
Fri Apr 26 23:59:29 +0000 2019,"Again'""","Toledo, OH"
Fri Apr 26 23:59:29 +0000 2019,  Rosenstein you are a big surprise and disappointment. Thought you were one of the g\ ,"Richboro, PA"
Fri Apr 26 23:59:29 +0000 2019,Airport\ 1st Annual Athletic Signing Night was awesome!   We are so proud of these student athletes and excited to\ ,"Michigan, USA"
Fri Apr 26 23:59:29 +0000 2019,"Cleared: Incident on #X2737Bus NB at 57th Street : Madison Avenue'""","Manhattan, NY"
Fri Apr 26 23:59:29 +0000 2019,"wishing i had someone to spend my weekends with'""","San Antonio, TX"
Fri Apr 26 23:59:29 +0000 2019,Speaking to my soul ,"Washington, DC"
Fri Apr 26 23:59:28 +0000 2019," Ok u can delete it I dmd it to her LMFAOO'""","Orange, CA"
Fri Apr 26 23:59:28 +0000 2019,Loved watching those #SunkistKids ,"Pennsylvania, USA"
Fri Apr 26 23:59:28 +0000 2019,"That was low gabby'""","Charlotte, NC"
Fri Apr 26 23:59:28 +0000 2019, Drink up\,"Nacogdoches, TX"
Fri Apr 26 23:59:28 +0000 2019," Like you, I am on a redemption mission. I will finish my next marathon, run, walk, crawl.'""","Springfield, IL"
Fri Apr 26 23:59:28 +0000 2019,Updated: Construction on #I287 Both directions at South of Exit 59 - NJ 208 ,"Oakland, NJ"
Fri Apr 26 23:59:28 +0000 2019,Flacco\ leash gets a bit shorter. ,"Nashville, TN"
Fri Apr 26 23:59:28 +0000 2019,"Adam olson'""","North Platte, NE"
Fri Apr 26 23:59:28 +0000 2019," Bro I follow and listen to your YouTube videos every day, you do us justice. Keep up the good work.'""","Clifton, NJ"
Fri Apr 26 23:59:28 +0000 2019,"Im expecting a Vikings trade back'""","Plano, TX"
Fri Apr 26 23:59:28 +0000 2019,Window seat \ \,"California, USA"
Fri Apr 26 23:59:28 +0000 2019,Yessssss \ ,"Columbus, GA"
Fri Apr 26 23:59:27 +0000 2019,"Lmao my dad just goes, \ really was my worst subject. I loved math.\","Dover, NH"
Fri Apr 26 23:59:27 +0000 2019, I would love to train your athletes! Let\ bring some STATE CHAMPIONSHIPS home!!! \ #Letsgo #Clay\ ,"Genoa, OH"
Fri Apr 26 23:59:27 +0000 2019,This picture represents a lot for me. It represents 2 different time periods in my life. Both which has helped mode\ ,"Chicago, IL"
Fri Apr 26 23:59:27 +0000 2019,"  like see \\nSmackDown live in Lincoln it was fun watching live in the building in Lincoln hope next year in Denver or Lincoln'""","North Platte, NE"
Fri Apr 26 23:59:27 +0000 2019," Bet!!!!'""","Grand Chute, WI"
Fri Apr 26 23:59:27 +0000 2019,"Richlands\ Juliette Damarais with RBI double pulls Wildcats to within 8-4 in bottom of fifth. She then scores on hit by Madison Scarberry'""","North Carolina, USA"
Fri Apr 26 23:59:27 +0000 2019, I love you \,"North Terre Haute, IN"
Fri Apr 26 23:59:26 +0000 2019,I\'m ready to go but there is no airplane yet.  #FlyingToDenver ,"Costa Mesa, CA"
Fri Apr 26 23:59:26 +0000 2019,So underrated fam ,"Durham, NC"
Fri Apr 26 23:59:26 +0000 2019," Is it rainbow? Or clouds?'""","Indiana, USA"
Fri Apr 26 23:59:26 +0000 2019,"Appreciate continued thoughtful, honest coverage from  re the Harold Simmons Park. Excited to see the p\ ","Dallas, TX"
Fri Apr 26 23:59:26 +0000 2019,"ok lions, we have hella options & im good with a lot of them. don\ screw this up....'""","East Lansing, MI"
Fri Apr 26 23:59:26 +0000 2019," Lil\' Gelli""'","Chandler, AZ"
Fri Apr 26 23:59:26 +0000 2019," He should have to hold a sign on a street corner for one of those tax places all day in winter.'""","Chicago, IL"
Fri Apr 26 23:59:26 +0000 2019,"Is it good or bad I can go to a majority of bars in downtown and tell them to \ me a drink up\ and they do?'""","Sioux Falls, SD"
Fri Apr 26 23:59:26 +0000 2019,Same. ,"Macon, GA"
Fri Apr 26 23:59:26 +0000 2019,Way to go! ,"Austin, TX"
Fri Apr 26 23:59:26 +0000 2019, are you selling signed copies like last time?!? If so can you please post the link? I received your f\ ,"Parma Heights, OH"
Fri Apr 26 23:59:26 +0000 2019,I\ fuckin dead omg lmao ,"Calumet City, IL"
Fri Apr 26 23:59:26 +0000 2019," Guess you will have a sad'""","Cedar Rapids, IA"
Fri Apr 26 23:59:26 +0000 2019,"Lock outfit ugly as fuck'""","New Orleans, LA"
Fri Apr 26 23:59:25 +0000 2019," Yes ....BS'""","Rapid City, SD"
Fri Apr 26 23:59:25 +0000 2019,"Sometimes when I\ driving i just get HYPED over ad-libs'""","Texas, USA"
Fri Apr 26 23:59:25 +0000 2019,Just watched Endgame and ,"Town 'n' Country, FL"
Fri Apr 26 23:59:25 +0000 2019,"Drew Lock goes to the Broncos with the No. 42 pick.'""","Franklin, TN"
Fri Apr 26 23:59:25 +0000 2019,Why not. My only time alone in peace. ,"Bakersfield, CA"
Fri Apr 26 23:59:24 +0000 2019,You are a beautiful human being... ,"Lewiston, ID"
Fri Apr 26 23:59:24 +0000 2019,"I miss my dog not Ohio'""","Ball, LA"
Fri Apr 26 23:59:24 +0000 2019,When you finally fulfill your NFL dreams but you never want anybody to forget where you came from.  ,"West Caldwell, NJ"
Fri Apr 26 23:59:24 +0000 2019," just drafted their franchise QB Drew Lock'""","Lake Shore, MD"
Fri Apr 26 23:59:24 +0000 2019," My fav people \ love you Gyrooooo'""","Shelton, CT"
Fri Apr 26 23:59:24 +0000 2019,I knew it ,"Burbank, IL"
Fri Apr 26 23:59:24 +0000 2019,"  Exactly. Lol'""","Palm Springs, CA"
Fri Apr 26 23:59:24 +0000 2019,    Imagine only worrying about yourself when youre on a team? I dont know wha\ ,"Irvine, CA"
Fri Apr 26 23:59:24 +0000 2019,Amen! ,"Oakleaf Plantation, FL"
Fri Apr 26 23:59:24 +0000 2019,  Correct me if I\ wrong but wasn\ Mr. Justus Sheffield the #2 overall prospect behind Vlad Jr.\ ,"Pembroke Pines, FL"
Fri Apr 26 23:59:24 +0000 2019," NFL teams know more than us. Let him slide.'""","Arizona, USA"
Fri Apr 26 23:59:24 +0000 2019,"But Fatty personally destroyed ISIS, right? ","Laramie, WY"
Fri Apr 26 23:59:24 +0000 2019," Not me!'""","South Carolina, USA"
Fri Apr 26 23:59:24 +0000 2019, What the...??? \,"Huntington Beach, CA"
Fri Apr 26 23:59:24 +0000 2019," I spend as much time as I can with the beautiful dogs they bring to Dell World'""","Westborough, MA"
Fri Apr 26 23:59:24 +0000 2019,"I love Travon Mullen'""","Green Bay, WI"
Fri Apr 26 23:59:24 +0000 2019," you might say he was a lock to go to Denver'""","Commerce, MI"
Fri Apr 26 23:59:24 +0000 2019,I have known this friend for 24 years. itscort thanks for showing me the cutest little breakfast spot. I Loved pick\ ,"Nashville, TN"
Fri Apr 26 23:59:24 +0000 2019,That\ why they call him the Absolute Boy. Wonder if JK Rowling will be there? I bet she doesn\ miss it. |  Jeremy\ ,"Brooklyn, NY"
Fri Apr 26 23:59:23 +0000 2019, Every 4th grader knows that. But being a trump fan I understand why you have to explain simple things\ ,"Amelia, OH"
Fri Apr 26 23:59:23 +0000 2019,"Drew Lock to Denver. Cincinnati continues to baffle me.'""","Columbus, OH"
Fri Apr 26 23:59:23 +0000 2019," Why do people watch the draft when it\'s on Twitter 10 min before""'","Shrewsbury, MA"
Fri Apr 26 23:59:23 +0000 2019,Kept it 1000 ,"San Diego, CA"
Fri Apr 26 23:59:23 +0000 2019,On god these are \ just wish the first two tees where black but still \ #SJSharks ,"San Jose, CA"
Fri Apr 26 23:59:23 +0000 2019,Not only does my friend do party bus rentals but now jet ski rentals too! Summer 19 looking fuego fuego ,"Methuen Town, MA"
Fri Apr 26 23:59:23 +0000 2019,That was one year ago. ,"Monroe, WI"
Fri Apr 26 23:59:23 +0000 2019, them niggas really in they grave\,"New Orleans, LA"
Fri Apr 26 23:59:23 +0000 2019, bills fan mr Ross and a huge fan of you. Cody Ford? He\ the real deal? I\ a 51 yr old lifelong fan and we\ ,"Sunrise Manor, NV"
Fri Apr 26 23:59:23 +0000 2019," Will keep yall posted'""","Philadelphia, PA"
Fri Apr 26 23:59:23 +0000 2019,We have made it. No thanks to California traffic. I will never complain about NC traffic again. stagecoach with\ ,"Indio, CA"
Fri Apr 26 23:59:23 +0000 2019,"   .........weird because meat sales are continually going down while vegan products are going up'""","Bethlehem, PA"
Fri Apr 26 23:59:23 +0000 2019,Nashville is back out in full force to celebrate the #NFLDraft. ,"Nashville, TN"
Fri Apr 26 23:59:23 +0000 2019,The Kiwanis Club of Concord will not hold its annual spring fair this year due to a labor shortage as unemployment\ ,"Texas, USA"
Fri Apr 26 23:59:23 +0000 2019,"Drew Lock gone snap in the future fr'""","North Charleston, SC"
Fri Apr 26 23:59:23 +0000 2019,"Nigga don\ check for me \\nunless you got checks for me.'""","Georgia, USA"
Fri Apr 26 23:59:23 +0000 2019," Happy Birthday Megan!'""",Mohegan Sun
Fri Apr 26 23:59:23 +0000 2019,"Noooooooooo! #NFLDraft #miz'""","Shawnee, KS"
Fri Apr 26 23:59:23 +0000 2019,Humble brag at its finest! Love it ,"Roseville, MI"
Fri Apr 26 23:59:23 +0000 2019,Pick Ya Head Up \ ,"Florida, USA"
Fri Apr 26 23:59:22 +0000 2019,"Closing up early tonight! We will be open from 10am to 5pm tomorrow! \\n\\nLooks like it\ going to rain tomorrow, to s\ ","O'Fallon, MO"
Fri Apr 26 23:59:22 +0000 2019,SO STINKING PROUD!!!! #allin ,"Atascocita, TX"
Fri Apr 26 23:59:22 +0000 2019, Thank you!!\,"Portland, OR"
Fri Apr 26 23:59:22 +0000 2019,"If I could take  and just leave the country tonight.... I would.'""","Huntsville, TX"
Fri Apr 26 23:59:22 +0000 2019," This is nothing but a ham-handed dog-whistle to white supremacy.'""","Iowa City, IA"
Fri Apr 26 23:59:22 +0000 2019,Warming up for the finale with the boys from Candlebox...Dax Nielsen (Ric\ son) on drums ! #claseazul @ The Paramo\ ,"Huntington, NY"
Fri Apr 26 23:59:22 +0000 2019," Good luck.'""","Houston, TX"
Fri Apr 26 23:59:22 +0000 2019,  You\ so pervy lol \,"Georgia, USA"
Fri Apr 26 23:59:22 +0000 2019,   \,"Los Angeles, CA"
Fri Apr 26 23:59:21 +0000 2019," Greedy'""","Chesterfield, MI"
Fri Apr 26 23:59:21 +0000 2019,"PAL-Bay baseball: Menlo 2, Capuchino 0, \ Max Chou, Ian Collins drive in Luca Espinosa, who walked and Adam Kas\ ","San Carlos, CA"
Fri Apr 26 23:59:21 +0000 2019,"Broncos draft with the 42nd pick QB Drew Lock'""","Northglenn, CO"
Fri Apr 26 23:59:21 +0000 2019,"Whomp whomp'""","Denver, CO"
Fri Apr 26 23:59:21 +0000 2019,The #Bucs go with the surprise pick of CB Sean Bunting out of Central Michigan. \\n\\nI was never a huge fan of Greedy\ ,"Nashville, TN"
Fri Apr 26 23:59:21 +0000 2019,"Everything in life is a process...'""","Ives Estates, FL"
Fri Apr 26 23:59:21 +0000 2019,"#25 reaches third after a fielding error, 2 runs score. 2 outs.'""","McPherson, KS"
Fri Apr 26 23:59:21 +0000 2019,"Local boy goes to one of our most hated rivals.'""","Kansas City, MO"
Fri Apr 26 23:59:21 +0000 2019,Surprise! It\'s not the richies that hold a huge chunk of the student debt. Thanks for doing the real math here to c\ ,"Philadelphia, PA"
Fri Apr 26 23:59:21 +0000 2019," You guys have the same anniversary as my parents, so I never forget haha'""","Anaheim, CA"
Fri Apr 26 23:59:21 +0000 2019,"It\ Lesbian Visibility Day. There are a hundred tasteless lesbian jokes, but I\ leave those to the lesbians. Wha\ ","Manhattan, NY"
Fri Apr 26 23:59:21 +0000 2019, I hope Margie comes through it all with flying colors. ,"Falmouth, MA"
Fri Apr 26 23:59:21 +0000 2019,Seen \ Mystery\ on Netflix yet? See it! I\'m in it! #Booooom\\n\\n,"Los Angeles, CA"
Fri Apr 26 23:59:21 +0000 2019," Nice you kind of dressed like Rey. Cute! #movie'""","Sandy, UT"
Fri Apr 26 23:59:21 +0000 2019,"I regret procrastinating my paper'""","Toledo, OH"
Fri Apr 26 23:59:21 +0000 2019,"Lol It\ a mini Stafford'""","Orlando, FL"
Fri Apr 26 23:59:20 +0000 2019,"Welcome to the #CGEMTalent Family,  MANAGER:  @ CGEM Talent ","Los Angeles, CA"
Fri Apr 26 23:59:20 +0000 2019,Business Trip.\,"Lubbock, TX"
Fri Apr 26 23:59:20 +0000 2019,Date night! thefoxtheatre dearevanhansen @ Fox Theatre Historic District ,"Atlanta, GA"
Fri Apr 26 23:59:20 +0000 2019, I love you pretty!!! see you soon \,"Lakeview, OH"
Fri Apr 26 23:59:20 +0000 2019,"Broncos are KILLING the draft I\'m so pumped.""'","Parsons, KS"
Fri Apr 26 23:59:20 +0000 2019,The three #amigos #exhousemates #happyhour @ Bar Peached ,"Austin, TX"
Fri Apr 26 23:59:20 +0000 2019,"Broncos taking another QB? Elway can\ get enough huh lol'""","Gulfport, MS"
Fri Apr 26 23:59:20 +0000 2019,"Poor Joe Flacco. It just happened again. Now he has a rookie QB looking over his shoulder. #NFLDraft'""","Lake Murray of Richland, SC"
Fri Apr 26 23:59:20 +0000 2019,"The betrayal that\ going on right now I do not even want friends'""","Tallahassee, FL"
Fri Apr 26 23:59:20 +0000 2019,"'Join the CVS Health team! See our latest #Retail job openings, including ""Shift Supervisor Management Trainee"", via\ ","Sunnyside, CA"
Fri Apr 26 23:59:20 +0000 2019,Less Than A Week Away!!!!\\n\\n#Repost blachousemusic \\n\ like to invite you all back to our 2nd annual Big Sprin\ ,"Los Angeles, CA"
Fri Apr 26 23:59:20 +0000 2019," TheTruth_10 - IG'""","Green, OH"
Fri Apr 26 23:59:20 +0000 2019," Hubble telescope....'""","Virginia, USA"
Fri Apr 26 23:59:20 +0000 2019," Damn bih'""","Santa Ana, CA"
Fri Apr 26 23:59:19 +0000 2019,"Mc\ Pizza \ *Hint Hint* @ Bethany, Oklahoma ","Bethany, OK"
Fri Apr 26 23:59:19 +0000 2019,"Had to catch these vibes with my brother  \ #givethanks @ Los Angeles, California ","Los Angeles, CA"
Fri Apr 26 23:59:19 +0000 2019,"The HU - Wolf Totem  via  \\n\\nMongolian heavy metal throat music might be my favorite thing ever.'""","Cincinnati, OH"
Fri Apr 26 23:59:19 +0000 2019,"  Former Everton Fan says what?'""","Delmar, NY"
Fri Apr 26 23:59:19 +0000 2019,"wtm'""","Louisiana, USA"
Fri Apr 26 23:59:19 +0000 2019,"I made it on another blog  man is famous now.'""","Staten Island, NY"
Fri Apr 26 23:59:19 +0000 2019,"Bummer'""","Kansas City, MO"
Fri Apr 26 23:59:19 +0000 2019," Filling.'""","Pennsylvania, USA"
Fri Apr 26 23:59:19 +0000 2019,"current weather in Yonkers: heavy intensity rain, 56\ humidity, wind 6mph, pressure 995mb'""","Yonkers, NY"
Fri Apr 26 23:59:19 +0000 2019,Oh MSP I have missed you. @ Red Rabbit ,"Minneapolis, MN"
Fri Apr 26 23:59:19 +0000 2019,  Most confuse body shaming and calling out a look to be an ill fitting hot mess as being the sam\ ,"New York, USA"
Fri Apr 26 23:59:19 +0000 2019,I thought on Wednesday it was already Friday. Thursday came and once again got confused. But today IS Friday!! Plus\ ,"Lake Oswego, OR"
Fri Apr 26 23:59:19 +0000 2019," His story was nicely portrayed.'""","Wheat Ridge, CO"
Fri Apr 26 23:59:18 +0000 2019,#toGeTherWEswarm ,"Atlanta, GA"
Fri Apr 26 23:59:18 +0000 2019,"  Yes you are...just kidding. You alright.'""","Los Lunas, NM"
Fri Apr 26 23:59:18 +0000 2019," A lot of Fridababy stuff is really good. Stuff for gas and colds I like most of there products. All on Amazon.'""","Laughlin Air Force Base, TX"
Fri Apr 26 23:59:18 +0000 2019,"    \\n\\nThanks...this is great news.'""","Texas, USA"
Fri Apr 26 23:59:18 +0000 2019,I\ gotten my brows done probably 3 times this year.... and broo did they hurt this time\,"Rancho Cucamonga, CA"
Fri Apr 26 23:59:18 +0000 2019,DP3... BB8s stand in??\\n#dontbelookingatme\\n#pareidolia\\n#iseefaces\\n#iseefaceseverywhere\\n#iseefacesinplaces\ ,"Mountain View, CA"
Fri Apr 26 23:59:18 +0000 2019," LOLOL HIGH KEY gonna do the bare minimum'""","San Francisco, CA"
Fri Apr 26 23:59:18 +0000 2019,Oh gosh these cramps are killing me \,"Ocean Pointe, HI"
Fri Apr 26 23:59:18 +0000 2019,We are under way at Northview High School.\\n\\nGo Tigers! ,"Johns Creek, GA"
Fri Apr 26 23:59:18 +0000 2019,Tell \ Hawk! I mean Paul. ,"San Francisco, CA"
Fri Apr 26 23:59:18 +0000 2019,Need to take a little more of the hill tomorrow as Howard Kaufold would say. Live scoring at 9:45am for our groups\ ,"Dickson, TN"
Fri Apr 26 23:59:18 +0000 2019," we need a best player avail update'""","Burnsville, MN"
Fri Apr 26 23:59:18 +0000 2019,I need the  diapers in every print. I\ so obsessed\,"Pennsylvania, USA"
Fri Apr 26 23:59:18 +0000 2019,  Atta Boy ,"Clayton, OH"
Fri Apr 26 23:59:18 +0000 2019,   Driving home from work listening to it on the radio in heavy traffic driving about\ ,"Summit, WA"
Fri Apr 26 23:59:18 +0000 2019,"'  I wonder if the Orange one has a ""bottom wiper""? Young and vibrant my arse.\''","Newberg, OR"
Fri Apr 26 23:59:18 +0000 2019,Men... ,"Danbury, CT"
Fri Apr 26 23:59:18 +0000 2019," Awe, such a cute puppy.'""","Tewksbury, MA"
Fri Apr 26 23:59:17 +0000 2019," stfu u golfball neck beanpoll Stuart Little looking ass'""","Bangor, ME"
Fri Apr 26 23:59:17 +0000 2019," You have me beat.'""","Pittsburgh, PA"
Fri Apr 26 23:59:17 +0000 2019,help\\ni\ fallen and i can\ click Like \,"Prairie du Chien, WI"
Fri Apr 26 23:59:17 +0000 2019," if you tryna smoke and play super smash bros lmk'""","Syracuse, NY"
Fri Apr 26 23:59:17 +0000 2019," hank the tank, ready to plow some first lady'""","Sunrise Manor, NV"
Fri Apr 26 23:59:17 +0000 2019,"San Clemente goal. 8-3 Kings.'""","Newport Beach, CA"
Fri Apr 26 23:59:17 +0000 2019,"If you ever hear me singing Bruno Mars it\ a cry for help'""","California, USA"
Fri Apr 26 23:59:17 +0000 2019,"Congratulations  and  ! Headed to the SHIP'""","Oregon, USA"
Fri Apr 26 23:59:17 +0000 2019,I do have this theory that the night king is just gonna ignore Winterfell and head straight to King\'s Landing ,"Chicago, IL"
Fri Apr 26 23:59:17 +0000 2019,"  Did he fight for the confederacy?'""","Anaheim, CA"
Fri Apr 26 23:59:17 +0000 2019,Today was a great day!! \ \  #IDecidedCIA #cia #chef @ The Culinary Institute of America ,"Hyde Park, NY"
Fri Apr 26 23:59:17 +0000 2019,Shinanigans from last night ,B-Bob's
Fri Apr 26 23:59:17 +0000 2019," I\'ll take Denver""'","San Francisco, CA"
Fri Apr 26 23:59:17 +0000 2019,"Thought I was gone be in jersey right now, but I\ actually stuck in Detroit.'""","Romulus, MI"
Fri Apr 26 23:59:17 +0000 2019,"Endgame was literally perfect'""","Matteson, IL"
Fri Apr 26 23:59:17 +0000 2019,  They hate him because the media hates him. The media covers 4 the  politicians & know he i\ ,"North Carolina, USA"
Fri Apr 26 23:59:17 +0000 2019,"now that my first year of college is over, i can confirm that freshman 15 is a real thing :\","Primera, TX"
Fri Apr 26 23:59:17 +0000 2019," Corpsemen?'""","Philadelphia, PA"
Fri Apr 26 23:59:17 +0000 2019,La dolorosa recuperaci\ de Cirug\ de Cancer! Sirve de experiencia para dar mucha Fe de \ a otros que tengan que pasar por esa Agon\,"Kenner, LA"
Fri Apr 26 23:59:17 +0000 2019,"  As  wrote in his book, \ Trump touches does.'""","Huntsville, AL"
Fri Apr 26 23:59:17 +0000 2019,Great pick \ ,"Los Angeles, CA"
Fri Apr 26 23:59:17 +0000 2019," Is it  He\'ll be verified soon""'","Abingdon, MD"
Fri Apr 26 23:59:17 +0000 2019,"Adult male #Poodle/#MixedBreed mix in Rancho Cucamonga, CA. 44548762  ","Rancho Cucamonga, CA"
Fri Apr 26 23:59:17 +0000 2019,Yesssssssss ,"Shiloh, OH"
Fri Apr 26 23:59:17 +0000 2019,I think I can safely say that when Dems control Congress and the WH they will put twice as many people in jail as W\ ,"Largo, FL"
Fri Apr 26 23:59:16 +0000 2019,AOB>>>> any other ,"Nashville, TN"
Fri Apr 26 23:59:16 +0000 2019,Couldn\ come to DC without stopping by The Mecca \ ,Howard University School of Business
Fri Apr 26 23:59:16 +0000 2019,I Pray All My Dawgs Be Successful In They Own Way \,"Arkansas, USA"
Fri Apr 26 23:59:16 +0000 2019,Just want somebody to be proud of me\,"South Carolina, USA"
Fri Apr 26 23:59:16 +0000 2019,"Broncos took Drew Lock, the next victim of John Elway \","Chesterfield, MI"
Fri Apr 26 23:59:16 +0000 2019,"' Thomas isn\\\'t 100% healthy right now and Josh is recovering. If all goes well, Pats might not need a ""G\ ","Houston, TX"
Fri Apr 26 23:59:16 +0000 2019,THE MCELROY BROTHERS WILL BE IN TROLLS WORLD TOUR ,"Lafayette, IN"
Fri Apr 26 23:59:16 +0000 2019," \ lovie'""","Ohio, USA"
Fri Apr 26 23:59:16 +0000 2019,"It\ a third-place finish for Megan SaxvanderWeyden in the javelin (157-8, 48.07m). \ \ ",John McDonnell Field
Fri Apr 26 23:59:15 +0000 2019,"  \ to you in your new adventure!'""","Oakland, CA"
Fri Apr 26 23:59:15 +0000 2019, & ello? \,"Bridgeport, CT"
Fri Apr 26 23:59:15 +0000 2019,You absolutely won\'t find this beautiful and delicious combo displayed in any restaurant.#miseenplace\ ,"Hollywood, FL"
Fri Apr 26 23:59:15 +0000 2019,"bye. \ @ Saint Cloud, Minnesota ","St Cloud, MN"
Fri Apr 26 23:59:15 +0000 2019,Talented Art 3 and 4 students show off their impressive skills at the Upper Level Art Show tonight!  ,Annandale High School
Fri Apr 26 23:59:15 +0000 2019,The patio is great! Jump in! @ Monica\'s Mex-Tex Cantina ,"Dallas, TX"
Fri Apr 26 23:59:15 +0000 2019,#BroncosCountry \,"Evans, CO"
Fri Apr 26 23:59:15 +0000 2019,Fun night at the Yacht Club supporting the  . \ \ \ #Savannah #sycfashionshow #savannahyachtclub\ ,"Whitemarsh Island, GA"
Fri Apr 26 23:59:14 +0000 2019,"This is an excellent program for new drivers with a local focus, like stories about Camarillo dangers! Limited spac\ ","Camarillo, CA"
Fri Apr 26 23:59:14 +0000 2019,"Denver low key having a killer draft rn'""","Texas, USA"
Fri Apr 26 23:59:14 +0000 2019,Nah; I\ save my money for a chocolate shake. ,"Elfers, FL"
Fri Apr 26 23:59:14 +0000 2019,"Can\ wait to watch game 6 between  and  ... should be very interesting.'""","Topeka, KS"
Fri Apr 26 23:59:14 +0000 2019,"   They\'d better be thick enough.  After all, Trump is.""'","Portland, OR"
Fri Apr 26 23:59:14 +0000 2019,Puro coraz\ pura medicina!! ,"New York, USA"
Fri Apr 26 23:59:14 +0000 2019,"Drew Lock seems like a pretty solid fit in Denver. I actually like this a lot.'""","Columbus, OH"
Fri Apr 26 23:59:14 +0000 2019,"  Are those lights 12-over-12?'""","Cambridge, MA"
Fri Apr 26 23:59:14 +0000 2019,Thinking about my fraternity and sorority student leaders graduating has me all type of emotional. \,"Edinburg, TX"
Fri Apr 26 23:59:14 +0000 2019," #DerangeDonald'""","Columbus, OH"
Fri Apr 26 23:59:14 +0000 2019,"   P22'""","Norristown, PA"
Fri Apr 26 23:59:14 +0000 2019,Flacco just smashed his TV. \,"Kingsland, GA"
Fri Apr 26 23:59:14 +0000 2019," Not our finest hour. Better times ahead.'""","Daphne, AL"
Fri Apr 26 23:59:14 +0000 2019," I was pretty surprised when he struck out the side in the 1st inning.'""","Schiller Park, IL"
Fri Apr 26 23:59:13 +0000 2019,"  Damn bro, called out. I ain\ even get a red before lmao'""","Kentucky, USA"
Fri Apr 26 23:59:13 +0000 2019,"  Are you in Puerto Rico? Missed you this week.'""","Centreville, VA"
Fri Apr 26 23:59:13 +0000 2019," All lies, if they\'re 2-b believed, have some element of truth in them. The devil uses scripture too,\ ","Indiana, USA"
Fri Apr 26 23:59:13 +0000 2019,"    Yeah. Last time i checked, me tweeting my own opinions wasn\ ","San Francisco, CA"
Fri Apr 26 23:59:13 +0000 2019," Same'""","Scott, LA"
Fri Apr 26 23:59:13 +0000 2019,"I personally have issue seeing #Pikachu and only hearing #Deadpool'""","Tennessee, USA"
Fri Apr 26 23:59:13 +0000 2019, i know \,"Southlake, TX"
Fri Apr 26 23:59:13 +0000 2019,See a virtual tour of one of our newest #listings 83 Fir Drive #Ocala #FL  ,"Silver Springs Shores, FL"
Fri Apr 26 23:59:13 +0000 2019,Thank goodness for #CowboysDraft Live Show. WAY more time spent talking  about the DRAFT and no commercials every 5\ ,"Belmont, NC"
Fri Apr 26 23:59:13 +0000 2019,"    lucky you'""","Brooklyn, NY"
Fri Apr 26 23:59:13 +0000 2019,Anyone else ready to eat their body weight in bread bowls at  #festivalinternational\ ,"Lafayette, LA"
Fri Apr 26 23:59:13 +0000 2019,"Approach is short of green..'""","Los Angeles, CA"
Fri Apr 26 23:59:13 +0000 2019,       \ \ \ \ \ \ \ \,"Poway, CA"
Fri Apr 26 23:59:13 +0000 2019,Or some beer \,"Bowie, MD"
Fri Apr 26 23:59:13 +0000 2019,I was rewatching  video to her daughter and its so sad a person who was so close to you for so long and\ ,"Amarillo, TX"
Fri Apr 26 23:59:13 +0000 2019,"eu t\ apenas sentada na cama, de roup\ comendo morango com chocolate \\n\\ntem horas que a vida \ sim perfeita'""","Poipu, HI"
Fri Apr 26 23:59:13 +0000 2019,   Yeah that was a really bad way to make that point. \ who said it was a temp position\ ,"Paradise, NV"
Fri Apr 26 23:59:13 +0000 2019,  best friends \,"Salt Lake City, UT"
Fri Apr 26 23:59:13 +0000 2019,"Everyone have a safe weekend!!! @ Port Saint Lucie, Florida ","Port St Lucie, FL"
Fri Apr 26 23:59:12 +0000 2019,Please send Biscuit some love. He\'s still battling his unknown ailment. I took him back to the vet today for more s\ ,"Pennsylvania, USA"
Fri Apr 26 23:59:12 +0000 2019," Airtight.. Lets see what we do with our pick'""","Visalia, CA"
Fri Apr 26 23:59:12 +0000 2019,"  That\ what\ up. I literally thought I had no one else in my corner on this haha'""","Anaheim, CA"
Fri Apr 26 23:59:12 +0000 2019,"in fact, at this point, i find shakespeare easier to read than vondel. english is more conservative than dutch, i g\ ","San Francisco, CA"
Fri Apr 26 23:59:12 +0000 2019,MAJORDOMO       majordomola \\n\\nNOODLES\\nMafaldine\\n\\nAPPETIZERS\\nCrispy Butterball Potatoes\\n\\nBING\\nPork Neck & Spicy Pine\ ,"Los Angeles, CA"
Fri Apr 26 23:59:12 +0000 2019,On National Pretzel \ Day there is nothing better than enjoying a pretzel at the only German brewery in the state!\ ,"Missoula, MT"
Fri Apr 26 23:59:12 +0000 2019,     And so are you Jeanette! \,"Santa Monica, CA"
Fri Apr 26 23:59:12 +0000 2019,"   Congratulations to the babies!!! Job well done!'""","El Paso, TX"
Fri Apr 26 23:59:12 +0000 2019,I concur!!! ,"Norcross, GA"
Fri Apr 26 23:59:12 +0000 2019," I for one love the NFL.'""","Fort Wayne, IN"
Fri Apr 26 23:59:12 +0000 2019,Check out our newest listing in #Westfield! Tell us what you think!  #realestate ,"Maine, USA"
Fri Apr 26 23:59:12 +0000 2019," There aren\ enough \ to post in response!'""","Chicago, IL"
Fri Apr 26 23:59:12 +0000 2019,"     A true game changer!!! Congrats!!!!!'""","Myrtle Grove, NC"
Fri Apr 26 23:59:12 +0000 2019,This traffic \,"Arizona, USA"
Fri Apr 26 23:59:12 +0000 2019,"Drew Lock is not going to be good.'""","Columbus, OH"
Fri Apr 26 23:59:11 +0000 2019,Take that #gold home to all the Mooses!! ,"New Jersey, USA"
Fri Apr 26 23:59:11 +0000 2019,I miss deep dish and stuffed crust pizza!  Have a slice for me please Lin-Manuel!!!! ,"Pennsylvania, USA"
Fri Apr 26 23:59:11 +0000 2019,"GREEDY COME HOME PLEASE'""","Pine Creek, MI"
Fri Apr 26 23:59:11 +0000 2019,"'If the world needs anything it is to ""Make Pizza Great Again""  No FAKE Pizza, We Want REAL Brick Ov\ ","Taylor Mill, KY"
Fri Apr 26 23:59:11 +0000 2019," There you go'""","New York, USA"
Fri Apr 26 23:59:11 +0000 2019,"Once I feel weird about something that\ it .'""","Los Angeles, CA"
Fri Apr 26 23:59:11 +0000 2019,Chapter 7 of my biography: ,"Baltimore, MD"
Fri Apr 26 23:59:11 +0000 2019," This is a lifelong dream of mine'""","East Palo Alto, CA"
Fri Apr 26 23:59:11 +0000 2019,Premiere of Chernobyl at the tribecafilmfestival #tribeca #movies #premieres #m#newyork #newyorkcity @ Spring Studi\ ,"Manhattan, NY"
Fri Apr 26 23:59:11 +0000 2019,"Balled HARD and got me some tix to the sweet goddess herself  October can\ come soon enough!!!\\n#100PercentThatBitch #CUZILOVEYOU'""","Edina, MN"
Fri Apr 26 23:59:10 +0000 2019,"Softball final score - River Valley 12, Prairie du Chien 5.  #wissoftball #lctsports   ","Prairie du Chien, WI"
Fri Apr 26 23:59:10 +0000 2019,Feels. ,"North Carolina, USA"
Fri Apr 26 23:59:10 +0000 2019,"  :o how did you get the discount?'""","Palm Springs, CA"
Fri Apr 26 23:59:10 +0000 2019, FaceTime has a zoom feature\,"Washington, DC"
Fri Apr 26 23:59:10 +0000 2019," 9MM bro I already have a 1911 in 45 lol so I know how more expensive it can be to shoot so I went with the 9'""","Wasco, CA"
Fri Apr 26 23:59:10 +0000 2019,"   , I gotta ask , what has she done ? BeBest , really ? What does that even mean ? And while we ar\ ","Westfield, NJ"
Fri Apr 26 23:59:10 +0000 2019,"T5: Grant quickly gives Homedale the lead back, hitting a three-run home run. Then Zamora hits a solo homer on the\ ","Fruitland, ID"
Fri Apr 26 23:59:10 +0000 2019,Still one of the best concerts I\ been too! \ ,"Highland, CA"
Fri Apr 26 23:59:10 +0000 2019,I\ had brie paired with fig jam. Bacon paired with dates. Filet and red wine. Croissant and coffee. \\n\\nBut my pala\ ,"Chicago, IL"
Fri Apr 26 23:59:09 +0000 2019,"Marlins have 330k followers. Phillies have 1.8 million.'""","Pennsylvania, USA"
Fri Apr 26 23:59:09 +0000 2019,"Elway did it but I can\ be that mad cuz it\ the second round'""","Syracuse, NY"
Fri Apr 26 23:59:09 +0000 2019,Yes she is! \ ,"Kendale Lakes, FL"
Fri Apr 26 23:59:09 +0000 2019,"Think you spelled Adele wrong bro, I got you. ","Washington, DC"
Fri Apr 26 23:59:09 +0000 2019,"Drew Lock to the Broncos. I knew that was coming.'""","Potomac, MD"
Fri Apr 26 23:59:09 +0000 2019,Ginobili. Crawford. Igoudala. Will. ,"Las Vegas, NV"
Fri Apr 26 23:59:09 +0000 2019," im looking forward to it'""","Las Vegas, NV"
Fri Apr 26 23:59:09 +0000 2019," XP for nostalgia, Windows 7 because I fucking hate Windows 10.'""","Clearwater, FL"
Fri Apr 26 23:59:09 +0000 2019," Good lol brody \ and I will definitely'""","Ohio, USA"
Fri Apr 26 23:59:09 +0000 2019,"' - I hear you think you are ""young, and vibrant."" That is the problem. Mentally, you are too young,\ ","Four Corners, OR"
Fri Apr 26 23:59:08 +0000 2019,"Ah! Well. Nevertheless,'""","Fort Lauderdale, FL"
Fri Apr 26 23:59:08 +0000 2019,"    Did you get in the dunk tank?'""","Austin, TX"
Fri Apr 26 23:59:08 +0000 2019,"Quality is not Expensive, It\'s Priceless! \\nWeddings, Quincea\ all type of social event.\\n\\nContact us for your ne\ ","Austin, TX"
Fri Apr 26 23:59:08 +0000 2019,Rehearsing the opening and closing for Encore on Sunday. #RAMSPride #SESDProud #KDDrama ,Central York High School
Fri Apr 26 23:59:08 +0000 2019,Duvall just homered for the second night in a row \,"Georgia, USA"
Fri Apr 26 23:59:08 +0000 2019,First trip to the beach ,"Texas, USA"
Fri Apr 26 23:59:08 +0000 2019,Este y\ los\ las\ ET\\npor  y\ Y T\ ,"Cutler Bay, FL"
Fri Apr 26 23:59:08 +0000 2019,"LETS GO'""","Chandler, AZ"
Fri Apr 26 23:59:07 +0000 2019," No fucking way'""","Manhattan, NY"
Fri Apr 26 23:59:07 +0000 2019," Lol I hope this is a joke'""","San Diego, CA"
Fri Apr 26 23:59:07 +0000 2019,"Carson 18 East Rowan 3 is a final.'""","North Carolina, USA"
Fri Apr 26 23:59:07 +0000 2019,OMG this thread.  Other countries know we\ in trouble!  But the food... ,"Florida, USA"
Fri Apr 26 23:59:07 +0000 2019," Let\ not give others this idea. Delete this tweet immediately!!!!!'""","New Orleans, LA"
Fri Apr 26 23:59:07 +0000 2019,Contact your MK Consultant to help get cheeky! No consultant? #klrmk007 or  ,"Columbus, OH"
Fri Apr 26 23:59:07 +0000 2019, has pictures of us on her fridge \ ,"Oxford, OH"
Fri Apr 26 23:59:07 +0000 2019,"  But don\ let Trump know.'""","New York, USA"
Fri Apr 26 23:59:07 +0000 2019,"Who has a gb pockit stroller that I can use for Gdl lol'""","East Los Angeles, CA"
Fri Apr 26 23:59:07 +0000 2019,"Bretman Rock in has bathtub is literally gonna be me when i move out.'""","South Houston, TX"
Fri Apr 26 23:59:07 +0000 2019,Our #leathersoulxalden Plaza Semi-Brogue is back in stock. #alden #aldenarmy #aldenusa #aldenasia #semibrogue\ ,"Honolulu, HI"
Fri Apr 26 23:59:07 +0000 2019," Awww Thank you!!!'""","Brooklyn, NY"
Fri Apr 26 23:59:06 +0000 2019,"Snow or rain? (Thunder snow) @ Frisco, Colorado ","Frisco, CO"
Fri Apr 26 23:59:06 +0000 2019,G O O S E B U M P S \ ,"North Carolina, USA"
Fri Apr 26 23:59:06 +0000 2019,"Drew lock really out here lookin like frankie munez'""","Tampa, FL"
Fri Apr 26 23:59:06 +0000 2019, I would say you can totally send as many selfies as you want all day long but I won\'t be that guy so I w\ ,"Layton, UT"
Fri Apr 26 23:59:06 +0000 2019,"Can\ believe my handsome little brother is going to graduate soon, I\ so proud of you & love you to the moon \ &\ ","Oklahoma, USA"
Fri Apr 26 23:59:06 +0000 2019,"back at the UWM Panther Arena for some more playoffs actions. healthy scratches to my left, player significant othe\ ","Milwaukee, WI"
Fri Apr 26 23:59:06 +0000 2019,"Ok Broncos. I like that!'""","Columbus, OH"
Fri Apr 26 23:59:06 +0000 2019,"#SCtop10  pick and peg at home in the bottom of the first. Incredible!'""","Georgia, USA"
Fri Apr 26 23:59:06 +0000 2019,"Imagine trying to justify racism'""","Danville, IL"
Fri Apr 26 23:59:06 +0000 2019,Diversify your portfolio \ #ballet @ Houston Ballet ,"Houston, TX"
Fri Apr 26 23:59:06 +0000 2019, On my way lol ,"Harrisonburg, VA"
Fri Apr 26 23:59:06 +0000 2019,Congratulations kuya Jaryl for advancing to 1st degree black belt 2nd degree #ourboy #taekwondo #blackbelt @ Master\ ,"Virginia, USA"
Fri Apr 26 23:59:05 +0000 2019," They don\'t have enough backup QBs in Denver?""'","Atlanta, GA"
Fri Apr 26 23:59:05 +0000 2019,"Excited for our post-Easter Hangout at  from 11am-2pm! Free food, bowling and games for visitors and f\ ","Oakland, CA"
Fri Apr 26 23:59:05 +0000 2019,"Dancehall class at   8:40 PM\\nWith me'""","Hollywood, FL"
Fri Apr 26 23:59:05 +0000 2019," I\'m still having one!""'","Normandy Park, WA"
Fri Apr 26 23:59:05 +0000 2019," A lot'""","Beech Grove, IN"
Fri Apr 26 23:59:05 +0000 2019,    You were talking about denying a fact and now want to debate bo\ ,"Pittsburgh, PA"
Fri Apr 26 23:59:05 +0000 2019,"Baseball\'s game two against CSN has been delayed until tomorrow.\\n\\nTop 7\\nEagles 6\\nCoyotes 6""'","Price, UT"
Fri Apr 26 23:59:05 +0000 2019,We want our #SciFiWorld #FreeEnergy #WooWoo #SpaceForce \ ,"Indiana, USA"
Fri Apr 26 23:59:05 +0000 2019,"GOD DAMNIT'""","Paradise, NV"
Fri Apr 26 23:59:05 +0000 2019,"Should I do a creative map review series where I do death runs/mazes/puzzle maps and stuff like that'""","New York, USA"
Fri Apr 26 23:59:05 +0000 2019," Who ever tap out first got buy the person a after party meal #LUSPRINGFEST2k19'""","Beaumont, TX"
Fri Apr 26 23:59:05 +0000 2019," Always.'""","Salem, VA"
Fri Apr 26 23:59:05 +0000 2019,"Curious to see where they go from here, but that\'s a massive miss to start the Brannen era""'","West Chester, OH"
Fri Apr 26 23:59:05 +0000 2019,"   The 2nd Amendment does not specify what type of firearm could be owned either, there\ ","Santa Clarita, CA"
Fri Apr 26 23:59:04 +0000 2019,Apple-y. - Drinking an Unified Press by  at   \ ,"Portland, ME"
Fri Apr 26 23:59:04 +0000 2019,"I got options don\ make me weigh that shit'""","Philadelphia, PA"
Fri Apr 26 23:59:04 +0000 2019,"May you all have an extraordinary weekend. Que tengan todos una fin de semana extraordinaria. @ Hallandale Beach, F\ ","Hallandale Beach, FL"
Fri Apr 26 23:59:04 +0000 2019, Oh thank the Goddess ,"Gilbert, AZ"
Fri Apr 26 23:59:04 +0000 2019," You as well Larry!'""","El Paso, TX"
Fri Apr 26 23:59:04 +0000 2019,"I\ not looking out for bitches no more! If your man fucking my friend oh well cry me a fucking river bitch!'""","Greensboro, NC"
Fri Apr 26 23:59:04 +0000 2019, Sounds dangerous\,"Evansville, IN"
Fri Apr 26 23:59:04 +0000 2019," But it\'s le hard.""'","Georgia, USA"
Fri Apr 26 23:59:04 +0000 2019,Great afternoon for some Oakland Baseball!! Go Patriots!! ,Smyrna High School
Fri Apr 26 23:59:04 +0000 2019,Congrats to design teams     for their tireless work! Th\ ,"Oklahoma City, OK"
Fri Apr 26 23:59:04 +0000 2019," Man hell na. I\ in this funky ass store'""","Hattiesburg, MS"
Fri Apr 26 23:59:04 +0000 2019," Can\ wait to see you my love!'""","San Marcos, TX"
Fri Apr 26 23:59:03 +0000 2019,"Quick Connor Vanover update.  \\n\\nThe 7\ 3-point shooting C has heard from Baylor, Arkansas, Oklahoma St., TCU, Mar\ ","Los Angeles, CA"
Fri Apr 26 23:59:03 +0000 2019,"    He\ a really good prospect. Struggling a bit at AA, but the\ ","Marshfield, MO"
Fri Apr 26 23:59:03 +0000 2019," Love me some Chip, Frenchie and Tommy on Braves Baseball tonight! Go Braves! #ChopOn ","Mitchell, SD"
Fri Apr 26 23:59:03 +0000 2019," did u pick mad max for today??'""","Chula Vista, CA"
Fri Apr 26 23:59:03 +0000 2019,Delicious. - Drinking a Stouty McStoutface by  @ Little Thistle  \ ,"Minnesota, USA"
Fri Apr 26 23:59:03 +0000 2019,"Lock with our third pick is fine by me. We addressed needs and then took a q.b.'""","Brooklyn, NY"
Fri Apr 26 23:59:03 +0000 2019,"Congratulations,  I won\'t be able to root for your team, but I hope you have an outstanding career.\ ","Kansas City, MO"
Fri Apr 26 23:59:03 +0000 2019,"    Funny, but the joke\ on us, (decent) American citizens. The currant occupants are *trash*.'""","New Orleans, LA"
Fri Apr 26 23:59:03 +0000 2019,"This new track from  is insanely good.  Like, holy shit amazing good.\\n#Hiphop #HipHopMusic\ ","Georgia, USA"
Fri Apr 26 23:59:03 +0000 2019, I like country because most songs are like stories. Yesss girl \,"Springfield, MA"
Fri Apr 26 23:59:02 +0000 2019,"Can we slow the the hype on  being the second coming of  ?'""","New Orleans, LA"
Fri Apr 26 23:59:02 +0000 2019,"I\ convinced if you tell your girl NO , She gone ask WHY Everytime \","Mobile, AL"
Fri Apr 26 23:59:02 +0000 2019," U better not say anything young man, i have to wait until monday'""","Sacramento, CA"
Fri Apr 26 23:59:02 +0000 2019," We\ giving one away at ICRA2019 to the winner of our FetchIt! Challenge,  but u\ ","San Jose, CA"
Fri Apr 26 23:59:02 +0000 2019,"   Lol'""","Burbank, CA"
Fri Apr 26 23:59:02 +0000 2019,"La mente ve con los ojos.'""","Houston, TX"
Fri Apr 26 23:59:02 +0000 2019,"MED - MEDICAL at 1800 BLOCK OF SW SALMON ST, PORTLAND, OR [Portland Fire #RP19000034886] 16:34 #pdx911'""","Portland, OR"
Fri Apr 26 23:59:02 +0000 2019,Great taste. A close rival to a Guinness Stout. Pairs well with Pork Schnitzel. - Drinking a Smoke Jumper Stout by\ ,"Rapid City, SD"
Fri Apr 26 23:59:02 +0000 2019," I think the new album is called kaleidoscope'""","Federal Way, WA"
Fri Apr 26 23:59:02 +0000 2019," Good call!!'""","Atascocita, TX"
Fri Apr 26 23:59:02 +0000 2019,"Drew Lock is a beast'""","Nashville, TN"
Fri Apr 26 23:59:02 +0000 2019," Hannity, what a little man. #DerangedDonald'""","Palm Springs, CA"
Fri Apr 26 23:59:02 +0000 2019,"If you switched up on me, IDGAF \","Moultrie, GA"
Fri Apr 26 23:59:02 +0000 2019,Drinking a Golden Thing by  @ Montage Mountain Resort \ ,"Pennsylvania, USA"
Fri Apr 26 23:59:01 +0000 2019,"Damn man... words have so much power you really gotta be mindful of that sometimes'""","Oakland, CA"
Fri Apr 26 23:59:01 +0000 2019,#FriYAY is the best!  \ ,"Texas, USA"
Fri Apr 26 23:59:01 +0000 2019,"UNWANTED PERSON at 3700 BLOCK OF NW FRONT AVE, PORTLAND, OR [Portland Police #PP19000134962] 16:54 #pdx911'""","Portland, OR"
Fri Apr 26 23:59:01 +0000 2019,   Your second reply as well ,"Reno, NV"
Fri Apr 26 23:59:01 +0000 2019," You as well!'""","Memphis, TN"
Fri Apr 26 23:59:01 +0000 2019, Thank you MicMic\,"Nacogdoches, TX"
Fri Apr 26 23:59:01 +0000 2019,OMG now Drew Lock Jesus Mary and Joseph ,"Shawnee, KS"
Fri Apr 26 23:59:01 +0000 2019,"Nigga speeding to make the liq store'""","Lake Wylie, SC"
Fri Apr 26 23:59:01 +0000 2019,"  #FireElway'""","Thornton, CO"
