Date,Tweet
Date,eet',Country
Sat May 18 15:00:43 +0000 2019,Class of 2020\ miss Senior Summit!  Parent attendance is encouraged at this event.  Come get valuable informat\ ,"Conroe, TX"
Sat May 18 15:00:43 +0000 2019,"Follow up for people who have been publishing for 5+ years:\\n\\nYour most-cited paper is a'""","Glastonbury, CT"
Sat May 18 15:00:43 +0000 2019,Heading to my booth at officialmegacon and will be there for a little bit before the  panel today! Co\ ,"Florida, USA"
Sat May 18 15:00:43 +0000 2019,#MadeAtSacState ,Sierra Nevada Draught House
Sat May 18 15:00:43 +0000 2019,Its gameday Jacket family!\\n\\n\ playoff\\n\ White House\\n\ are at home\\n\ Kickoff\\n\\nBeautiful night o\ ,"Fairview, TN"
Sat May 18 15:00:43 +0000 2019,It\ 10:00 am and time for Keep Pushing: Journey of Faith with  on  #kpjof\ ,"Gary, IN"
Sat May 18 15:00:43 +0000 2019,"On set.\\n\\n#actor #actors #actorlife #sagaftra #film @ Olympia, Washington ","Olympia, WA"
Sat May 18 15:00:43 +0000 2019,Lol \   ,United States
Sat May 18 15:00:43 +0000 2019,"So, let\ see what Jared and DJT will do. ","Plano, TX"
Sat May 18 15:00:43 +0000 2019, \,"Newark, NJ"
Sat May 18 15:00:42 +0000 2019,,"Trinidad, CO"
Sat May 18 15:00:42 +0000 2019,"I hate coming to Scotland Neck , don\ got no good food places \","Scotland Neck, NC"
Sat May 18 15:00:42 +0000 2019,"     I am with a guest this weekend so probably not this time'""","Newton, MA"
Sat May 18 15:00:42 +0000 2019," Ah! Duh, I totally forgot!! Hang with meeee'""","Denver, CO"
Sat May 18 15:00:42 +0000 2019," But honestly what % of actual \ fan who cares enough to watch the FA Cup final doesn\ have ESPN+?'""","Colleyville, TX"
Sat May 18 15:00:42 +0000 2019," I full 100% agree!! Trouble is, \'voter fraud\' is a huge tool the the CA Democrat politicians use to\ ","California, USA"
Sat May 18 15:00:42 +0000 2019,Yeah meg the stallion can rap bars your favorite everyday but maybe I need to listen to fever a little more but sou\ ,"Vinings, GA"
Sat May 18 15:00:42 +0000 2019,thank you gf\ ,"Plainfield, IL"
Sat May 18 15:00:42 +0000 2019,"im excited for gramble planning and want to scream about it on twitter but unsure if i should brush the dust off of  for that'""","Bloomington, MN"
Sat May 18 15:00:41 +0000 2019,"a drinking game: we take a shot every time James Charles gets himself in trouble in the media'""","San Antonio, TX"
Sat May 18 15:00:41 +0000 2019,i accept this proposal \ ,"Chicago, IL"
Sat May 18 15:00:41 +0000 2019,"Connect 4 anyone??? The team had to answer a problem correctly in order to mark the board. At first, they relied on\ ","Rahway, NJ"
Sat May 18 15:00:41 +0000 2019,"Alright folks, y\ ready to talk a little day drinking? It\ time for the #DayDrinkingSongBracket to begin. Remem\ ","Houston, TX"
Sat May 18 15:00:41 +0000 2019,"Here for #sonictemplefestival repping #natureboyricflair ready to Rock !!!\ @ Columbus, Ohio ","Columbus, OH"
Sat May 18 15:00:41 +0000 2019,Extra\ el sol \ el calor \ y mi pelo bicolor ,"Herriman, UT"
Sat May 18 15:00:41 +0000 2019,"   Excuse me?'""","Atlanta, GA"
Sat May 18 15:00:41 +0000 2019,"On Saturdays, we play chess morning, noon, and Knight! Ready for  tournament! #NobelChessTeam\ ","Chicago, IL"
Sat May 18 15:00:41 +0000 2019," Though of course they won\ But we can dream.'""","Chicago, IL"
Sat May 18 15:00:40 +0000 2019,#GoFam Soundset Special Discount: Get your tickets now! ( this weekend only!!! \ ,"Woodbury, MN"
Sat May 18 15:00:40 +0000 2019,"  word! Im about to do a blind run on PC this morning but nobody on console has a clear yet'""","California, USA"
Sat May 18 15:00:40 +0000 2019," every time i look, i get mad all over again \","Doraville, GA"
Sat May 18 15:00:40 +0000 2019," Ayyyeeee I was wright'""","Georgia, USA"
Sat May 18 15:00:40 +0000 2019,The #ITSMFQ2 Symposium panel session \ Integration of Life & Tech\ not only explores connectivity but also revea\ ,"Ann Arbor, MI"
Sat May 18 15:00:40 +0000 2019,Y\ sleep. His albums actually hit. ,"Chicago, IL"
Sat May 18 15:00:40 +0000 2019,Loudlabs Footage on  covered by Chris Cyphers  #loudlabsnyc @ Harlem ,"Manhattan, NY"
Sat May 18 15:00:40 +0000 2019,"Searching for great food? Check out #roamingcoyoteva!\\n\ Sat, May 18\\n\ 8a - 8p\\n\ McLean Festival\\n\ ","McLean, VA"
Sat May 18 15:00:40 +0000 2019,"  the Louisville x Kentucky rivalry makes this sooooo much better too lmaooo'""","Brooklyn, NY"
Sat May 18 15:00:39 +0000 2019," Oh hell yea.'""","Columbus, GA"
Sat May 18 15:00:39 +0000 2019,Trying to sleep the night after getting braids is basically like not going to sleep at all \,"Houston, TX"
Sat May 18 15:00:39 +0000 2019,"Newport Beach, California - $1,770,000 USD  ","Newport Beach, CA"
Sat May 18 15:00:39 +0000 2019,"     Good Morning staff, crew,   and\ ","North Lauderdale, FL"
Sat May 18 15:00:39 +0000 2019," Bruh!!'""","Columbus, OH"
Sat May 18 15:00:38 +0000 2019," Trump used illegal immigrants until a story broke that many worked for him, his companies and his kids.\ ","Minneapolis, MN"
Sat May 18 15:00:38 +0000 2019,"  Wait \ he\ coming fr?'""","Des Moines, IA"
Sat May 18 15:00:38 +0000 2019,Jay Inslee is writing the climate plan the next president should adopt  via ,"Washington, USA"
Sat May 18 15:00:38 +0000 2019,My boyfriend really is my best friend \,"Winnie, TX"
Sat May 18 15:00:38 +0000 2019,"'Meijer is looking for teammates like you. See our latest #CustomerService job openings, including ""Cashier - W. Cen\ ","Sylvania, OH"
Sat May 18 15:00:38 +0000 2019,"The world owes you nothing.'""","Chicago, IL"
Sat May 18 15:00:38 +0000 2019,Today\'s match is being live streamed here:  thanks to  and  for\ ,"St Petersburg, FL"
Sat May 18 15:00:38 +0000 2019,"Looking for Buena\'Dillas! (#BuenaDillas)?\\n\ Sat, May 18\\n\ 11a - 5p\\n\ Mac & Cheese Festival - Power Plant Live!\\n\ ","Baltimore, MD"
Sat May 18 15:00:38 +0000 2019,Taking the top off the truck today \,"Winter Park, FL"
Sat May 18 15:00:38 +0000 2019,Hell\ getting cold: I\ retweeting Tomi Lahren. ,"California, USA"
Sat May 18 15:00:38 +0000 2019," Lol anything is possible'""","Cary, NC"
Sat May 18 15:00:37 +0000 2019,HERIETH\\n for tmagazinees June \ photographed by  danieledley\\nHair tsukihair\\nMake\ ,"Manhattan, NY"
Sat May 18 15:00:37 +0000 2019,Morning #UNO. #CoffeeHouseVibes #Saturday ,"Draper, UT"
Sat May 18 15:00:37 +0000 2019," Hello! I signed up for a free trial of Elite last Sunday, and anticipated I\ be able to cancel tod\ ","Texas, USA"
Sat May 18 15:00:37 +0000 2019,  Lmaoooo stahppp\,"Philadelphia, PA"
Sat May 18 15:00:37 +0000 2019,"Really looking forward to giving my presentation, and the following Q&A discussion today!!   ",Mullin's Library Reading Room
Sat May 18 15:00:37 +0000 2019," How tf can they keep doing stuff like  this ?! It\ not that hard god damn'""","New Orleans, LA"
Sat May 18 15:00:37 +0000 2019,Exactly \ ,"Orlando, FL"
Sat May 18 15:00:37 +0000 2019,"Nader watch'""","Waco, TX"
Sat May 18 15:00:36 +0000 2019," you\ a hero'""","Ashland, NJ"
Sat May 18 15:00:36 +0000 2019,"'Join the Supplemental Health Care team! See our latest #Nursing job openings, including ""Travel Home Health Home Ca\ ","Ironwood, MI"
Sat May 18 15:00:36 +0000 2019,This #RR. HH. job might be a great fit for you. Click the link in our bio to see it and more. (ZSU) Part time Air T\ ,"Isla Verde, USA"
Sat May 18 15:00:36 +0000 2019,"Want to work at Robert Half Legal? We\'re hiring in #NewYork, NY! Click the link in our bio for details on this job\ ","Manhattan, NY"
Sat May 18 15:00:36 +0000 2019, I get that YS. The hot corner is far more important. Just surprised at the beating Andujar took/takes\ ,"Florida, USA"
Sat May 18 15:00:36 +0000 2019," me to, congrats!!! you\ be a great mommy!!\","Ardmore, OK"
Sat May 18 15:00:36 +0000 2019,WhY Is ThIs NoT aT tHe OrIgINaL BpM. \ ,"Calabasas, CA"
Sat May 18 15:00:36 +0000 2019," I am Iron Man'""","Upper Darby, PA"
Sat May 18 15:00:36 +0000 2019, So sorry to hear of your loss. Your family is in my thoughts. ,"Wisconsin, USA"
Sat May 18 15:00:36 +0000 2019,You ARE \ hot to handle\  !   #chicago #awomansplaceisinthedome #hustle  ,"Chicago, IL"
Sat May 18 15:00:35 +0000 2019," That\ f-\ up'""","Churchville, PA"
Sat May 18 15:00:35 +0000 2019,"A little warm up before game 2 at The Atlantic City Showcase! Come see the Central Jersey Hawks 2023 play at 11:40,\ ","Atlantic City, NJ"
Sat May 18 15:00:35 +0000 2019,Que casualidad. ,"King of Prussia, PA"
Sat May 18 15:00:35 +0000 2019,12 o clock they said I\ getting these stones out \,"Long Beach, CA"
Sat May 18 15:00:35 +0000 2019,this the weather to wear less & go out more\,"Queenland, MD"
Sat May 18 15:00:35 +0000 2019,"   Oh, is TCU a challenge?'""","Chicago, IL"
Sat May 18 15:00:35 +0000 2019,When you see a parody account pop up out of nowhere and they already have more followers than you ,"Oakland, CA"
Sat May 18 15:00:35 +0000 2019,Thought for the day: We as humans are creatures of habit and really don\'t like change. That being said...just makin\ ,"Sayreville, NJ"
Sat May 18 15:00:35 +0000 2019,"    she did it again'""","Virginia, USA"
Sat May 18 15:00:35 +0000 2019,     Go for it!! Congratulations \,"Missouri, USA"
Sat May 18 15:00:35 +0000 2019,Get that perfect new scent just in time for summer! #shop at Coton Frais for their exclusive perfumes from Provence\ ,"Boca Raton, FL"
Sat May 18 15:00:34 +0000 2019,  Denard is my favorite UM QB ,"Economy, PA"
Sat May 18 15:00:34 +0000 2019,"Like I said yesterday, put that degree u earned to good use and focus on eliminating them student loans. Enjoy the\ ","Miami, FL"
Sat May 18 15:00:34 +0000 2019,They\ got balls in their parking lot. Hopefully they have a shower cap for  mortarboard in the store\ ,"Berkeley, CA"
Sat May 18 15:00:34 +0000 2019,"  I guess that\'s the night the lights went out in Georgia""'","Jefferson City, MO"
Sat May 18 15:00:34 +0000 2019,Now I want you ,"Houston, TX"
Sat May 18 15:00:34 +0000 2019,"The fact that anyone who isn\ a health insurance CEO can think this is a good system is nuts.'""","Chicago, IL"
Sat May 18 15:00:34 +0000 2019,"Day 1 of #MayGameRunners and I\ Shoshana Kessock, game designer, writer, immersive designer, and general nerd. I\ ","Santa Fe, NM"
Sat May 18 15:00:34 +0000 2019, I never knew I could have so much hate in me that it seriously makes me sick & am constantly searching\ ,"Stratford, CT"
Sat May 18 15:00:34 +0000 2019,Yessir! Joey rules! ,"Hammond, IN"
Sat May 18 15:00:34 +0000 2019,"Looking for Pho Wheels (#PhoWheels)?\\n\ Sat, May 18\\n\ 10a - 4p\\n\ 46105 Loudoun Park Lane, Sterling\\n\ ","Sterling, VA"
Sat May 18 15:00:34 +0000 2019,"     Does cowheard do investigative journalism? Bet he makes $5m a year ++++'""","Tempe, AZ"
Sat May 18 15:00:33 +0000 2019,stan twitter when a pro lifer tries to tweet their opinion ,"Florida, USA"
Sat May 18 15:00:33 +0000 2019,5th grade girls Game Day. TIP OFF. Let\ get this W ladies. #unbreakable #progession #nike #aaugirlsbasketball \\n\ ,"Mechanicsville, VA"
Sat May 18 15:00:33 +0000 2019,Telco ,Rodney Playground South
Sat May 18 15:00:33 +0000 2019,"Y por m\ a la gente le encojone, siempre que tenga mi tiempo libre y mi mejor amiga tambi\ estaremos juntas \","Rincón, Puerto Rico"
Sat May 18 15:00:33 +0000 2019, Go get em tiger! \,"Rodeo, CA"
Sat May 18 15:00:33 +0000 2019,"take it slow but don\ slow up'""","Nashville, TN"
Sat May 18 15:00:33 +0000 2019,Taking all of me to not respond to their bullshit \,"Kapalua, HI"
Sat May 18 15:00:33 +0000 2019,"2 for 15\\n3.5 for 25 \\n\\nshit gotta stoppp'""","Washington, DC"
Sat May 18 15:00:33 +0000 2019," good'""","Georgia, USA"
Sat May 18 15:00:33 +0000 2019,"Love getting a meal in one pot!\\nPork belly, veggies and rice in a clay pot from  \\n\  ",Clay Pot NYC
Sat May 18 15:00:33 +0000 2019,Nurture your minds with great thoughts... @ NEW YORK CITY -\\n\\n\'The essential element in nurturing our creativity lie\ ,"Manhattan, NY"
Sat May 18 15:00:33 +0000 2019,  Its long past time but  and committee chairs don\'t have the spine. Trump\'s base\ ,"San Diego, CA"
Sat May 18 15:00:32 +0000 2019,"'I\\\'ve been in Texas for ten minutes and everyone is already saying ""y\\\'all"" all the time and I can feel them here all\ ","Grapevine, TX"
Sat May 18 15:00:32 +0000 2019," I stand corrected'""","Los Angeles, CA"
Sat May 18 15:00:32 +0000 2019,Happy 70th Birthday Gatorland! Alligator \  ,"Southchase, FL"
Sat May 18 15:00:32 +0000 2019," Stfu'""","Manhattan, NY"
Sat May 18 15:00:32 +0000 2019,Prince Harry Is Back at St. George\'s Chapel a Year After His Wedding \ But Without Meghan Markle  via ,"Kansas City, MO"
Sat May 18 15:00:32 +0000 2019,"#SaturdayInspiration I had the pleasure of judging Joseph Aponte from Red Dragon in Reading, PA. This 17 year old i\ ","Atlantic City, NJ"
Sat May 18 15:00:32 +0000 2019,typical \,"Schaumburg, IL"
Sat May 18 15:00:32 +0000 2019,thank you taylor!!! love you so much\ ,"Plainfield, IL"
Sat May 18 15:00:32 +0000 2019,Idk how to act when someone subscribes to my highest tier like here\ my soul if you need it lmfao just kidding \,"Los Angeles, CA"
Sat May 18 15:00:32 +0000 2019," Happy birthday to you!!! Hope you have the best day ever because you deserve it!!!'""","Montpelier, VT"
Sat May 18 15:00:32 +0000 2019," Classic BSer or in blunt terms Con Artist.'""","Soquel, CA"
Sat May 18 15:00:31 +0000 2019, I wish I was there to feel that heat. Everything looks great Greg. You really out did yourself this year. \,"Redlands, CA"
Sat May 18 15:00:31 +0000 2019,"Searching for great food? Check out #empanadasdemza!\\n\ Sat, May 18\\n\ 8a - 1p\\n\ Farmers Market - 10500 Page Avenue,\ ","Fairfax, VA"
Sat May 18 15:00:31 +0000 2019, ilysm \,"Manhattan, NY"
Sat May 18 15:00:31 +0000 2019,"  Agreed I need 3 day work weeks 4 days weekends!'""","North Valley Stream, NY"
Sat May 18 15:00:31 +0000 2019,"  Thanks for posting!  From this I\'d say Red is an imposter, but apparently (maybe?) not Ilya.\ ","Casas Adobes, AZ"
Sat May 18 15:00:30 +0000 2019," See ya at the show @ #TeamReign'""","Missouri, USA"
Sat May 18 15:00:30 +0000 2019,"It\ graduation season and we want to celebrate with you! If you\ part of the #Classof2019, join us at\ ","Orlando, FL"
Sat May 18 15:00:30 +0000 2019," luv you'""","Orem, UT"
Sat May 18 15:00:30 +0000 2019,EDC and these damn lights man ,"Sunrise Manor, NV"
Sat May 18 15:00:30 +0000 2019,"I appreciate everyone'""","Indianapolis, IN"
Sat May 18 15:00:30 +0000 2019, Because women don\ want to work somewhere that their personal freedom is abridged.  Pro-choice laws\ ,"Manhattan, NY"
Sat May 18 15:00:30 +0000 2019,#taehyungweloveyouarmy ,"Coppell, TX"
Sat May 18 15:00:30 +0000 2019,"Last minute tweaks to POPPI talks for the ATS - fuelled by coffee and bagels; the luxury of room service'""","Dallas, TX"
Sat May 18 15:00:30 +0000 2019,"At 9:00 AM MDT, 2 NNW Saint Onge [Lawrence Co, SD] TRAINED SPOTTER reports SNOW of 2.00 INCH ","South Dakota, USA"
Sat May 18 15:00:30 +0000 2019,"    I agree after reading the report not once but many times! Great stuff!'""","Oak Park, IL"
Sat May 18 15:00:30 +0000 2019," did you have some weather this morning Robert?'""","Plainview, TX"
Sat May 18 15:00:30 +0000 2019,"  Heard y\ looked great again.'""","Tiger Point, FL"
Sat May 18 15:00:30 +0000 2019,"Tyler the creator was really banned from the UK for 5 years ... the stupidity ...'""","Manhattan, NY"
Sat May 18 15:00:29 +0000 2019,"   thank you!!'""","Columbus, GA"
Sat May 18 15:00:29 +0000 2019,Until I find someone that makes me wanna wear more and go out less \ ,"Denton, TX"
Sat May 18 15:00:29 +0000 2019,The first impression one gets about a leader and his or her brains is from seeing the type of people he or she admi\ ,"Boston, MA"
Sat May 18 15:00:29 +0000 2019,"Chernobyl on HBO is soooo good'""","Fern Creek, KY"
Sat May 18 15:00:29 +0000 2019," Yes my whole mood is blown'""","Rahway, NJ"
Sat May 18 15:00:29 +0000 2019,"Looking for Danibelle\'s Lebanese Cuisine (#Danibelles07)?\\n\ Sat, May 18\\n\ 10a - 6p\\n\ Gaithersburg Book Festival - 3\ ","Gaithersburg, MD"
Sat May 18 15:00:29 +0000 2019,"Did some digging\\n#Resisters \\nTwitter is being an orange jackass these Days...\\nV.E.T\\nInside ... Whole other bag...\\n~M'""","Pocatello, ID"
Sat May 18 15:00:29 +0000 2019,Today at Carne all Traeger accessories are 20% OFF. We\'re also offering a CARNE X TRAEGER customer loyalty special\ ,"Bellingham, WA"
Sat May 18 15:00:29 +0000 2019,  I also think the Bush family had a hand this crap!\,"Indiana, USA"
Sat May 18 15:00:29 +0000 2019,I love Star Wars but this is where hideous and Tommy Bahamas meet. My eyes... ,"San Jose, CA"
Sat May 18 15:00:29 +0000 2019," Not Today'""","Hartsville, SC"
Sat May 18 15:00:29 +0000 2019,Almost time for the Midway Bodybuilding Championships to start... @ The Cotillion ,"Wichita, KS"
Sat May 18 15:00:29 +0000 2019,"If you\'re looking for work in #Louisville, KY, check out this job:  #Sales""'","Louisville, KY"
Sat May 18 15:00:29 +0000 2019,This is how I go green \ #adventureisgreat #AlternativeEnergy #alternativetransportation #onelesscar\ ,"Washington, USA"
Sat May 18 15:00:29 +0000 2019,I work anywhere \ ,"Kentucky, USA"
Sat May 18 15:00:28 +0000 2019,Yeah! #Nantucket\\nTHE CHICKEN BOX\\n TREE BAND\\n - With Or With\ ,"Nantucket, MA"
Sat May 18 15:00:28 +0000 2019,"I like how everyone wears suits in this movie. Makes the murder very classy #JohnWick'""","New York, USA"
Sat May 18 15:00:28 +0000 2019,I track my haircuts in my Google calendar. ,"Las Cruces, NM"
Sat May 18 15:00:28 +0000 2019,"I\ like uh huh, ok, what\ up, SHUT UP'""","Houston, TX"
Sat May 18 15:00:28 +0000 2019," danggggg, I forgot about that \","Tennessee, USA"
Sat May 18 15:00:28 +0000 2019,Imma have a beard before da summer ova \,"Auburn, AL"
Sat May 18 15:00:28 +0000 2019,"Hot sexy dudes at San Onofre, CA \ BEACH \ #CaliforniaBoys #NudeBeach \ ","Seattle, WA"
Sat May 18 15:00:28 +0000 2019,"QUIERO MOFONGO!'""","Cayey, Puerto Rico"
Sat May 18 15:00:28 +0000 2019,#NewProfilePic ,"Queens, NY"
Sat May 18 15:00:28 +0000 2019," \ BRUHHHHH IM AT WORK SCREAMING!'""","University Park, TX"
Sat May 18 15:00:28 +0000 2019,  \,"South Carolina, USA"
Sat May 18 15:00:28 +0000 2019, I\ missed my flight because reps sent us to now THREE different lines to \ our bags\ and now we\ mi\ ,"Los Angeles, CA"
Sat May 18 15:00:27 +0000 2019,Wish my cousins lived closer so I could be like \ come shoot this nigha for me \ but nooooo \,"Parker, AZ"
Sat May 18 15:00:27 +0000 2019,Need Employment? ,"Chillum, MD"
Sat May 18 15:00:27 +0000 2019,LMFAO WHY THEY DOIN ARNY LIKE THAT ,"Pennsylvania, USA"
Sat May 18 15:00:27 +0000 2019,Hometown team. Go Patriots! #NJ ,"Chicago, IL"
Sat May 18 15:00:27 +0000 2019,"Off to a decent start at PIM today as my 2nd choice wins the 1st for $8.20 as my top pick pulled up and did not finish.'""","Arkansas, USA"
Sat May 18 15:00:27 +0000 2019,"'Stop staring at the clock every day. It\\\'s time for a new career. Follow us to view jobs with titles like ""Physical\ ","Holland, OH"
Sat May 18 15:00:27 +0000 2019," Oregon is gorgeous. I feel really lucky to be here.'""","Oregon, USA"
Sat May 18 15:00:27 +0000 2019,  That\'s ,"Bedford, NH"
Sat May 18 15:00:27 +0000 2019,"white men are a PLAGUE myself included'""","Fort Worth, TX"
Sat May 18 15:00:26 +0000 2019,"Graffiti Tracking: 2626 Ming Ave, Bakersfield, CA 93304, USA'""","Bakersfield, CA"
Sat May 18 15:00:26 +0000 2019,Joe Biden wants to find middle ground with xtreme conservatives?. Nonsense!. The choice is clear. #NotMeUs \\n\\n\'This\ ,"Folsom, CA"
Sat May 18 15:00:26 +0000 2019,"  Yeah you trippin . Ain\ nothing good about it'""","East Point, GA"
Sat May 18 15:00:26 +0000 2019," I\ not a rapper, but I once faced prison time.\\nI fully expected it, but thanks to family and community\ ","Iowa, USA"
Sat May 18 15:00:26 +0000 2019,"Inyo County, California, USA\\nML 3.1 (8 min ago)\\n11km 37.43\ 118.55\ 18, 2019 14:51:28 UTC\\n#earthquake ","California, USA"
Sat May 18 15:00:26 +0000 2019, I knew it... You are.. the endgame.... ,"Cherry Hill Mall, NJ"
Sat May 18 15:00:26 +0000 2019,8% for services left out of  budget we serve the whole person. #KeepThePromise #invaluable\ ,"Ventura, CA"
Sat May 18 15:00:26 +0000 2019," The more you know'""","Tucson, AZ"
Sat May 18 15:00:26 +0000 2019,"Saturday morning Long Run. It\'s finished & it\'s done. \\nI pray you have Spectacular, fun & relaxed Saturday.\ ","Plano, TX"
Sat May 18 15:00:26 +0000 2019,Custom \ patch denim \\nFor the bro  \  \\nFOLLOW US TODAY n DM US\ ,"Lafayette, LA"
Sat May 18 15:00:25 +0000 2019," You gonna come out and 0-2 without saying howdy?'""","Cambridge, MA"
Sat May 18 15:00:25 +0000 2019,"Mmmmmmmm gelato \ @ Lexington, Kentucky ","Kentucky, USA"
Sat May 18 15:00:25 +0000 2019, Procedure.. I was like dude are you senial? You just got done telling me about how I would come back\ ,"Pennsylvania, USA"
Sat May 18 15:00:25 +0000 2019,"MEN,  HELP YOUR LADY AROUND THE HOUSE AND TAKE A GOOD LOOK  AT YOUR KIDS , CHECK THE PUPILS, TALK TO YOUR KIDS. ","Commerce, CA"
Sat May 18 15:00:25 +0000 2019,Didn\ realize how windy it was until I had already left the house for work.. wore a dress.. definitely just accide\ ,"St Peters, MO"
Sat May 18 15:00:25 +0000 2019,"I want to fill the swimming pool and make it a play ground. Let\'s see what the owner says then!""'","Burien, WA"
Sat May 18 15:00:25 +0000 2019," Get Jim his biscuit'""","Arizona, USA"
Sat May 18 15:00:25 +0000 2019,Happy Haitian Flag Day\ M pat ka rete m pa gouye jodi a\ \\n\\nSong:  - Lanmou Pi Fo\\n\ ,"Irvington, NJ"
Sat May 18 15:00:25 +0000 2019, that\ all i have to say.  ,"Coconut Creek, FL"
Sat May 18 15:00:24 +0000 2019,Tr3wAy\ ,"Hagerstown, MD"
Sat May 18 15:00:24 +0000 2019,"you can hit it and all'""","Rialto, CA"
Sat May 18 15:00:24 +0000 2019," will you take me to dollar tree? I have my nanas wallet.'""","Revere, MA"
Sat May 18 15:00:24 +0000 2019,"Born Sinner will be one of my favorite songs forever'""","Memphis, TN"
Sat May 18 15:00:24 +0000 2019,Prayers up to  and crew this morning! \,"Nashville, TN"
Sat May 18 15:00:24 +0000 2019," good and you'""","Bastrop, LA"
Sat May 18 15:00:24 +0000 2019," Yeah , I\ try to find the actual tweet'""","Newark, NJ"
Sat May 18 15:00:24 +0000 2019,Not a bad location for OT for a special event. ,Miami Marine Stadium
Sat May 18 15:00:24 +0000 2019," Cdfu lil ass meal'""","Drexel Hill, PA"
Sat May 18 15:00:23 +0000 2019,"when your usual max weight on a machine starts to feel light >'""","Alafaya, FL"
Sat May 18 15:00:23 +0000 2019,"I\'m at AMC North Point Mall 12 -  for John Wick: Chapter 3 - Parabellum in Alpharetta, GA ","Alpharetta, GA"
Sat May 18 15:00:23 +0000 2019,I love the smell of fresh air through my window \,"Henrietta, NY"
Sat May 18 15:00:23 +0000 2019," Hella down to join this club'""","Richmond, CA"
Sat May 18 15:00:23 +0000 2019, Yes very and I guess people believe that everyone supposed to have the same opinions seems like!?!\,"Gresham, OR"
Sat May 18 15:00:23 +0000 2019,Good Luck Lady Blazers at the OHSAA District Final!    #ItsBettertobeaBlazer ,"Tipp City, OH"
Sat May 18 15:00:23 +0000 2019,that\ the person who always gets the most disrespect tho \ ,"Burlington, NJ"
Sat May 18 15:00:23 +0000 2019,"Want to work at Delaware North? We\'re hiring in #FishCamp, CA! Click the link in our bio for details on this job an\ ","California, USA"
Sat May 18 15:00:23 +0000 2019,"  Adoption exists, but barely. We went over that. It\'s very expensive and most people on\ ","Omaha, NE"
Sat May 18 15:00:23 +0000 2019, Lol...enjoy the heat \,"Fullerton, CA"
Sat May 18 15:00:23 +0000 2019,Then some dude asked our guy friends if they were gay bc they weren\ dancing on us like ok my friends are gay bc t\ ,"Texas, USA"
Sat May 18 15:00:23 +0000 2019,"Those fucking pits were wild last night, I counted at least 6 circle pits that opened up and 2 of them merged into\ ","Columbus, OH"
Sat May 18 15:00:23 +0000 2019,Sooo is it safe to drive to angelo today? Rain or shine!!\,"Texas, USA"
Sat May 18 15:00:23 +0000 2019,and I oop\ ,"Chicago, IL"
Sat May 18 15:00:22 +0000 2019,#aLoveSupreme \,"California, USA"
Sat May 18 15:00:22 +0000 2019, are the games for region 6 district championship on for today or been moved to tomorrow? Website now\ ,"Overland Park, KS"
Sat May 18 15:00:22 +0000 2019," Bro I been on it since 6. The school made me drink it before in hopes I\ crash and be a good boy for the day'""","Georgia, USA"
Sat May 18 15:00:22 +0000 2019,Crazy #Armenians! ,"Arizona, USA"
Sat May 18 15:00:22 +0000 2019,"Yayyyyyy I get to hang w Jake tonight and we planned a hike and I might be dog sitting for him :-)'""","Auburn, NY"
Sat May 18 15:00:22 +0000 2019,"A king has woken, what should I do today?'""","Jackson, MS"
Sat May 18 15:00:22 +0000 2019,"'\  production of ""Diary of a Worm, a Spider, and a Fly"" continues tonight at the #NewmarkTheatre thro\ ","Portland, OR"
Sat May 18 15:00:22 +0000 2019,when I get this shape back can\'t nobody tell me nun\ my ass already decent & hips wide than a mf\,"Kokomo, IN"
Sat May 18 15:00:22 +0000 2019,Wilkins Report Stars - Pool E - Michigan Premier (8th) def. PR1DE 2023/24 38-17 -   #MIMAYMADNESS ,"Livonia, MI"
Sat May 18 15:00:22 +0000 2019," The contrast in body language says it all. Alvin isn\'t tryin\' to hear that bullshit.""'","Lakewood, CO"
Sat May 18 15:00:22 +0000 2019," I\'ll be roaming around as a DHL delivery man, holla if you see me!""'","Chicago, IL"
Sat May 18 15:00:22 +0000 2019,"  But who\ saying a woman wont?? \ I guess me re women need to learn how to fight because I for damn sure would'""","Arkansas, USA"
Sat May 18 15:00:22 +0000 2019,"Yo si no limpio con musica al palo, no limpio.'""","Colonia, NJ"
Sat May 18 15:00:22 +0000 2019,"near bsgstblender: 4b3a3224-84f1-43fa-8a8d-063c6df18add'""","Pittsburgh, PA"
Sat May 18 15:00:22 +0000 2019,"Whoever is trying to day drink in this glorious overcast weather Pull up on me and Mikey'""","Richardson, TX"
Sat May 18 15:00:22 +0000 2019,#Chevrolet #JackSchmitt ,"Wood River, IL"
Sat May 18 15:00:22 +0000 2019, mode unlocked. #megaconorlando #overwatch #dva @ MegaCon Convention ,"Florida, USA"
Sat May 18 15:00:22 +0000 2019,Tara ML\,"Milpitas, CA"
Sat May 18 15:00:22 +0000 2019,I just found a Rexburg Police parking ticket AND $100 while going through my old scriptures and if that\ not a met\ ,"Houston, TX"
Sat May 18 15:00:21 +0000 2019,Look at this guy! 70 years old and he refuses to pay a tire guy to pull a nail from his tire. He\'d rather pull the\ ,"Clermont, FL"
Sat May 18 15:00:21 +0000 2019,#miamibeach #sunset #home @ Miami Beach Marina ,"Miami Beach, FL"
Sat May 18 15:00:21 +0000 2019,"KOHLS is hiring in #Omaha, NE! Read about our latest #Retail job opening via the link in our bio: Full-Time Stockroom Operations Supervisor'""","Omaha, NE"
Sat May 18 15:00:21 +0000 2019, Had mainline abolitionist reasoning been Kendrick\ hard to see Jackson taking a stance against (in\ ,"Washington, DC"
Sat May 18 15:00:21 +0000 2019,we irritating \ ,Council Road Baptist Church
Sat May 18 15:00:21 +0000 2019,"If you\'re looking for work in #Twinsburg, OH, check out this #security job via the link in our bio: Security Office\ ","Twinsburg, OH"
Sat May 18 15:00:21 +0000 2019,There have been 30+ reports of tornadoes in the last 24 hours in the Midwest. Be sure to keep us in your prayers to\ ,"Eastborough, KS"
Sat May 18 15:00:21 +0000 2019,"T4: Callyn Martin bloop single scores another run, and White Plains lead Good Hope 4-3.'""","Montgomery, AL"
Sat May 18 15:00:21 +0000 2019,  that\ SUCH fucking bullshit \ i have 1 child & im 24 & i KNOW i don\ want anymore\ ,"Michigan, USA"
Sat May 18 15:00:21 +0000 2019,"'Don\\\'t be shy. Score a job like ""Technical Writer III"" at Thermo Fisher Scientific by asking for referrals. It\\\'s a g\ ","Kentucky, USA"
Sat May 18 15:00:21 +0000 2019,Loveland-based electric truck maker Workhorse needs to raise $300M to buy the Lordstown General Motors plant: ,"Columbus, OH"
Sat May 18 15:00:21 +0000 2019,6th Grade Boys - Pool G - Greensboro Warriors def. All In Elite 48-42 #whogotnext ,"Covington, GA"
Sat May 18 15:00:21 +0000 2019, Thanks man\,"Baltimore, MD"
Sat May 18 15:00:21 +0000 2019,"I love to laugh ...but laugh at love #loyalty  all I need'""","Glen Ridge, NJ"
Sat May 18 15:00:20 +0000 2019, \ Prime \,"St Robert, MO"
Sat May 18 15:00:20 +0000 2019," Broooo my lil cousin\ graduation is today too or I would\ been there'""","Vinita Park, MO"
Sat May 18 15:00:20 +0000 2019,"#lovaralifestyle @ Rancho Palos Verdes, California ","Rancho Palos Verdes, CA"
Sat May 18 15:00:20 +0000 2019,"Game 2  2-0\\nGeorgia Stars DW vs Mid State Magic Sports \\n\\n 10pts,4blks, 12rbs\\n 14pts, 3stls,\ ","Grayson, GA"
Sat May 18 15:00:20 +0000 2019," It\ hard to disagree. I think Can\ has been fine lately and D\ is good but the other moves have been a crap out so far.'""","Dobbs Ferry, NY"
Sat May 18 15:00:20 +0000 2019,"'Don\\\'t submit then quit. Apply for jobs like ""Terapista Educativo (Privado Y Remedio)"" at Puerto Rico Government, th\ ","San Juan, USA"
Sat May 18 15:00:19 +0000 2019,"   No.'""","Kansas City, MO"
Sat May 18 15:00:19 +0000 2019,So true! ,"Sinton, TX"
Sat May 18 15:00:19 +0000 2019,#PlayoffMode #RegionalSemiFinals #Strikeouts #Dingers #RBIs  ,"Houston, TX"
Sat May 18 15:00:19 +0000 2019,"It\ be a good day if  doesn\ swat my shit into next week'""","Moscow, PA"
Sat May 18 15:00:19 +0000 2019,   Of course listening& replying is cool. Ur only doing one of those thing\ ,"Owings Mills, MD"
Sat May 18 15:00:19 +0000 2019,Wow ,"Chicago, IL"
Sat May 18 15:00:19 +0000 2019,  Oh my goodness  yes! If I could teach outside every\ I would!\ ,"Desoto, TX"
Sat May 18 15:00:19 +0000 2019,"  #ThoughtsAndPrayers to you and your #Klan'""","Minneapolis, MN"
Sat May 18 15:00:18 +0000 2019,"Before breaking out individual #NWSL teams, let\'s look at how the overall layout of the next two months for the Lea\ ","Vernon Hills, IL"
Sat May 18 15:00:18 +0000 2019,#SaturdaysAreFor #ColdBrews \ and #DeliciousFood \ Chef Zach \ & his crew are whipping up some amazing lunch fea\ ,"Delaware, USA"
Sat May 18 15:00:18 +0000 2019,do not expect shit from no one! That\ get you hurt\,"Queenland, MD"
Sat May 18 15:00:18 +0000 2019," So.... how did it go? And good morning.'""","Yamhill, OR"
Sat May 18 15:00:18 +0000 2019,The truth is spoken 1 of the great gifts Republican governance has given us is doing terrible things for people wit\ ,"Fairway, KS"
Sat May 18 15:00:18 +0000 2019,"We have not because we ask not.'""","Redlands, CA"
Sat May 18 15:00:18 +0000 2019, Fr \,"Lodi, NJ"
Sat May 18 15:00:18 +0000 2019,    NoochMan!!!!!\\nI like it. \,"Kuna, ID"
Sat May 18 15:00:18 +0000 2019,7th Grade Girls - Pool B - Indiana Ambition def. Lady Ballaz 46-13 #JagsBluegrass ,"Jeffersontown, KY"
Sat May 18 15:00:18 +0000 2019,"   I\'m ashamed that as a Democrat I used to support this senator.""'","North Madison, OH"
Sat May 18 15:00:18 +0000 2019,"  I\ done with you!!!  Too opinionated and rude when someone thinks differently!!!'""","Arizona, USA"
Sat May 18 15:00:18 +0000 2019," Actual first person tbh'""","South Carolina, USA"
Sat May 18 15:00:18 +0000 2019,Think y\'all sleeping on that album btw ,"Antioch, CA"
Sat May 18 15:00:18 +0000 2019,"So, our Uber driver asked us if we brought any bud down for him. I guess there\ that.'""",Indianapolis 500
Sat May 18 15:00:18 +0000 2019,Sunmi is a fucking queen ,"Azalea Park, FL"
Sat May 18 15:00:18 +0000 2019,"Kelly Services is hiring in Slaton, TX! Click the link in our bio to apply: Pattern Shop Laborer #KellyJobs #KellyServices'""","Slaton, TX"
Sat May 18 15:00:18 +0000 2019,"Over 20 Counties, Cities, School Districts, Hospital districts, Chambers of commerce, and other local Hill country\ ","Texas, USA"
Sat May 18 15:00:18 +0000 2019,"Had a quarterlife crisis and joined the military'""","Portland, ME"
Sat May 18 15:00:17 +0000 2019," I only had 3 shots. That can\ possibly be it.'""","Marrero, LA"
Sat May 18 15:00:17 +0000 2019,Early morning pointe shoe fitting. #dance #pointe #ballerinafeet #ballerina #ballet #pointeshoes @ Freemotion Dance\ ,"Middletown, PA"
Sat May 18 15:00:17 +0000 2019, \ \ \ \ \ ... \ \ \ sociology \ ... \ \ \ \ \ \ \ \ ,"Arkansas, USA"
Sat May 18 15:00:17 +0000 2019,"  If the Mets right this shop and are buyers in July, they will need a solid SP, RP and one OF\ ","Boynton Beach, FL"
Sat May 18 15:00:17 +0000 2019,put this mf in the draft \ ,"Byram, MS"
Sat May 18 15:00:17 +0000 2019,"'Want to land a job like ""Network Architect"" at Cognizant? Applicant tracking systems look for specific keywords. Us\ ","Bridgewater, NJ"
Sat May 18 15:00:17 +0000 2019,"Road construction has ramp to southwest freeway closed. in #Meyerland on 610 W Lp NB at 69 The SW Fwy, stop and go traffic back to Beechnut'""","Houston, TX"
Sat May 18 15:00:17 +0000 2019," my dad getting me a glock 30 n best believe when I have my carriers license that shit gon be in my purse'""","Alafaya, FL"
Sat May 18 15:00:17 +0000 2019,"  One wasn\'t enough???""'","Texas, USA"
Sat May 18 15:00:16 +0000 2019,"'Stop staring at the clock every day. It\\\'s time for a new career. Follow us to view jobs with titles like ""Material\ ","Oshkosh, WI"
Sat May 18 15:00:16 +0000 2019,#UMSL Commencement #WeTransformLives #2/6 ,"Mark Twain, University Of Missouri St. Louis"
Sat May 18 15:00:16 +0000 2019,#SIFF2019 Capsule Review -  (\  #SFCS  ,"Manhattan, NY"
Sat May 18 15:00:16 +0000 2019,"We\'re hiring in #AveMaria, FL! Click the link in our bio to apply to this job and more: Senior Manufacturing Engine\ ","Florida, USA"
Sat May 18 15:00:16 +0000 2019,3 years ago I met the gracious  and discussed Stanley Kowalski. Then I got to see the amazing\ ,"Dodge City, KS"
Sat May 18 15:00:16 +0000 2019,"         Yes!'""","Gilbert, AZ"
Sat May 18 15:00:16 +0000 2019, BUT ... it was raining as we finished up \,"Uniondale, NY"
Sat May 18 15:00:16 +0000 2019,  Nope... Sit down dude. There are plenty of shows on ABC with higher viewership than The B\ ,"Washington, USA"
Sat May 18 15:00:16 +0000 2019, I was told by several fentanyl patch wearing racists that the Mets didn\ need to go after Harper i\ ,"Cold Spring Harbor, NY"
Sat May 18 15:00:16 +0000 2019,"This job is now open at Supplemental Health Care in #Cincinnati, OH. Follow us and turn on mobile alerts to hear ab\ ","Cincinnati, OH"
Sat May 18 15:00:16 +0000 2019,We are $175 away from goal!!! Lets  via Not Without My Hijab Play Tour! ,"Manhattan, NY"
Sat May 18 15:00:16 +0000 2019,So true. A different story in every table ,"Texas, USA"
Sat May 18 15:00:16 +0000 2019,Couple Clips from East\ Red v. White Game ,"La Vergne, TN"
Sat May 18 15:00:15 +0000 2019,Lmfao men are sick ,"University, FL"
Sat May 18 15:00:15 +0000 2019," You two rocked it!\ Hero Hustle 5k first Sat on November. Would love to have you join in. #allisonangels'""","Ohio, USA"
Sat May 18 15:00:15 +0000 2019, GOD Young Griff/Aegon/Faegon(??)\ storyline might be the thing I\ most interested to see\ ,"Bon Air, VA"
Sat May 18 15:00:15 +0000 2019,"I\'m at Hard Rock Hotel at Universal Orlando -  in Orlando, FL ","Orlando, FL"
Sat May 18 15:00:15 +0000 2019,  #celebrating #loving #fundraising #fightingcancer come by the San Pedro Athletic Complex\ ,"Los Angeles, CA"
Sat May 18 15:00:14 +0000 2019,Trying to walk around like im okay but deep down inside my asshole hurts \,"Queens, NY"
Sat May 18 15:00:14 +0000 2019," Yes! We must call them what they are. TERRORIST!'""","Severn, MD"
Sat May 18 15:00:14 +0000 2019,Toyota Sienna LE driver HRS1196 failed to yield near 228 Manhattan Ave on May 18. This is in Manhattan Community Bo\ ,"Manhattan, NY"
Sat May 18 15:00:14 +0000 2019,Boulevard Raised Me #tshirts #available #right #now #designed by  #explore #ceoteej #teejland\ ,"Atlanta, GA"
Sat May 18 15:00:14 +0000 2019,Mam\ ser\ que puedo dormir en tus... ,"Miami, FL"
Sat May 18 15:00:14 +0000 2019,"' Blessings PTrump. Is a lie,from whoever said that. He is in this situation because supposedly ""LIE\ ","Houston, TX"
Sat May 18 15:00:14 +0000 2019,Back in the states \,"Boston, MA"
Sat May 18 15:00:14 +0000 2019,Cobblestone Development 773-661-0606 Available for all of your residential & commercial remodeling needs.  Call tod\ ,"Chicago, IL"
Sat May 18 15:00:14 +0000 2019," Wow!'""","Methuen Town, MA"
Sat May 18 15:00:14 +0000 2019," I have optimism though... maybe it\ not warranted but between the Reds & Bengals, I think somethi\ ","Rapid City, SD"
Sat May 18 15:00:13 +0000 2019,Are you a tactical or strategic thinker?  Our participants are discussing and have great examples. Discussion led b\ ,"Silver Spring, MD"
Sat May 18 15:00:13 +0000 2019,Sonic Temple day 1 was a SUCCESS. Finally saw System of a Down \ onwards to DAY 2! #SonicTemple @ MAPFRE Stadium ,"Columbus, OH"
Sat May 18 15:00:13 +0000 2019,Game three is coming at ya!\\n\\n#goutes\ ,Smith's Ballpark
Sat May 18 15:00:13 +0000 2019,"Blessed to have the ones I have in my life.'""","Stockton, CA"
Sat May 18 15:00:13 +0000 2019,My Baller Nephew ,"Clay, AL"
Sat May 18 15:00:13 +0000 2019,10/11U Boys - Pool A - HTown Finest def.  43-31 #OFFDAHOOK ,"Texas, USA"
Sat May 18 15:00:13 +0000 2019," Yeah, People doing Coke and Hardcore/Moshing doesn\'t mesh well. Just learned that in New York last month.""'","Columbia City, IN"
Sat May 18 15:00:13 +0000 2019," Someone should go back and review every report he ever took for sexual assault.'""","St Joseph, MO"
Sat May 18 15:00:13 +0000 2019,FaceTime slaps  \,"Murray, KY"
Sat May 18 15:00:13 +0000 2019,I \ past people & they Keep saying I Smell\,"Detroit, MI"
Sat May 18 15:00:13 +0000 2019, Lol dedicated \,"Lubbock, TX"
Sat May 18 15:00:13 +0000 2019,Don\ believe everything you read \,"Highland, UT"
Sat May 18 15:00:12 +0000 2019,the best part about living in fl #iykyk @ World\'s Largest Entertainment McDonald\'s & PlayPlace ,"Florida, USA"
Sat May 18 15:00:12 +0000 2019,"Welp, just got a parking ticket for facing opposing traffic despite being in a construction area with the road closed..... happy Saturday'""","North Carolina, USA"
Sat May 18 15:00:12 +0000 2019,"Allied Universal is hiring in #BocaRaton, FL! Click the link in our bio to apply: Armed Security Officer/Paramedic #security'""","Boca Raton, FL"
Sat May 18 15:00:12 +0000 2019,It\ the weekend. Cut loose a little. Michael Praetorius and some dance music from 1612.  via\ ,"New Jersey, USA"
Sat May 18 15:00:12 +0000 2019,I love it when my favorite bloggers cover my favorite Bollywood queen. ,"Houston, TX"
Sat May 18 15:00:12 +0000 2019,"09:46 Temp. 75.7\ Hum. 85%, Dewp. 69.8\ Bar. 29.84 inHg, Rain Today 0 inch, Wind 187\ 1.2 kn'""","Texas, USA"
Sat May 18 15:00:12 +0000 2019,    his mask reminds me of ICP and those were wild days it will\ ,"Kentucky, USA"
Sat May 18 15:00:12 +0000 2019,"who hiring ? Paying $14.50 or more ?'""","Houston, TX"
Sat May 18 15:00:12 +0000 2019,#NewProfilePic red and slimy 90\ green thread and feels - idk i dig it tho \ ,"Robbinsdale, MN"
Sat May 18 15:00:12 +0000 2019,"       Amazing!!'""","Kansas, USA"
Sat May 18 15:00:12 +0000 2019,We head to B4 on Packard Rd scoreless between MMU and  ... #CougarNation\,"Vermont, USA"
Sat May 18 15:00:12 +0000 2019,"10:54 Temp. 78.6\ Hum. 78%, Dewp. 69.4\ Bar. 30.00 inHg, Rain Today 0 inch, Wind 306\ 0.3 m/s  #WUTV #knchamps26 #WECTwx'""","Hampstead, NC"
Sat May 18 15:00:11 +0000 2019,"Special Poker Tournament'""",Fontainebleau Miami Beach Resort & Hotel
Sat May 18 15:00:11 +0000 2019,"Work hard, train hard, pray hard and REST hard \ to breath and let God take over sometimes. He will provide\ ","Manhattan, NY"
Sat May 18 15:00:11 +0000 2019,      That poll is the same as asking\ ,"Hamilton, MT"
Sat May 18 15:00:11 +0000 2019,Pretty clear the Bucks are going to sweep the Warriors. ,"New York, USA"
Sat May 18 15:00:11 +0000 2019,"Halestorm - Familiar Taste Of Poison (Live - Trix Hall - Antwerpen - Bel...  via  woke up sinng this'""","Seymour, TN"
Sat May 18 15:00:11 +0000 2019,"I like Brady, but not sure \ is wearing makeup and hiring a professional photog to snap photos of you whil\ ","Paradise, NV"
Sat May 18 15:00:11 +0000 2019,"Siempre que pido en estas m\ termino comiendo locura, extra\ mis chacalitas diciendo que salsa quieres bello \","Lincolnia, VA"
Sat May 18 15:00:11 +0000 2019,Can\ wait to see  starting at 11AM!! ,"San Antonio, TX"
Sat May 18 15:00:11 +0000 2019," I\'m already subscribed , but I don\'t have an IG account. Food, dancing , drinks - sounds like a party \ ","Bellevue, OH"
Sat May 18 15:00:10 +0000 2019,#PVCCNewWave Got Next \,"Hobbs, NM"
Sat May 18 15:00:10 +0000 2019,"When will I learn not to wear a romper so I don\ gotta sit butt naked in the bathroom?'""","Radnor Township, PA"
Sat May 18 15:00:10 +0000 2019,Ben Bishop graduates \ congratulations  ,"Coeur d'Alene, ID"
Sat May 18 15:00:10 +0000 2019,"Came back from LA with a new appreciation for our gas prices lmfao almost $4.50 a gallon? Naaaaaa'""","Georgia, USA"
Sat May 18 15:00:10 +0000 2019,When you leave the house to go shop before meeting  for lunch & then G falls asleep. Currently sitt\ ,"Knoxville, TN"
Sat May 18 15:00:10 +0000 2019,"Shit falling apart but doing my best picking up the pieces'""","La Puente, CA"
Sat May 18 15:00:10 +0000 2019,"Join the Follett Corporation team! See our latest job opening here:  #internship #Bridgewater, MA'""","Bridgewater, MA"
Sat May 18 15:00:10 +0000 2019,"Touch\  ... here you go!! Junior year in black, senior year in blue. BEE safe tonight!!!\ ","Medina, OH"
Sat May 18 15:00:09 +0000 2019,"Interested in a job in #HuberHeights, OH? This could be a great fit:  #Healthcare'""","Dayton, OH"
Sat May 18 15:00:09 +0000 2019,   Definitely don\ need to government fund PBS. Let them get donations from outside so\ ,"Scottsdale, AZ"
Sat May 18 15:00:09 +0000 2019,"This job is now open at Harbor Freight Tools in #Zanesville, OH. Follow us and turn on mobile alerts to hear about\ ","Zanesville, OH"
Sat May 18 15:00:09 +0000 2019,"'Want to land a job like ""A Operator BE Turn - 1st Shift"" at Johnson Controls? Applicant tracking systems look for s\ ","Turners Falls, MA"
Sat May 18 15:00:09 +0000 2019,"'Want to land a job like ""Customer Service Associate I"" at Lowe\\\'s? Applicant tracking systems look for specific keyw\ ","Warner Robins, GA"
Sat May 18 15:00:09 +0000 2019,"Flood Warning for Henry and Rock Island counties until Thursday, May 23rd'""","Rock Island, IL"
Sat May 18 15:00:09 +0000 2019,"If you\'re looking for work in Charleston, SC, check out this #IT job via the link in our bio: Big Data Engineer, Mi\ ","South Carolina, USA"
Sat May 18 15:00:09 +0000 2019,"Anyone else feel like the month is going by slow and fast at the same time'""","Waterbury, CT"
Sat May 18 15:00:09 +0000 2019,"my voice is so annoying omg'""","Indianapolis, IN"
Sat May 18 15:00:09 +0000 2019,"Just seen the OSCAR MAYER WIENERMOBILE going on I94\\nin Kalamazoo,Michigan'""","Kalamazoo, MI"
Sat May 18 15:00:09 +0000 2019, Thank you bae\,"Chicago, IL"
Sat May 18 15:00:09 +0000 2019,"Falling Skies. #drone #dronephotography #shootingstar #lumecube  @ Boron, California ","California, USA"
Sat May 18 15:00:09 +0000 2019,"If you\'re looking for work in #Wilkesboro, NC, check out this job:  #Automotive""'","Wilkesboro, NC"
Sat May 18 15:00:08 +0000 2019," only the ppl with qr code can get in'""","East Rutherford, NJ"
Sat May 18 15:00:08 +0000 2019,Yosemite waterfalls in full flow... ,"Saratoga, CA"
Sat May 18 15:00:08 +0000 2019,"Flood Warning for Henry, Rock Island and Whiteside counties until Thursday, May 23rd'""","Rock Island, IL"
Sat May 18 15:00:08 +0000 2019,"I\'m at The Diva\'s Condo in San Francisco, CA ","San Francisco, CA"
Sat May 18 15:00:08 +0000 2019,"I\ been stressed thinking about my baby all night I gave myself a headache .'""","Metairie, LA"
Sat May 18 15:00:08 +0000 2019, Yessss huh lol \ ,"Charlotte, NC"
Sat May 18 15:00:08 +0000 2019,"Con lo de los drones chinita se confirma mi sospecha de que lo de \ Por M\ de Ricky es m\ contratos, m\ sa\ ","Seattle, WA"
Sat May 18 15:00:08 +0000 2019,  Shhhhhh.... lol \,"Bellevue, WA"
Sat May 18 15:00:08 +0000 2019,This feel like this only applies to people who not out here bsn because accurate from what I can see ,"Memphis, TN"
Sat May 18 15:00:07 +0000 2019,Some of my favorite undies ,"Gadsden, AL"
Sat May 18 15:00:07 +0000 2019," Lmao 3.6.96 17:40 118w15 34n03'""","Oklahoma City, OK"
Sat May 18 15:00:07 +0000 2019,Sun kissed\ ,"Georgia, USA"
Sat May 18 15:00:07 +0000 2019,"  beck'""","Modesto, CA"
Sat May 18 15:00:07 +0000 2019,"I just finished cycling 22.15 miles in 1h:31m:24s with #Endomondo #endorphins null'""","Davie, FL"
Sat May 18 15:00:07 +0000 2019,Congratulations to the  #Classof2019 on graduating into a global family of alumni that includes McCourt\ ,"Healy Lawn, Georgetown University"
Sat May 18 15:00:07 +0000 2019,"Flash Flood Watch for Bureau, Carroll, Hancock, Henderson, Henry, Jo Daviess, McDonough, Mercer, Putnam, Rock Islan\ ","Rock Island, IL"
Sat May 18 15:00:07 +0000 2019,   It has been available in years past on YouTube because no one bought the rights\ ,"Salem, OR"
Sat May 18 15:00:07 +0000 2019,My parents just made me read a bible verse where it say don\ mark your body cuz I told them I wanted a tattoo\,"Ypsilanti, MI"
Sat May 18 15:00:07 +0000 2019,"Super easy.  Barely an inconvenience.'""","Delran, NJ"
Sat May 18 15:00:07 +0000 2019,That\ a good man in this gif \ ,"San Diego, CA"
Sat May 18 15:00:07 +0000 2019,Lined up for the processional at the morning commencement ceremony:  College of Business and Colleg\ ,Tinley Park Convention Center
Sat May 18 15:00:07 +0000 2019,OMG what has happened to the once lucid Kenzdior? Now she is resorting to the Barrian tactic of taking quotes from\ ,"California, USA"
Sat May 18 15:00:07 +0000 2019," Use adobe'""","San Mateo, CA"
Sat May 18 15:00:07 +0000 2019,"The forecast for today is rain until afternoon, starting again in the evening with temperature rising to 76\ around 2pm'""","Rock Island, IL"
Sat May 18 15:00:07 +0000 2019,I figured out why #GOT8 is so bad.  It\ so we won\ miss it when it\ gone.  #GOTlastepisode #GameofThrones\ ,"Torrance, CA"
Sat May 18 15:00:07 +0000 2019,Here\'s to my friend Dewayne Edward Crayton. We\'ve been good friends since grade school Holy Angels Indianapolis. Fu\ ,"Fishers, IN"
Sat May 18 15:00:07 +0000 2019,1 inning pitched 3 Ks\\n#LandonTheRed #LittleLeague #saturdaysarefortheboys @ Mel-Ott Little League ,"Amherst, NY"
Sat May 18 15:00:06 +0000 2019,Damn!!! Women just can\ get a break no matter what!!\ This abortion issue is just the tip of the iceberg! What oth\ ,"Gladeview, FL"
Sat May 18 15:00:06 +0000 2019,Join the Elements Massage Birthday Club for an exclusive Massage special on your birthday #Horsham...,"Horsham, PA"
Sat May 18 15:00:06 +0000 2019,Bus to the Bronx #RaysUp ,Yankee Stadium
Sat May 18 15:00:06 +0000 2019,"Coffee shop without coffee \ (@ Starbucks in West Chester, OH)  ","West Chester, OH"
Sat May 18 15:00:06 +0000 2019,I haven\ really been to sleep yet \,"Pearland, TX"
Sat May 18 15:00:06 +0000 2019,"Awards ceremony for student scholarships, certified awards, and MAATA Hall of Fame inductees starts at 11:30! Be th\ ","Ocean City, MD"
Sat May 18 15:00:06 +0000 2019,Quality time with the shirtless gang! \ \ \ #shirtsareuselessanyways #yborcity #gayboys #family @ Bradley\'s on 7th ,"Tampa, FL"
Sat May 18 15:00:06 +0000 2019, #ArrestMnuchin \\nHow do we organize a protest flash mob against this administration. I don\'t think the\ ,"Riverview, FL"
Sat May 18 15:00:05 +0000 2019,Swamp Rabbit Trail Long Run w/ my daughter #GatorDistance ,Swamp Rabbit Trail Downtown
Sat May 18 15:00:05 +0000 2019,"A smile that steals, a heart that heals me . \","Edison, NJ"
Sat May 18 15:00:05 +0000 2019,"1.6 magnitude #earthquake. 11 km from West Bishop, #CA, #UnitedStates ","California, USA"
Sat May 18 15:00:05 +0000 2019,"    I would say you get a bye before your toughest games but you don\ have any'""","Chicago, IL"
Sat May 18 15:00:05 +0000 2019,"earth\ population is really wildin tf out'""","La Marque, TX"
Sat May 18 15:00:05 +0000 2019,#Preakness #AlwaysSmiling #Improbable #TwistOfFate ,"Baltimore, MD"
Sat May 18 15:00:05 +0000 2019," Daario'""","Hartsville, SC"
Sat May 18 15:00:05 +0000 2019," I still have a regular 6 lol'""","New York, USA"
Sat May 18 15:00:05 +0000 2019," Pu'""","Frostburg, MD"
Sat May 18 15:00:05 +0000 2019," Who tf do you think you are nowadays lol'""","Cleveland Heights, OH"
Sat May 18 15:00:05 +0000 2019,Wilkins Report Stars - Pool D - MAC Basketball (2023) def. Game On Elite 47-18 -   #MIMAYMADNESS ,"Livonia, MI"
Sat May 18 15:00:04 +0000 2019,"Wow, I can\ even put into words how I feel about this! \ ","Pennsylvania, USA"
Sat May 18 15:00:04 +0000 2019,Title on the line this afternoon! Definition of #eleVate! ,"McAllen, TX"
Sat May 18 15:00:04 +0000 2019,"The Sneaker Consultant is in the building...\\nCome see me, I\ giving out steals today!\\n.\\nSo many kicks you\ think\ ","Piscataway, NJ"
Sat May 18 15:00:04 +0000 2019,"3.1 magnitude #earthquake. 11 km from West Bishop, CA, #UnitedStates ","California, USA"
Sat May 18 15:00:04 +0000 2019,    With just the medical board? Not sure it\'d do any good with ou\ ,"Carterville, IL"
Sat May 18 15:00:04 +0000 2019," Congrats dawg keep elevating, put on at Louisville! \","Pennsylvania, USA"
Sat May 18 15:00:04 +0000 2019,So proud and the school hasn\'t even opened. ,"Friendswood, TX"
Sat May 18 15:00:04 +0000 2019," This was just focused on the foreign players of SPL. Ratings via sofascore.'""","Lodi, NJ"
Sat May 18 15:00:04 +0000 2019,I\ craving chipotle \,"Daytona Beach, FL"
Sat May 18 15:00:04 +0000 2019,"MY LOGIC IS IF I SEND 100 SHOTS HE CANT DUCK EM ALL A CLIP OF HOT PEPPERS...... maaan nvm'""","Peppermill Village, MD"
Sat May 18 15:00:04 +0000 2019,Why go to Baltimore for the Preakness when we are running our own race right here in Georgetown!  All items are 20%\ ,"Washington, DC"
Sat May 18 15:00:03 +0000 2019," Thank you. We have been by the track meet site several times the past few days.'""","Omaha, NE"
Sat May 18 15:00:03 +0000 2019,"App idea: you sing a melody into your phone and it tells you what song has been stuck in your head.'""","Brooklyn, NY"
Sat May 18 15:00:03 +0000 2019,If you don\ know this by heart I can\ fwu \ ,"San Antonio, TX"
Sat May 18 15:00:03 +0000 2019,"How you spending your Saturday? I am DJ at a #Disney Princess Tea Party. And yes My wife IS my favorite Disney Princess!'""","Leitchfield, KY"
Sat May 18 15:00:03 +0000 2019,"#USGS08065350 - Trinity Rv nr Crockett, TX\\nHeight: 42.62ft \ (41ft)\\nFlow: 44200cfs\\n","Texas, USA"
Sat May 18 15:00:03 +0000 2019, The truth will set you free... ,"Westerville, OH"
Sat May 18 15:00:03 +0000 2019,"Adventure Brewing Company 5th Anniversary Festival, May 18 2019 @ Adventure Brewing Company, ","Virginia, USA"
Sat May 18 15:00:03 +0000 2019,"#USGS08041700 - Pine Island Bayou nr Sour Lake, TX\\nHeight: 26.45ft \ (25ft)\\nFlow: 2190cfs\\n","Texas, USA"
Sat May 18 15:00:02 +0000 2019, WTAF ,"San Antonio, TX"
Sat May 18 15:00:02 +0000 2019,ITS SATURDAY RINSE AND REPEAT ,"San Antonio, TX"
Sat May 18 15:00:02 +0000 2019,"#USGS08022500 - Sabine Rv at Logansport, LA\\nHeight: 29.22ft \ (28ft)\\nFlow: 22700cfs\\n","Louisiana, USA"
Sat May 18 15:00:02 +0000 2019,"5f70a73400p741B7'""","Dublin, OH"
Sat May 18 15:00:02 +0000 2019,#ILoveMyCareer #SoFloEventSound #PierceFactory @ Wynwood ,"Miami, FL"
Sat May 18 15:00:02 +0000 2019,#lovemeanyway is my favorite!  Love it! ,"Hendersonville, TN"
Sat May 18 15:00:02 +0000 2019,"You must remember that this isn\'t normal. #trump""'","Washington, DC"
Sat May 18 15:00:02 +0000 2019,Coom is an American treasure. ,"Poulsbo, WA"
Sat May 18 15:00:01 +0000 2019,"  I bleed black and gold, but seriously people, who cares?  Knight Twitter spends more ti\ ","Port Orange, FL"
Sat May 18 15:00:01 +0000 2019,Holy shit Brooke \ I HAVE GOOSEBUMPS!!! ,"Virginia, USA"
Sat May 18 15:00:01 +0000 2019,Pollo \\nvamos?\\nPio\\n\\nesta huevona a todo dice si\\nvamos donde tambien \\naunque sea a la mierda\\npero vamos\\n\\nNo te hagas\ ,"Hudson, FL"
Sat May 18 15:00:01 +0000 2019,This is my legacy. ,"Davis, CA"
Sat May 18 15:00:01 +0000 2019, Definitivo \,"Cabo Rojo, USA"
Sat May 18 15:00:01 +0000 2019," Happy birthday Fam!!!'""","Milford Mill, MD"
Sat May 18 15:00:01 +0000 2019," when it\ sushi time not right now'""","Weslaco, TX"
Sat May 18 15:00:00 +0000 2019,ALL I DROP IS G SHIT \ ,Las Vegas Motor Speedway
Sat May 18 15:00:00 +0000 2019,"And then... even if you get better, you\ in a mountain of debt, no longer have any health insurance, and finding\ ","Chicago, IL"
Sat May 18 15:00:00 +0000 2019,I wanna drink mimosas w my uncles \,"Port Jefferson Station, NY"
Sat May 18 15:00:00 +0000 2019,Lmao I just yelped ,"San Jose, CA"
Sat May 18 15:00:00 +0000 2019,".\\nI can be your Superman, your Superman, I said I can your Superman.\\n.\\nMaaaan wish I had the sample pair of these.\ ","Oklahoma City, OK"
Sat May 18 15:00:00 +0000 2019," Wooooow so you just a snitch'""","Georgia, USA"
Sat May 18 15:00:00 +0000 2019, So this reminds me of the Thermidorian Reaction in the French Revolution... I imagine St Just and R\ ,"Texas, USA"
Sat May 18 15:00:00 +0000 2019,First new one of the new wave of Pok\ #PokemonGo ,"Texas, USA"
Sat May 18 15:00:00 +0000 2019, I felt this\,"Dallas, TX"
Sat May 18 14:59:59 +0000 2019," You don\ know nothing about theses'""","Burleson, TX"
Sat May 18 14:59:59 +0000 2019,"'Pep Boys is looking for teammates like you. See our latest #Ocupaci\ especializada job openings, including ""Genera\ ","Arenales Bajos, Puerto Rico"
Sat May 18 14:59:59 +0000 2019,Y\ Please take note. And be aware later today. ,"Little Rock, AR"
Sat May 18 14:59:59 +0000 2019,"If you\'re looking for work in #DesMoines, IA, check out this #Database job via the link in our bio: SR. NLP DATA SC\ ","Des Moines, IA"
Sat May 18 14:59:59 +0000 2019,"This job is now open at Panda Express in #MtProspect, IL. Follow us and turn on mobile alerts to hear about jobs li\ ","Mount Prospect, IL"
Sat May 18 14:59:59 +0000 2019,This #Labor job might be a great fit for you. Click the link in our bio to see it and more. Residential Helper at A\ ,"Pennsylvania, USA"
Sat May 18 14:59:59 +0000 2019,"'Stop staring at the clock every day. It\\\'s time for a new career. Follow us to view jobs with titles like ""Human Res\ ","Nebraska, USA"
Sat May 18 14:59:59 +0000 2019,"'Career tip for landing jobs like ""barista - Store# 06544, PENNSYLVANIA & HIGHLAND"" in #OklahomaCity, OK. Go on info\ ","Oklahoma City, OK"
Sat May 18 14:59:59 +0000 2019,"She never made love but she good at it.'""","San Antonio, TX"
Sat May 18 14:59:59 +0000 2019,"This job is now open at Dollar General Corporation in #Alachua, FL. Follow us and turn on mobile alerts to hear abo\ ","Alachua, FL"
Sat May 18 14:59:59 +0000 2019,"I want it to be Monday already.'""","Bethany, OK"
Sat May 18 14:59:59 +0000 2019,"'Click the link in our bio to see currently open #IT jobs like ""K-12 School Psychologist"" at Quaker Valley School Di\ ","Pittsburgh, PA"
Sat May 18 14:59:59 +0000 2019,"Goodbye old and busted, hello new hotness.  Finally got a table I can play #boardgames and #dnd on with a large par\ ","North Charleston, SC"
Sat May 18 14:59:59 +0000 2019,"If you\'re looking for work in #Indianapolis, IN, check out this #FacilitiesMgmt job via the link in our bio: ENVIRO\ ","Indianapolis, IN"
Sat May 18 14:59:59 +0000 2019,Leave it to  to get credible inside scoops. \\n\\n,"Boston, MA"
Sat May 18 14:59:59 +0000 2019,"This job is now open at Saint Luke\'s Health System in #KCMO, MO. Follow us and turn on mobile alerts to hear about\ ","Kansas City, MO"
Sat May 18 14:59:59 +0000 2019,"cait reilly = fake'""","Philadelphia, PA"
Sat May 18 14:59:58 +0000 2019,"What the hell? Is the South trying to \ Rise Again\ Is that what \ means. Damn People wake up!'""","West Virginia, USA"
Sat May 18 14:59:58 +0000 2019,third times the charm\ #999  ,The Anthem
Sat May 18 14:59:58 +0000 2019,Sometimes I wish the MIB would hit me with that flashy thing & then there are other times when I wish Lucifer would\ ,"Kannapolis, NC"
Sat May 18 14:59:58 +0000 2019,"    Cuando quieras, Omar. Encantado de la vida.'""","Los Angeles, CA"
Sat May 18 14:59:58 +0000 2019,"private 6 0s'""","San Bernardino, CA"
Sat May 18 14:59:58 +0000 2019, ahhh shit I\ not going to that \,"Bronx, NY"
Sat May 18 14:59:58 +0000 2019,"#panchopower @ Bradford, Pennsylvania ","Bradford, PA"
Sat May 18 14:59:58 +0000 2019,And it led to the fall of America\ Democracy.  \ \\nLet\ change the course. It\ not looking good ,"Los Angeles, CA"
Sat May 18 14:59:58 +0000 2019,I\'m still waiting for you  to send me the kit I purchased on indiegogo almost 5 years ago!!! ,"Redwood City, CA"
Sat May 18 14:59:58 +0000 2019,And I even see this in the men I attract and how we interact. black men will literally put me on a pedestal. On som\ ,"Bronx, NY"
Sat May 18 14:59:57 +0000 2019,Head to the landfill today (Saturday) for the Household Hazardous Waste event! Minimum wait times. In and out 10 mi\ ,"Pahrump, NV"
Sat May 18 14:59:57 +0000 2019,"Can you recommend anyone for this #HealthWelfare job in #GoldenValley, MN? Click the link in our bio to see it and\ ","Golden Valley, MN"
Sat May 18 14:59:57 +0000 2019,True. Especially in the home. ,"Los Angeles, CA"
Sat May 18 14:59:57 +0000 2019,"  This is exactly what i was thinkng'""","Fairfax, VA"
Sat May 18 14:59:57 +0000 2019,Congratulations!!! ,"Atascocita, TX"
Sat May 18 14:59:57 +0000 2019,This song so hard ,Gold's Gym
Sat May 18 14:59:57 +0000 2019,Our backyard jungle kitty on the prowl. #catsofinstagram #catsagram #backyardjungle @ Fianna Hills ,"Fort Smith, AR"
Sat May 18 14:59:57 +0000 2019,"Auction photos this morning for Andy the Auctioneer. @ Alvaton, Kentucky ","Kentucky, USA"
Sat May 18 14:59:57 +0000 2019,Trump Administration Is Transporting More Migrants From Border To Other U.S. Cities  via ,"Kansas City, MO"
Sat May 18 14:59:57 +0000 2019,Using Barr\ extreme outlier view of Constitutional Powers Will Not save him.    LOCK HIM UP. Save o\ ,"Plano, TX"
Sat May 18 14:59:56 +0000 2019, Woo hoo!!!\,"Kentucky, USA"
Sat May 18 14:59:56 +0000 2019,11u - Pool A - ND Connection def. Bearstail Basketball 56-22 ,"Minnesota, USA"
Sat May 18 14:59:56 +0000 2019,This is actually sad. ,"Indiana, USA"
Sat May 18 14:59:56 +0000 2019, what a real hero looks like. Nothing to say? Wonder why...\\n,"Toledo, OH"
Sat May 18 14:59:56 +0000 2019,"We\ living in an age of a Keanu Reaves Renaissance and I\ not sure people know how important that is'""","Pennsylvania, USA"
Sat May 18 14:59:56 +0000 2019, only if the perpetrators are convicted of treason and the rats leave the government. ,"Florida, USA"
Sat May 18 14:59:55 +0000 2019,"Will be headed out today to watch  make 2,400 free throws this weekend. ","Mount Pleasant, SC"
Sat May 18 14:59:55 +0000 2019,"This world is so cold that I can\ ever break my code.'""","Essex, MD"
Sat May 18 14:59:55 +0000 2019,11u - Pool A - ND Attack East def. ND Attack West 48-29 ,"Minnesota, USA"
Sat May 18 14:59:55 +0000 2019,   Love it- and y\ \,"Georgia, USA"
Sat May 18 14:59:55 +0000 2019,Huge thank you to  and Chris Hale in particular for helping us yesterday.  AC was not working and we\ ,"Mason, OH"
Sat May 18 14:59:55 +0000 2019,"Great season Dortmund!! Fought until the very end!! \ #BVB'""","Arkansas, USA"
Sat May 18 14:59:55 +0000 2019,Alex Nieto from the Mission was assumed to be a threat and a gang member for eating a burrito and having a taser on\ ,"Oakland, CA"
Sat May 18 14:59:54 +0000 2019,"Official flight day video for HonorAir Knoxville #Flight28 | On April 10, 2019 130 WWII, Korean War, and Vietnam Wa\ ","Knoxville, TN"
Sat May 18 14:59:54 +0000 2019,Wilkins Report Diamond - Pool E - West Michigan Drive (2022 Wood ) def. Hype Lady Hoopers 15U Coltrane 42-30 -\ ,"Livonia, MI"
Sat May 18 14:59:54 +0000 2019,Kitchen remodel compete and 4\ of Snow on 5/16/19.   Check it out! ,Granlibakken Resort Tahoe City
Sat May 18 14:59:54 +0000 2019,Lol y someone egg my car I don\ even talk to anyone now days \,"Livonia, MI"
Sat May 18 14:59:54 +0000 2019,What\ on your summer reading list? ,"Houston, TX"
Sat May 18 14:59:54 +0000 2019,9th Grade Boys - Pool B - Florida Vultures def. GA Titans - Hampton 59-43 #whogotnext ,"Georgia, USA"
Sat May 18 14:59:54 +0000 2019,Tool was everything and more \,"Des Moines, IA"
Sat May 18 14:59:54 +0000 2019,"s/o canal st. b'""","Miramar, FL"
Sat May 18 14:59:54 +0000 2019,"#saturdaymorning #tomateunmate yerbacanarias @ Granger, Indiana ","Granger, IN"
Sat May 18 14:59:54 +0000 2019,omgggg one year ago today \ ,"Baltimore, MD"
Sat May 18 14:59:54 +0000 2019,"  Go ahead and vote for trump Putin stooge tulsi.   Be my guest.'""","Washington, USA"
Sat May 18 14:59:53 +0000 2019,     You are not the only one who feels this way n ur ri\ ,"Cardiff, NJ"
Sat May 18 14:59:53 +0000 2019,Hey guys! Just drew the Winners for the  Contest!\\nCongrats to  and MRS_Mcdoom ! \\nconfirming wi\ ,"New Mexico, USA"
Sat May 18 14:59:53 +0000 2019,I find it funny I text  and didn\ get a reply but she tweeting. \,"Goshen, IN"
Sat May 18 14:59:53 +0000 2019,"#morning coffee #view @ Sturgis, Mississippi ","Mississippi, USA"
Sat May 18 14:59:53 +0000 2019,But wait...there\ more!  #twiningstea #tea #ilovetea   #scones #jam #clottedcream #yum ,The Rose & Crown Pub & Dining Room
Sat May 18 14:59:53 +0000 2019,"   Nope. The left didn\'t separate children from their parents at border, ban transgend\ ","Coronado, CA"
Sat May 18 14:59:53 +0000 2019,  guess what!!! thisvis not the 1970s.  This is 2019 and #FascismHasCometoAmerica.  We must\ ,"Florida, USA"
Sat May 18 14:59:53 +0000 2019,"Waiting for the vet now, I gotta tell ya I\ always adored and supported phillypaws but now having adopted, foster\ ","Philadelphia, PA"
Sat May 18 14:59:53 +0000 2019,4TH/5TH GRADE BOYS - Pool A - Carolina Cavs def. Orangeburg Xpress- 4th 54-0 #a1hoopsreport ,"North Augusta, SC"
Sat May 18 14:59:53 +0000 2019,"At 10:00 AM EDT, 2 W Zeeland [Ottawa Co, MI] TRAINED SPOTTER reports HEAVY RAIN of 0.90 INCH ","Zeeland, MI"
Sat May 18 14:59:53 +0000 2019,Happy birthday  Have a great one \,"New Baltimore, VA"
Sat May 18 14:59:52 +0000 2019,"Saturday morning slide through Daytona Beach \ \\nMay 18, 2019 ","Daytona Beach, FL"
Sat May 18 14:59:52 +0000 2019,"Recently binged Season 3 of   and I gotta say, its the best season yet.  ","Cypress, CA"
Sat May 18 14:59:52 +0000 2019,Wttf ,"Queens, NY"
Sat May 18 14:59:52 +0000 2019,"Perfect morning for a 28 mile bike ride..clearing my mind and strengthening my body \ @ Long Branch, New Jersey ","Long Branch, NJ"
Sat May 18 14:59:52 +0000 2019,It\  #Elevate Summit Day! 55 #Tennessee counties represented. A group of Democrats here that reflect the fabr\ ,"Murfreesboro, TN"
Sat May 18 14:59:52 +0000 2019,I knew that was  I walked past in O\ Should have given him a shout!  Will do it now.  Keep doing\ ,"Wahoo, NE"
Sat May 18 14:59:51 +0000 2019,Representative Sharice Davids speaking at WyCo Dems Third Saturday Breakfast providing an update from DC! #ksleg\ ,"Kansas, USA"
Sat May 18 14:59:51 +0000 2019," Tapper is always negative'""","West Lake Sammamish, WA"
Sat May 18 14:59:51 +0000 2019,This #Manufacturing job might be a great fit for you. Click the link in our bio to see it and more. Maintenance Tec\ ,"Charlotte, NC"
Sat May 18 14:59:51 +0000 2019,All the niggas talking bad about pinky would still fuck......and they know it \,"Milwaukee, WI"
Sat May 18 14:59:51 +0000 2019,I hate when i have to tail gate my mom this hoe be driving too fast knowing I drive a Hyundai \,"West Palm Beach, FL"
Sat May 18 14:59:51 +0000 2019,Resistance bands hotel workouts. To be ready you need to stay ready. #firefighters #firefighterfit #chief_miller\ ,"Brooklyn, NY"
Sat May 18 14:59:51 +0000 2019,"There\ going to be a bluegrass band playing Grateful Dead songs at the festival today and i think that\ what I\ most excited for lol'""","Lakewood, CO"
Sat May 18 14:59:51 +0000 2019,"'Click the link in our bio to see currently open #HealthWelfare jobs like ""Caregiver (DSP)-Chesilhurst"" at Mentor in #Waterford, NJ.\''","Chesilhurst, NJ"
Sat May 18 14:59:51 +0000 2019,Having a great time with the  at their State Convention! There is SO much enthusiasm for  \ ,Oshkosh Convention Center
Sat May 18 14:59:50 +0000 2019, Not an ounce of hate in this heart \,"North Valley Stream, NY"
Sat May 18 14:59:50 +0000 2019,"a long drive and a vent sesh..'""","Norman, OK"
Sat May 18 14:59:50 +0000 2019," Haha'""","Minneapolis, MN"
Sat May 18 14:59:50 +0000 2019,"People call me lucky, people say my life is unrealistic (fantasy). It\'s just what I DECIDED I DESERVE!\\n\\nYOU must DE\ ",Jackie Robinson Rotunda at Citi Field
Sat May 18 14:59:50 +0000 2019," Yo puedo ayudarte'""","Milwaukee, WI"
Sat May 18 14:59:50 +0000 2019,"'Have you ever had a role like ""Field HR Business Partner A""? What did you like most about that job? #HR #SaintPaul, MN\''","Minnesota, USA"
Sat May 18 14:59:50 +0000 2019,"Billie Eilish whispers the phone book'""","Crystal Lake, IL"
Sat May 18 14:59:50 +0000 2019,Today\ to do list:\\n\\n\ Grab BEST Alpha of series #7 (only 3 days old) \ Grab LOWER PRICED Biolyte case for hy\ ,"Georgia, USA"
Sat May 18 14:59:50 +0000 2019,"Join the CHI team! See our latest job opening here:  #Healthcare #Papillion, NE'""","Papillion, NE"
Sat May 18 14:59:50 +0000 2019,"This job is now open at CVS Health in #Lewiston, NY. Follow us and turn on mobile alerts to hear about jobs like th\ ","Lewiston, NY"
Sat May 18 14:59:50 +0000 2019,"Interested in a job in Charleston, SC? This could be a great fit. Click the link in our bio to apply: Network Engin\ ","South Carolina, USA"
Sat May 18 14:59:50 +0000 2019,This #Cosmetology job might be a great fit for you. Click the link in our bio to see it and more. Beauty Advisor at\ ,"Fort Wayne, IN"
Sat May 18 14:59:50 +0000 2019,"niggas posting all this money still wanting deals moe omfg'""","Washington, DC"
Sat May 18 14:59:50 +0000 2019,OUT NOW\  OFFICIAL MUSIC VIDEO for her newest single \ That\ (link in description)\\n\  \\n\ ,"St Louis, MO"
Sat May 18 14:59:50 +0000 2019,"Cross Country Healthcare is hiring in San Francisco, CA! Read about our latest Branch Ops Recruiter job opening via\ ","San Francisco, CA"
Sat May 18 14:59:50 +0000 2019," The Onion Knight'""","Hartsville, SC"
Sat May 18 14:59:50 +0000 2019,"If you\'re looking for work in #Richardson, TX, check out this job: ","Richardson, TX"
Sat May 18 14:59:50 +0000 2019,Cruising a easy 8 @ Planet Fitness ,"Gonzales, LA"
Sat May 18 14:59:49 +0000 2019,This says it all. Pro Birth not Pro Life. Women know it all to well #AbortionIsHealthcare #SaturdayMorning ,"Terrell, TX"
Sat May 18 14:59:49 +0000 2019,Gym chronicles part 509 \\nAnd happy Haitian flag day to all my Zoe #HaitianFlagDay ,"South Apopka, FL"
Sat May 18 14:59:49 +0000 2019,IGNORE!? my uncle has been paying child support for 13years and he himself said I can\ call my self a parent I onl\ ,"Queens, NY"
Sat May 18 14:59:49 +0000 2019," Omg un milagro'""","Hoconuco Bajo, USA"
Sat May 18 14:59:49 +0000 2019,"CVS Health is hiring in #Spencer, IN! Click the link in our bio to apply: Pharmacy Technician #Healthcare'""","Indiana, USA"
Sat May 18 14:59:49 +0000 2019,"Idk why everyone thinks the most magical place in Orlando is Disney world when it\ clearly the winter garden farmers market'""","Winter Garden, FL"
Sat May 18 14:59:49 +0000 2019,Observation: Taiwan news played prominently on A1 of WaPo and LAT but nothing on NYT A1. ,"Los Angeles, CA"
Sat May 18 14:59:49 +0000 2019,  I honestly feel like most women don\ make the correlation between the cycle & if/wh\ ,"Philadelphia, PA"
Sat May 18 14:59:49 +0000 2019,"Hello hello'""","Somerset, PA"
Sat May 18 14:59:49 +0000 2019,Video games offer an escape from reality as well as a form of wish fulfillment.\\nThat\'s why I\'ll always make sure my\ ,"Mount Pleasant, TX"
Sat May 18 14:59:49 +0000 2019,"Want to work at BAE Systems? We\'re hiring in #Hudson, NH! Click the link in our bio for details on this job and mor\ ","Hudson, NH"
Sat May 18 14:59:49 +0000 2019,"people be having problems within theirselves and take it out on others'""","North Carolina, USA"
Sat May 18 14:59:48 +0000 2019," Fear is no reason NOT to defend our democracy. Plenty of Americans have died doing it.'""","Oregon, USA"
Sat May 18 14:59:48 +0000 2019,Smoking meats on this fine Saturday. Then boogieing down with System of a Down tonight. \,"Chicago, IL"
Sat May 18 14:59:48 +0000 2019,Olivia Pope* ,"Lithia Springs, GA"
Sat May 18 14:59:48 +0000 2019,I want some mozzarella sticks \,"Jackson, MS"
Sat May 18 14:59:48 +0000 2019,"'Nervous to apply for a job like ""Building Monitor-(Mon.8am-10am, Wed.5pm-8pm, Fri. 5pm-8pm, Sat. 11am-3pm)"" at YMCA\ ","North Kansas City, MO"
Sat May 18 14:59:48 +0000 2019,"just woke up to a big fight and now I wanna sleep again.'""","Pembroke, MA"
Sat May 18 14:59:48 +0000 2019, ATCs. Hope to see you during the meeting this weekend. Come by and see what Medco has to offer!\ ,the pool at princess royale
Sat May 18 14:59:48 +0000 2019,"Thank god for franchises. Even when I\ traveling, I know I can get my booty kicked. Now if only we could get onepe\ ","Washington, DC"
Sat May 18 14:59:48 +0000 2019,We are.  Integration of renewable and renewables aren\ mutually exclusive. ,"Fort Collins, CO"
Sat May 18 14:59:48 +0000 2019,"We\'re hiring! Read about our latest job opening here: Security Officer -  #security #Springfield, MO""'","Missouri, USA"
Sat May 18 14:59:48 +0000 2019,"Just saw  in Back Bay. One of my favorite actors!'""","Boston, MA"
Sat May 18 14:59:48 +0000 2019,"Some music isn\ for me. But I\ not about to talk about it and make you feel bad for listening'""","Winter Park, FL"
Sat May 18 14:59:47 +0000 2019,  Me too\,"Hauppauge, NY"
Sat May 18 14:59:47 +0000 2019,Great morning as the rain is holding off. utah_valley_stroke_association putting on a great event for stroke surviv\ ,"Provo, UT"
Sat May 18 14:59:47 +0000 2019,"if anyone cares (*wink wink*) and want to \ me with Sushi, idk that would be love'""","New Orleans, LA"
Sat May 18 14:59:47 +0000 2019,Meeting a strangers gaze #keeneland #photographingstrangers #potrait #horseraces #canont60 #35mmfilm #35mmfilmphoto\ ,"Kentucky, USA"
Sat May 18 14:59:47 +0000 2019,Done. ,"York, ME"
Sat May 18 14:59:47 +0000 2019," I have become invested and I\ worried for this bin.'""","Chicago, IL"
Sat May 18 14:59:46 +0000 2019,  Certainly appears that way up until Barr . New sheriff in town . Wants to clean up the DOJ\ ,"Boca Raton, FL"
Sat May 18 14:59:46 +0000 2019,"'Got some of that ""Neau Neau"" coming in soon! Follow  now for what\\\'s in store \ ","Richmond, VA"
Sat May 18 14:59:46 +0000 2019,"   No doubt in my mind.'""","California, USA"
Sat May 18 14:59:46 +0000 2019,Ben wins. PR. 1500m time of 4:32 ,Discovery High School
Sat May 18 14:59:46 +0000 2019, my mom had her period 3 months before she found out she was pregnant \,"Los Angeles, CA"
Sat May 18 14:59:46 +0000 2019,Bro\ ,"Alabama, USA"
Sat May 18 14:59:46 +0000 2019,"'Have you ever had a role like ""Pharmacy Technician""? What did you like most about that job? #Healthcare #Hebron, CT\''","Connecticut, USA"
Sat May 18 14:59:45 +0000 2019,You can stop switching your fucking faces and trying to play the fucking victim. And I can promise you that I will\ ,"Los Angeles, CA"
Sat May 18 14:59:45 +0000 2019,Stud. ,"Commerce, MI"
Sat May 18 14:59:45 +0000 2019," Thx, Janis. Last night was surreal. I\ exhausted but basking in the Light of \","Chicago, IL"
Sat May 18 14:59:45 +0000 2019," I live a complicated life'""","Fair Lawn, NJ"
Sat May 18 14:59:45 +0000 2019,"From Austin to Boston, From Maine to Spain, Hustle is the Name of the Game'""","Kansas, USA"
Sat May 18 14:59:45 +0000 2019," \\nMr. President, please intervene, in your role as Commander In Chief, and order the Army CID and J\ ","Greenville, SC"
Sat May 18 14:59:45 +0000 2019," Highly slept on'""","Louisiana, USA"
Sat May 18 14:59:45 +0000 2019," Barely'""","Mississippi, USA"
Sat May 18 14:59:45 +0000 2019,I cannot fathom the fact that women\ rights are being stripped away like this. This disgusts me. No other person s\ ,"Indianapolis, IN"
Sat May 18 14:59:45 +0000 2019,The benefit of a wedding on the beach! #Livingthedream #LongIsland #AtlanticBeach ,"Ronkonkoma, NY"
Sat May 18 14:59:45 +0000 2019,"Cheap Trick-I Want You To Want Me Lyrics  Lucky me, I live in Robin Zanders old neighborhood\ ","Machesney Park, IL"
Sat May 18 14:59:44 +0000 2019,"Vehicle on fire in #Queens on The L.I.E. EB between x30 and Douglaston Pkwy, stopped traffic back to X26 #traffic ","Queens, NY"
Sat May 18 14:59:44 +0000 2019,"Todays 3x3. Hope I get to see it bloom @ Gold Bar, Washington ","Gold Bar, WA"
Sat May 18 14:59:44 +0000 2019,"Today\  Regional Championship has been postponed to Monday 5/20 at 4:30PM.'""","Davenport, IA"
Sat May 18 14:59:43 +0000 2019,Accident in #Tulsa on OK-11 EB before I-244 #traffic ,"Tulsa, OK"
Sat May 18 14:59:43 +0000 2019, are right! Trust your instincts..we don\'t need another unnecessary war in Iran..please don\'t\ ,"Cookeville, TN"
Sat May 18 14:59:43 +0000 2019,Such a great edit from  when Hunter first learned to Hulk up  ,"Pennsylvania, USA"
Sat May 18 14:59:43 +0000 2019, happy for you and your growth and another trip around the sun \,"Lincoln, NE"
Sat May 18 14:59:43 +0000 2019,"  Period'""","Brooklyn, NY"
Sat May 18 14:59:43 +0000 2019," A nigga never get sleep lol they be up early making all that damn noise'""","Georgia, USA"
Sat May 18 14:59:43 +0000 2019," Nobody controls my air except me'""","Carmel, IN"
Sat May 18 14:59:43 +0000 2019,Boss ... ,"Austin, TX"
Sat May 18 14:59:43 +0000 2019,This looks fantastic. #BlackMirror ,"Verona, NJ"
Sat May 18 14:59:43 +0000 2019," Because you hate yourself'""","Corona, CA"
Sat May 18 14:59:43 +0000 2019,this is fucking disgusting ,"Citrus Park, FL"
Sat May 18 14:59:43 +0000 2019,"Cleared: Delays - W. HARTFORD #I84 East at Exit 44 (CAYA AVE) at 5/18/2019 10:59:03 AM'""","West Hartford, CT"
Sat May 18 14:59:43 +0000 2019," Please tell me she said no.'""","Ellicott City, MD"
Sat May 18 14:59:42 +0000 2019," LMAOO just cus a bitch get a nose ring don\ mean she fine'""","Stockton, CA"
Sat May 18 14:59:42 +0000 2019,crack? crack. ,"Missouri City, TX"
Sat May 18 14:59:42 +0000 2019,Y\ can keep what everyone else got. \\n\\nI want something natural you know something original. \,"Philadelphia, PA"
Sat May 18 14:59:42 +0000 2019," Getting out of bed...any number of things'""","Hammond, LA"
Sat May 18 14:59:42 +0000 2019,"Voting in the Texas A&M athletics Hall of Fame selection this morning,  unfortunately there are no write in\ so I\ ","College Station, TX"
Sat May 18 14:59:41 +0000 2019,#AAM2019 Check out the tuba. ,Louis Armstrong New Orleans International Airport (MSY)
Sat May 18 14:59:41 +0000 2019,Volunteering today at the 2019 Community Safety & Wellness Fair! Stop by and see me at Westlake Rec Center to learn\ ,Westlake Recreation Center
Sat May 18 14:59:41 +0000 2019,"Man dancing is keeping my body in check. Thank god.'""","Vinings, GA"
Sat May 18 14:59:41 +0000 2019,This is clearly a threat. Report please.      \\n\\nBeca\ ,"Burlington, IA"
Sat May 18 14:59:41 +0000 2019," omg no that\ what I meant \ o whale I\ keeping the tweet up'""","New Orleans, LA"
Sat May 18 14:59:41 +0000 2019," The coffee mug is my favorite'""","Los Angeles, CA"
Sat May 18 14:59:41 +0000 2019,Oh why? Oh why I wait too long? Oh his dick is way too long. I think I could take it all . Oh why \,"Paradise, NV"
Sat May 18 14:59:41 +0000 2019,Beautiful day for lacrosse. #UVA and #Terps rekindle rivalry in NCAA tournament quarterfinals at noon. (@ James M.\ ,"Uniondale, NY"
Sat May 18 14:59:41 +0000 2019, So hard. Whew. \,"Bexley, OH"
Sat May 18 14:59:40 +0000 2019,"I\'m at Aldea Coffee at The Armory in Grand Haven, MI ","Grand Haven, MI"
Sat May 18 14:59:40 +0000 2019,"I got a big ass Haitian and Puerto Rican flag somewhere.'""","Durham, NC"
Sat May 18 14:59:40 +0000 2019," Anything for you lil Indiana'""","Georgia, USA"
Sat May 18 14:59:40 +0000 2019,My mama would blow my buzz so fast! \ ,"Tupelo, MS"
Sat May 18 14:59:40 +0000 2019,Was this one of your guilty pleasures?  And the fav character? ,"Santa Clara, CA"
Sat May 18 14:59:40 +0000 2019,Gotta support the wife with regionals on the line!  ,"Tremont, IL"
Sat May 18 14:59:39 +0000 2019,my dude had me in the bathroom with him while he was in the shower last night & he was drunk af yelling in the show\ ,"Toledo, OH"
Sat May 18 14:59:39 +0000 2019,Happy Saturday! Keep moving forward and rising up!! #EqualityForAll #SaturdayMotivation ,"Plano, TX"
Sat May 18 14:59:39 +0000 2019,     I bet any amount of $$ there have been years Spo\ ,"Tempe, AZ"
Sat May 18 14:59:38 +0000 2019,"Beto O\ father in law tried to finish off Segundo Barrio, but people\ homes for peanuts. The Segundo Barrio\ ","El Paso, TX"
Sat May 18 14:59:38 +0000 2019,"The great  has a thread about how abortion changed his life irrevocably, and I\ wager that many mor\ ","California, USA"
Sat May 18 14:59:38 +0000 2019, Could you stop by and do my mailbox on your way home? \,"Gallatin, TN"
Sat May 18 14:59:38 +0000 2019,Ugliest wallpaper I ever seen ,"Richmond, TX"
Sat May 18 14:59:38 +0000 2019,Ya\ should of just clicked confirm purchase instead of worrying about dates \,"Staten Island, NY"
Sat May 18 14:59:38 +0000 2019," I bet Theo\ grades have went down from \\n2015->2016->2017->2018'""","Kentucky, USA"
Sat May 18 14:59:38 +0000 2019, Kids play on it every chance they can\,"Kulpsville, PA"
Sat May 18 14:59:38 +0000 2019,      The question we need to ask is who is benef\ ,"Palm Beach Gardens, FL"
Sat May 18 14:59:37 +0000 2019," First, we should put an end to the university monopoly on certifying educational and vocational comp\ ","Deptford, NJ"
Sat May 18 14:59:37 +0000 2019,Yes sir \ ,"North Carolina, USA"
Sat May 18 14:59:37 +0000 2019,"Good people are those who stamp all the slots on your card at Dutch Bros.'""","Arizona, USA"
Sat May 18 14:59:37 +0000 2019,"I\'m\\n Alive""'","Reno, NV"
Sat May 18 14:59:37 +0000 2019,"Last game of the season, parents against the students, these kids are hitting with chest heads long kicks and all t\ ","Atlanta, GA"
Sat May 18 14:59:37 +0000 2019,"Favorite new tech tool - Gimkit #edcampECU'""","North Carolina, USA"
Sat May 18 14:59:37 +0000 2019,Am I right!?!\\n\\nNow let\'s continue the #roadtrip into the wilderness.\\n\\n#goingonanadventure #Colorado\ ,"Colorado, USA"
Sat May 18 14:59:37 +0000 2019,"Student-athlete graduates, ohhh yeeaahh! ",Tinley Park Convention Center
Sat May 18 14:59:37 +0000 2019,"Want to work at G2 Secure Staff? We\'re hiring in #Dothan, AL! Click for details:  #Operations""'","Alabama, USA"
Sat May 18 14:59:37 +0000 2019,Lake day w/ this big head was great \ ,"Grand Prairie, TX"
Sat May 18 14:59:37 +0000 2019,"This is also why I dont tell her shit. My mom will turn one statement into her project. If you dont worry about yo motherfuckin self.'""","Cleveland, OH"
Sat May 18 14:59:37 +0000 2019,"We\'re hiring! Read about our latest job opening here: Certified Pharmacy Technician -  #Pharmaceutical #Pearland, TX""'","Texas, USA"
Sat May 18 14:59:36 +0000 2019," Mod... er... ation...? What is that?'""","River Heights, UT"
Sat May 18 14:59:36 +0000 2019,Some bitches really like that shit. Idk ,"New Bedford, MA"
Sat May 18 14:59:36 +0000 2019,"we all piss and shit out the same holes \ really makes you think'""","Ashland, NJ"
Sat May 18 14:59:36 +0000 2019,"'Career tip for landing jobs like ""Front Office Assistant"" in New Bloomfield, PA. Go on informational interviews. Th\ ","Pennsylvania, USA"
Sat May 18 14:59:36 +0000 2019,"Interested in a job in Baltimore, MD? This could be a great fit. Click the link in our bio to apply: Valet Attendan\ ","Baltimore, MD"
Sat May 18 14:59:36 +0000 2019,"Interested in a job in #Bedford, MA? This could be a great fit. Click the link in our bio to apply: Manufacturing O\ ","Bedford, MA"
Sat May 18 14:59:36 +0000 2019,"Mercy Health is hiring in #Joplin, MO! Read about our latest #Nursing job opening via the link in our bio: Register\ ","Joplin, MO"
Sat May 18 14:59:36 +0000 2019,Do you live near #Yonkers NY? Do you want the exceptional reward of knowing they are helping medically complex chil\ ,"White Plains, NY"
Sat May 18 14:59:36 +0000 2019,"Money change certain people not everyone remember that'""","Jackson, MS"
Sat May 18 14:59:36 +0000 2019,"BAE Systems is hiring in #Minneapolis, MN! Read about our latest #Engineering job opening via the link in our bio:\ ","Minneapolis, MN"
Sat May 18 14:59:36 +0000 2019,Kanye: i was in to deep like Mehkie Phif\\n\\nMe: ,"Houston, TX"
Sat May 18 14:59:36 +0000 2019,"Can you recommend anyone for this #Clerical job in #Topeka, KS? Click the link in our bio to see it and more. Admin\ ","Topeka, KS"
Sat May 18 14:59:36 +0000 2019,This #Healthcare job might be a great fit for you. Click the link in our bio to see it and more. Full-time Physical\ ,"New York, USA"
Sat May 18 14:59:36 +0000 2019,"Batman: breaking dawn pt 3'""","Winter Park, FL"
Sat May 18 14:59:36 +0000 2019,"'Join the SAIC team! See our latest #Engineering job openings, including ""Config Analyst/Digital Librarian - Crane,\ ","Springfield, IL"
Sat May 18 14:59:36 +0000 2019,"'Click the link in our bio to see currently open #Healthcare jobs like ""Care Giver"" at Sunrise Senior Living in #BloomfieldHills, MI.\''","Bloomfield Township, MI"
Sat May 18 14:59:36 +0000 2019, Only one of them could deliver this kind of comedy ,"Queens, NY"
Sat May 18 14:59:35 +0000 2019,So far my biggest contribution to  conversations this morning over breakfast tacos is explaining the she\ ,"San Antonio, TX"
Sat May 18 14:59:35 +0000 2019," Predictive programming!!'""","Rye Brook, NY"
Sat May 18 14:59:35 +0000 2019,"Damn I can\ believe a nigga really In love'""","Worcester, MA"
Sat May 18 14:59:35 +0000 2019," i\ hoping roller derby works out'""","Asheville, NC"
Sat May 18 14:59:35 +0000 2019," disagree. having played it before, you KNOW that it\'s kicking your ass but it\'s still fun.\\n\\none time\ ","Houston, TX"
Sat May 18 14:59:35 +0000 2019,"Different Cloth'""","North Carolina, USA"
Sat May 18 14:59:35 +0000 2019," His Joe Rogan podcast was amazing. Give it a listen'""","New York, USA"
Sat May 18 14:59:35 +0000 2019,"It\ 1000 you\ it\ only 1 of me.'""","Conyers, GA"
Sat May 18 14:59:35 +0000 2019," Gotta admit, it\ a little comical that grown men (like myself) watch a video of a HS kid announcin\ ","South Carolina, USA"
Sat May 18 14:59:35 +0000 2019,"What you give power to has power over you'""","Texas, USA"
Sat May 18 14:59:35 +0000 2019,It\ real shit. ,"Valdosta, GA"
Sat May 18 14:59:34 +0000 2019,"Netflix just suggested I watch it\ original film \ I think Netflix and PornHub have been chatting behind my back.'""","Chicago, IL"
Sat May 18 14:59:34 +0000 2019,"Did  call that man Safaree Luther King \ dawg eye am done'""","Muskegon, MI"
Sat May 18 14:59:34 +0000 2019,I told y\'all in November 2016 the election of this thing was an act of violence. The whole of all this fuckery is p\ ,"Bronx, NY"
Sat May 18 14:59:34 +0000 2019," See you Monday??!!'""","Columbus, OH"
Sat May 18 14:59:34 +0000 2019, Bucks in 4. ,"Milwaukee, WI"
Sat May 18 14:59:34 +0000 2019,that\ right my g ,"San Bernardino, CA"
Sat May 18 14:59:34 +0000 2019,     It looks like this too... \,"Speedway, IN"
Sat May 18 14:59:34 +0000 2019,"Bernie Sanders will call for ban on for-profit charter schools   #education'""","Houston, TX"
Sat May 18 14:59:33 +0000 2019, \ x soundcloud \\nAccounts : please follow me on SoundCloud \\n& Subscribe to my Youtube Accou\ ,"Los Angeles, CA"
Sat May 18 14:59:33 +0000 2019,  Omg I was in bed at 10:30 \,"Missouri, USA"
Sat May 18 14:59:33 +0000 2019,I love hate \,"Bellevue, NE"
Sat May 18 14:59:33 +0000 2019,We\'re making a lot of new friends out here - and isn\'t that what #JeepGoToplessDay is all about? ,monson hill climb
Sat May 18 14:59:33 +0000 2019,Add your name to demand  back off of Georgians\' reproductive rights >> ,"Savannah, GA"
Sat May 18 14:59:32 +0000 2019," It was great!'""","Missouri, USA"
Sat May 18 14:59:32 +0000 2019," Well, again, these clubs are very well run. They are creative, strategic and make winning their goal\ ","Dobbs Ferry, NY"
Sat May 18 14:59:32 +0000 2019," Can\ make everyone happy. Jets and Giants bill themselves as NY and with football draw from metro NY.'""","Natick, MA"
Sat May 18 14:59:32 +0000 2019,"I\'m at Lehigh Valley Zoo -  in Schnecksville, PA ","Pennsylvania, USA"
Sat May 18 14:59:32 +0000 2019,"If you really understand design thinking you do Not need to advertise it in your product description and marketing. #designthinking'""","Mayagüez, Puerto Rico"
Sat May 18 14:59:32 +0000 2019,"I\ never been to Wonder Bar but somehow I\ tired of Wonder Bar. \\n\\nThank you Instagram.'""","Austin, TX"
Sat May 18 14:59:32 +0000 2019," Hi again, Photo Fairy. Bravo for the help & \ Your steady support is a wonder to behold! We have\ ","Manhattan, NY"
Sat May 18 14:59:31 +0000 2019,Depends on... Are they not voting for women? Or not voting for particluar women based on trust for many reasons of\ ,"Fussels Corner, FL"
Sat May 18 14:59:31 +0000 2019,this shit crazy ,"Westminster, CA"
Sat May 18 14:59:31 +0000 2019,"My mom is strict cool , as long as my grade straight she really didn\ care ","Atlanta, GA"
Sat May 18 14:59:31 +0000 2019,Here\'s my baby boys\\n\\n,"Klamath Falls, OR"
Sat May 18 14:59:31 +0000 2019,   One of the few places I \ to try\ that I actually DID try when I lived there\ ,"Louisville, KY"
Sat May 18 14:59:31 +0000 2019,Team A bih\ ,"Fort Smith, AR"
Sat May 18 14:59:31 +0000 2019,"Just take my phone forever bro'""","Miramar, FL"
Sat May 18 14:59:31 +0000 2019," Speedin Bullet 2 Heaven was at least a 7'""","Evansville, IN"
Sat May 18 14:59:31 +0000 2019, lol i feel it ,"Wichita, KS"
Sat May 18 14:59:31 +0000 2019,Sick ,"Flagstaff, AZ"
Sat May 18 14:59:30 +0000 2019,"I\'m at Big Beaver & John R Roads in Troy, MI ","Troy, MI"
Sat May 18 14:59:30 +0000 2019,     My copy should be here next week. I\ let you\ ,"Decatur, TX"
Sat May 18 14:59:30 +0000 2019,"Will be revisiting Okinawa , Japan by February of next year. Japanese lessons in progress'""","Charlotte, NC"
Sat May 18 14:59:30 +0000 2019, Well an awesome person gets to play with awesome people. \,"Redlands, CA"
Sat May 18 14:59:30 +0000 2019, \ \,"Tampa, FL"
Sat May 18 14:59:30 +0000 2019,The TMA Annual Meeting is in full swing and today is the business meeting of the House of Delegates. I\ proud to s\ ,"Dallas, TX"
Sat May 18 14:59:30 +0000 2019,"Agora sim vou ter tempo pra ativar essa belezinha'""","Newark, NJ"
Sat May 18 14:59:29 +0000 2019,Me ,Farmers Insurance
Sat May 18 14:59:29 +0000 2019,New vid up on the mobile channel  ,"Charlotte, NC"
Sat May 18 14:59:29 +0000 2019,still cheated\ ,"Baton Rouge, LA"
Sat May 18 14:59:29 +0000 2019,"This thunder storm is such a vibe'""","Bettendorf, IA"
Sat May 18 14:59:29 +0000 2019,"Love\ mysteries in souls do grow,\\nbut yet the body is his book.\\n~ John Donne ~\\n\\n\ Maria Tudela ",United States
Sat May 18 14:59:29 +0000 2019, got the most disrespectful followers on his live \,"Oakland, CA"
Sat May 18 14:59:29 +0000 2019," Looks brilliant for after a wee \ like'""","Canal Winchester, OH"
Sat May 18 14:59:29 +0000 2019,Came across this old pic..fuck these were some hard times. You can just see it ,"San Antonio, TX"
Sat May 18 14:59:29 +0000 2019," Thank you!!!'""","Miami Beach, FL"
Sat May 18 14:59:28 +0000 2019,"I bought a ticket to brunch last night and I\ still sick .. fml'""","Fishers, IN"
Sat May 18 14:59:28 +0000 2019,"Stanley Steemer is hiring in Dublin, OH! Click the link in our bio to apply: Customer Service Advisor (Part-Time)\ ","Dublin, OH"
Sat May 18 14:59:28 +0000 2019,"Cleared: Incident on #NJ21 SB at Emmet St'""","Newark, NJ"
Sat May 18 14:59:28 +0000 2019, Cheque con ,"San Juan, USA"
Sat May 18 14:59:28 +0000 2019,"Yep, watch their actions and their reactions to your situation. ","Denton, TX"
Sat May 18 14:59:28 +0000 2019,This is a unique and interesting critique that points to a larger truth ,"Redmond, WA"
Sat May 18 14:59:28 +0000 2019,"TEXAS SHERIFF SAYS IT\ THE CARTELS THAT BENEFIT FROM THE BORDER PROBLEM, NOT ASYLUM SEEKERS\ ","Arlington, TX"
Sat May 18 14:59:28 +0000 2019, How many people does he make fun of in this speech? It\ not funny & he should be called out for his bully\ ,"Chesapeake, VA"
Sat May 18 14:59:28 +0000 2019,Just about time for qualifying. ,Start/Finish Line
Sat May 18 14:59:28 +0000 2019,"By the way, technically, we are all clumps of cells.'""","Greece, NY"
Sat May 18 14:59:28 +0000 2019,Updated: Incident on #BronxwhitestoneBridge SB ,"New York, USA"
Sat May 18 14:59:28 +0000 2019," Buenos dias saludos.'""","Rockville Centre, NY"
Sat May 18 14:59:28 +0000 2019,"NYXXXXXX!!!'""","Hammond, IN"
Sat May 18 14:59:28 +0000 2019,"'Have you ever had a role like ""Customer Service - Restaurant""? What did you like most about that job? #Hospitality #Clovis, NM\''","Clovis, NM"
Sat May 18 14:59:28 +0000 2019,"It\ too early for all this nonsense.'""","Emeryville, CA"
Sat May 18 14:59:27 +0000 2019,"i love how my phone autocorrects *tall to *y\ every single time\\n\\na true southern phone'""","Manhattan, KS"
Sat May 18 14:59:27 +0000 2019, I couldn\ bear to tell her some of the adventures in dating \,"Mount Pleasant, SC"
Sat May 18 14:59:27 +0000 2019,"Pero lo vi\ Mi esp\ sin calma era ya de tu esp\ un reflejo. Toda mi alma se espaci\ en tu alma, y en ella v\ ","San Juan, USA"
Sat May 18 14:59:27 +0000 2019," Nanc is no longer in charge.  New Young Socialist have taken over.  Where\'s Chuckie?""'","Paradise, NV"
Sat May 18 14:59:27 +0000 2019, Good stuff ,"Sandy Springs, GA"
Sat May 18 14:59:27 +0000 2019,"You know you\ got it bad when you\ thinking about Indian food and La Marca before 8am. #SaturdayMood'""","Seattle, WA"
Sat May 18 14:59:27 +0000 2019," Thank you!!!!'""","Los Angeles, CA"
Sat May 18 14:59:27 +0000 2019,"Lmao I don\ talk to you little boys'""","Savage, MD"
Sat May 18 14:59:27 +0000 2019," When'""","Florida, USA"
Sat May 18 14:59:27 +0000 2019," We aren\ going to fight you. Hopefully we withdraw from the Union. We will take Cali, New York, an\ ","Vista, CA"
Sat May 18 14:59:27 +0000 2019,"Can\ wait until Psalm West grows up and tells people to just call him Pete'""","Arlington, VA"
Sat May 18 14:59:27 +0000 2019,My pops must have had a few last night that foo always get tipsy and tell me how much he love me lol ,"Brooklyn, NY"
Sat May 18 14:59:27 +0000 2019,"Flik is hiring in #NewYork, NY! Read about our latest #Hospitality job opening via the link in our bio: ASSISTANT C\ ","Manhattan, NY"
Sat May 18 14:59:26 +0000 2019,When ppl get mad or options you see the REAL them comes to the surface! \,"Union Springs, AL"
Sat May 18 14:59:26 +0000 2019,I\'m very open about the people I\'ve lost. I believe in honoring them by telling their stories. That has resulted in\ ,"Houston, TX"
Sat May 18 14:59:26 +0000 2019,Saturday and the #rave don\'t stop ... free track by me and download via Reverbnation link here \ you heard this\ ,"Rancho Cucamonga, CA"
Sat May 18 14:59:26 +0000 2019,Noooo \ ,"Arlington, TX"
Sat May 18 14:59:26 +0000 2019,Goal!  \\n \\nLet\ Go! #For\ #RS35\\nMy Favorite Player & Reason I Represent Him On\ ,"Milford, MA"
Sat May 18 14:59:26 +0000 2019,Jonerys died on ep4 & it felt like seasons 1-7 didn\ even matter anymore w/c just added to the \ Goodbye Jon &\ ,"San Jose, CA"
Sat May 18 14:59:26 +0000 2019,Smooth Glam for the graduate \ \\n\\n#makeup #makeupartist #glittereyeshadow #morphe #glitter #mua #crayoncase\ ,"Syracuse, NY"
Sat May 18 14:59:26 +0000 2019,"   It depends on the opportunity cost of moving to a cheaper city with fewer jobs, f\ ","Chicago, IL"
Sat May 18 14:59:26 +0000 2019," Ser Jorah'""","Hartsville, SC"
Sat May 18 14:59:26 +0000 2019,"ppl is just so annoying'""","Chicago, IL"
Sat May 18 14:59:26 +0000 2019," \ we aren\ bad ppl. .. just very opinionated. ..'""","Oklahoma, USA"
Sat May 18 14:59:26 +0000 2019,      There are some others in that media room\ ,"Florida, USA"
Sat May 18 14:59:26 +0000 2019,"We are closed today in Bethesda. Catch us today at the Smokehouse from 4:30 - 8:30 pm.'""","Mitchellville, MD"
Sat May 18 14:59:26 +0000 2019,Living the life ,"Philadelphia, PA"
Sat May 18 14:59:26 +0000 2019,"Stress test today at 6PM. I mean -- Blazers playing at 6PM.'""","Medford, OR"
Sat May 18 14:59:25 +0000 2019, It can be done; Batman can exist ina movie and not kill. But we have to acknowledge that it\ going\ ,"Royal Oak, MI"
Sat May 18 14:59:25 +0000 2019,"   Astonishingly, I find it hard to believe that typing this tweet was the\ ","Philadelphia, PA"
Sat May 18 14:59:25 +0000 2019,"   We would be good with that, nice little road trips to Central TX would be fun\ ","Laredo, TX"
Sat May 18 14:59:24 +0000 2019,"maybe i\ see the 1975 never'""","Lexington, SC"
Sat May 18 14:59:24 +0000 2019," Sexy ass shoe laces.....'""","Iowa, USA"
Sat May 18 14:59:24 +0000 2019,Already getting my #workout in on a Saturday just a lil #ToneNTrap #bootcamp jcmrfitness  thanks for a great mornin\ ,"Marietta, GA"
Sat May 18 14:59:24 +0000 2019," trains to Miami all Sold Out for Saturday. #HeadsUp'""","West Palm Beach, FL"
Sat May 18 14:59:24 +0000 2019,"Ima chipped tooth boy for a lil while soo my haircut gotta be flawless'""","New York, USA"
Sat May 18 14:59:24 +0000 2019,"  #Resist'""","Alameda, CA"
Sat May 18 14:59:24 +0000 2019," Congrats!! So proud of all of you!'""","Cullman, AL"
Sat May 18 14:59:24 +0000 2019,I just entered to win tickets to Dwight Yoakam courtesy of FM106.1! ,"Racine, WI"
Sat May 18 14:59:24 +0000 2019,Really? I feel so old \ ,"Northfield, OH"
Sat May 18 14:59:23 +0000 2019,Loving how this book is coming along! #wayoflove   ,"Norwalk, CT"
Sat May 18 14:59:23 +0000 2019,Imma be dead honest as a warriors fan - the Bucks scare the living shit out of me. I really don\ see Toronto winni\ ,"San Jose, CA"
