Date,Tweet
Date,eet',Country
Mon Jun 10 07:44:38 +0000 2019,"Yo arriba y t\ abajo.'""","Dallas, TX"
Mon Jun 10 07:44:37 +0000 2019,"He was like you take all that shit in but when you get enough yo ass crazy as hell.'""","Texas, USA"
Mon Jun 10 07:44:36 +0000 2019,#NewProfilePic ,"Stockton, CA"
Mon Jun 10 07:44:35 +0000 2019, I thought the same \,"Queens, NY"
Mon Jun 10 07:44:35 +0000 2019,  Pleasure to make your acquaintance \,"Mississippi, USA"
Mon Jun 10 07:44:35 +0000 2019,im not even gonna get outta character rn.. it\ fuck u right back \,"El Paso, TX"
Mon Jun 10 07:44:35 +0000 2019,what\ sickens me is the fact that this kid who hit me and my friends with a car (granted were all okay just bruise\ ,"Illinois, USA"
Mon Jun 10 07:44:34 +0000 2019,"I have thotiana stuck in my head bc of  \ insta story'""","Santa Clarita, CA"
Mon Jun 10 07:44:33 +0000 2019,"They yo ex for a reason \ believe it. #DaTruthHurts'""","Bellflower, CA"
Mon Jun 10 07:44:33 +0000 2019,You lied to me just like everyone else \,"Hemet, CA"
Mon Jun 10 07:44:32 +0000 2019," sameeeeeee. she\'s bae""'","Manhattan, NY"
Mon Jun 10 07:44:32 +0000 2019,"Want to work in #Boulder, CO? View our latest opening:  #Hospitality'""","Boulder, CO"
Mon Jun 10 07:44:31 +0000 2019,Stay outta DR y\ they\ shooting big papi and everything \,"West Virginia, USA"
Mon Jun 10 07:44:31 +0000 2019,"Aww man, anxiety and imposter syndrome all in one night? Well this sucks.'""","San Antonio, TX"
Mon Jun 10 07:44:30 +0000 2019," Lmao no never been \ knock on some wood lol'""","Los Angeles, CA"
Mon Jun 10 07:44:30 +0000 2019,"If you want to know what a man\'s like, take a good look at how he treats his inferiors, not his equals.""'","Paradise, NV"
Mon Jun 10 07:44:30 +0000 2019,This makes sense of why UberEats can be problematic to teens health. ,"Fresno, CA"
Mon Jun 10 07:44:29 +0000 2019, Cause it\ true lol and That\ the only thing y\ got that is nice \,"Staten Island, NY"
Mon Jun 10 07:44:28 +0000 2019,"Good people always get messed over'""","Schriever, LA"
Mon Jun 10 07:44:28 +0000 2019,I love this game! What a steal  ,"Morgan Hill, CA"
Mon Jun 10 07:44:26 +0000 2019,"In the gold-metal cast, this is how you gonna look like. Pwedeng-pwede sa pera. ","Sunrise Manor, NV"
Mon Jun 10 07:44:26 +0000 2019,"Money, sleep, money, eat, money in that order \","Galveston, TX"
Mon Jun 10 07:44:25 +0000 2019," Ya reports were sketchy , sadly though the reports of him being shot were correct.  Thank God he is stable right now'""","Walled Lake, MI"
Mon Jun 10 07:44:25 +0000 2019,"should i postmates taco bell to the desk for my shift?'""","Riverside, CA"
Mon Jun 10 07:44:25 +0000 2019,"I want to create my own sunglasses, anyone know where or how I can do this? I am looking to have laser cut shapessssss'""","Los Angeles, CA"
Mon Jun 10 07:44:25 +0000 2019,"   Lol so dumb'""","Youngstown, OH"
Mon Jun 10 07:44:24 +0000 2019,"Pulling back from people to protect your heart and soul >>>>>>>>>'""","Ventura, CA"
Mon Jun 10 07:44:24 +0000 2019,  Not much of a rpg fan but I hope #FF7remake does well \ ,"Lufkin, TX"
Mon Jun 10 07:44:24 +0000 2019,"Brooklyn 99 has absolutely nO right to be This Funny'""","San Francisco, CA"
Mon Jun 10 07:44:24 +0000 2019,i........ am TERRIFIED ,"Imperial, CA"
Mon Jun 10 07:44:23 +0000 2019,,United States
Mon Jun 10 07:44:23 +0000 2019," Time'""","Austin, TX"
Mon Jun 10 07:44:23 +0000 2019,Here\ my shot of Sheryl Lee Ralph at the Actors Fund\ 23rd Annual Tony Awards Viewing Gala at Skirball Cultural C\ ,"Los Angeles, CA"
Mon Jun 10 07:44:22 +0000 2019," Hey can I buy the sound track on amazon or iTunes ?'""","Lawton, OK"
Mon Jun 10 07:44:22 +0000 2019,"I miss you :/'""","Grove City, OH"
Mon Jun 10 07:44:22 +0000 2019," Can\ wait'""","Stockbridge, GA"
Mon Jun 10 07:44:21 +0000 2019,"Pure Heroine is really timeless wow'""","Machesney Park, IL"
Mon Jun 10 07:44:21 +0000 2019, This is just perfection. Thank you so much for loving him the way you do. We love you very much. Thank you for the memory lane\,"Los Angeles, CA"
Mon Jun 10 07:44:21 +0000 2019, \ ,"Artondale, WA"
Mon Jun 10 07:44:21 +0000 2019,   Ol school. ,"Chicago, IL"
Mon Jun 10 07:44:20 +0000 2019," let me live fjfjfjfhd'""","Washington, DC"
Mon Jun 10 07:44:19 +0000 2019,when will y\'all learn that jumping around a stage isn\'t being a good performer? travis sets would be nothing if he\ ,"Bedford, TX"
Mon Jun 10 07:44:19 +0000 2019,"That girl a heartbreaker.'""","Galveston, TX"
Mon Jun 10 07:44:18 +0000 2019,"remember to pray when ur on top too.'""","Philadelphia, PA"
Mon Jun 10 07:44:18 +0000 2019,"I suck so bad at texting, I\'d rather call you tbh""'","Las Cruces, NM"
Mon Jun 10 07:44:16 +0000 2019,"U ain\ gotta try 2 fix it i ain\ worried bout it'""","Antioch, CA"
Mon Jun 10 07:44:16 +0000 2019," They always come to Oahu as well'""","Honolulu, HI"
Mon Jun 10 07:44:14 +0000 2019," thats always, every time you look up its a link to somebody onlyfans smh'""","Birmingham, AL"
Mon Jun 10 07:44:14 +0000 2019, damn near a everyday date \ ,"Huntington Beach, CA"
Mon Jun 10 07:44:14 +0000 2019,Everybody Around Me ARMED like they ain\ got no LEGS \ ,"East Ridge, TN"
Mon Jun 10 07:44:14 +0000 2019,Little boy my whole heart \,"Houston, TX"
Mon Jun 10 07:44:14 +0000 2019,"I fought being a night owl for so long. And like ... I just gotta live my best life. I do my best work 9-5, once you flip the am/pm ;)'""","New Orleans, LA"
Mon Jun 10 07:44:14 +0000 2019,Happy Bday brother  ,"Paradise, NV"
Mon Jun 10 07:44:14 +0000 2019,  \ don\'t remember. It was a long time ago. I just remember it being talked about on the\ ,"Salinas, CA"
Mon Jun 10 07:44:14 +0000 2019,i finished the first episode and was heated for the rest of the day ,"Plano, TX"
Mon Jun 10 07:44:13 +0000 2019,30?????? ,"Lake Providence, LA"
Mon Jun 10 07:44:13 +0000 2019,"in need of tempo mixtape pls'""","Westminster, CO"
Mon Jun 10 07:44:13 +0000 2019,"Don\'t get your hopes up, though. #IranRegimeChange ","Keyser, WV"
Mon Jun 10 07:44:12 +0000 2019,"  Don\'t get in the way of Trump/Republican\ Bad Moon Rising. More fraud and treason to be exposed. #staythecourse""'","Sunnyvale, CA"
Mon Jun 10 07:44:11 +0000 2019,"Wake up in the morning cock on Lonsdaleite mode.'""","Brooklyn, NY"
Mon Jun 10 07:44:11 +0000 2019," You should show someone else in the military'""","New Orleans, LA"
Mon Jun 10 07:44:11 +0000 2019,"Dream your dreams with your eyes closed, but live your dreams with your eyes open.'""","Paradise, NV"
Mon Jun 10 07:44:10 +0000 2019, can anybody help me with the heliphage on advanced?  Capable of doing in but the time limit is too shor\ ,"Tallahassee, FL"
Mon Jun 10 07:44:10 +0000 2019,My brother told me my attitude is horrible when I\ irritated\,"Texas, USA"
Mon Jun 10 07:44:09 +0000 2019,"Hi, dear friends, Eleaf iCare Pre-order !\ Flask Battery\\nSize: 12 x 42 x 71mm \\nBattery type: Built-in 520\ ","California, USA"
Mon Jun 10 07:44:09 +0000 2019,The first time  said hi to me in high school I ignored him and walked the other direction ,"Iowa, USA"
Mon Jun 10 07:44:08 +0000 2019,Desert landscape on Mescal Trail #mescaltrail #sedona #sedonaarizona #az #mtb #singletrack #desertlife #scenic @ Me\ ,"Arizona, USA"
Mon Jun 10 07:44:08 +0000 2019,"It\ almost 3 in the damn morning and I\ listening to never shout never AGAIN and crying AGAIN...'""","San Antonio, TX"
Mon Jun 10 07:44:07 +0000 2019," Why?'""","Truth or Consequences, NM"
Mon Jun 10 07:44:06 +0000 2019," I\ in a great amount of excruciating pain that\ why'""","Avondale, AZ"
Mon Jun 10 07:44:06 +0000 2019," Mardy bum?'""","Albuquerque, NM"
Mon Jun 10 07:44:05 +0000 2019,This had better be a sign  ,"Villa Ridge, MO"
Mon Jun 10 07:44:05 +0000 2019,how my professors are sleeping right now knowing that I\ going to fail my finals starting tomorrow ,"Santa Cruz, CA"
Mon Jun 10 07:44:04 +0000 2019,CHERYL BENTYNE SPECIAL WORKSHOP!  ,"Los Angeles, CA"
Mon Jun 10 07:44:04 +0000 2019,"as if Calum would ever love a potato like me, y\ are wild'""","Los Angeles, CA"
Mon Jun 10 07:44:04 +0000 2019,"I really be trying'""","Houston, TX"
Mon Jun 10 07:44:02 +0000 2019," It has to have a TOTALLY different meaning for them.'""","Fraser, MI"
Mon Jun 10 07:44:02 +0000 2019," the new Uber and Lyft pickup areas are a total and utter disaster.'""","San Ramon, CA"
Mon Jun 10 07:44:00 +0000 2019," Omg what part'""","Ettrick, VA"
Mon Jun 10 07:44:00 +0000 2019," Spineless idiot ... yep'""","Florida, USA"
Mon Jun 10 07:43:58 +0000 2019,"& I oop- \\nLike and I\ dm a #, tweet your reponse\ pet peeves\\n2. body count \\n3. @ who you for\\n4. BE MINES!\\n5.\ ","Port Arthur, TX"
Mon Jun 10 07:43:58 +0000 2019, Watch Fox News host call Trump statement \'fake news\' ,"Acacia Villas, FL"
Mon Jun 10 07:45:02 +0000 2019, I don\ think you have read your Bible. Check out Numbers 5:21 it actually calls for a priest to cur\ ,"Cleveland, OH"
Mon Jun 10 07:45:02 +0000 2019,"AREA CHECK at NE MARTIN LUTHER KING JR BLVD / NE KILLINGSWORTH ST, PORTLAND, OR [Portland Police #PP19000191992] 23:58 #pdx911'""","Portland, OR"
Mon Jun 10 07:45:01 +0000 2019,"THREAT - COLD at 600 BLOCK OF SE 148TH AVE, PORTLAND, OR [Portland Police #PP19000191923] 00:09 #pdx911'""","Portland, OR"
Mon Jun 10 07:45:01 +0000 2019,   if you will notice is not like those other ghetto housewives. Ble\ ,"Granite Falls, NC"
Mon Jun 10 07:45:00 +0000 2019," Haha it sure is!!'""","Texas, USA"
Mon Jun 10 07:45:00 +0000 2019,"why do you want to break my heart and love me at the same time'""","Dallas, TX"
Mon Jun 10 07:45:00 +0000 2019," we finna go get u some sweet tea'""","Fort Worth, TX"
Mon Jun 10 07:44:59 +0000 2019,"Second day of crying and no sleep. How much longer can I go before I send myself back into depression?'""","Chicago, IL"
Mon Jun 10 07:44:59 +0000 2019,  despite the fact that I am an American (and a Texan \ I have been a devout fan of this woman for 34 y\ ,"Austin, TX"
Mon Jun 10 07:44:58 +0000 2019, Pool ,"Hercules, CA"
Mon Jun 10 07:44:57 +0000 2019, Imagine getting like 200 people to buy $2 tickets just to boo him when he gets on stage \,"Sedalia, MO"
Mon Jun 10 07:44:57 +0000 2019," You ain\'t that tough.""'","Chicago, IL"
Mon Jun 10 07:44:57 +0000 2019,"If I get another Shiba, I may have to name him Shibata at this point. ","Knoxville, TN"
Mon Jun 10 07:44:56 +0000 2019, By Speaker Pelosi violating the Constitution and for what ever reason refusing to IMPEACH obstruct\ ,"Manhattan, NY"
Mon Jun 10 07:44:56 +0000 2019," Run that shit up lol quit bein pussy'""","Dallas, TX"
Mon Jun 10 07:44:56 +0000 2019,"  It\'s State-mandated rape.""'","Truth or Consequences, NM"
Mon Jun 10 07:44:55 +0000 2019,Apple juice\ ,"Terrytown, LA"
Mon Jun 10 07:44:55 +0000 2019, \,"Queens, NY"
Mon Jun 10 07:44:55 +0000 2019, Smoke money can\ buy that \,"Staten Island, NY"
Mon Jun 10 07:44:54 +0000 2019,"I hate when people wake me up. Then, they fall asleep. Now, I\ up \","St Petersburg, FL"
Mon Jun 10 07:44:54 +0000 2019,"Don\ get in my car with that country shit'""","Schofield Barracks, HI"
Mon Jun 10 07:44:53 +0000 2019,"feels good to be the only person in the eugene dance music scene that decided to wear deodorant tonight lmao'""","Eugene, OR"
Mon Jun 10 07:44:56 +0000 2019,Shark Week starts a week late this year. I\ actually really fucking kissed off. That always my birthday week. Fuck\ ,"Oregon, USA"
Mon Jun 10 07:45:19 +0000 2019," TyCo Stoner - Green'""","Kapolei, HI"
Mon Jun 10 07:45:18 +0000 2019,"IT\'S MONDAY!\\nDEAL WITH IT!!""'","Philadelphia, PA"
Mon Jun 10 07:45:18 +0000 2019,Open for a surprise ,"Florida, USA"
Mon Jun 10 07:45:18 +0000 2019,  Thanks ,"Illinois, USA"
Mon Jun 10 07:45:17 +0000 2019,"universe not cool:/'""","San Diego, CA"
Mon Jun 10 07:45:17 +0000 2019," was really talking reckless on my goat earlier and I did not appreciate that'""","Irvine, CA"
Mon Jun 10 07:45:17 +0000 2019,I\'m going to Vegas next week but being around drunk/high people puts me in such a bad place mentally so I am going\ ,"Los Angeles, CA"
Mon Jun 10 07:45:17 +0000 2019," Let\ help make that happen! #FreePia'""","Alexandria, VA"
Mon Jun 10 07:45:16 +0000 2019,"Also, I\ at Walmart again because I deserve a gallon of water for 60 cent !'""","Glen Allen, VA"
Mon Jun 10 07:45:15 +0000 2019,This. Moment. ,"Fresno, CA"
Mon Jun 10 07:45:14 +0000 2019,why is season six so emotional \ ,"Chicago, IL"
Mon Jun 10 07:45:14 +0000 2019," Better get you some simply apple and improve ya lifestyle'""","Georgia, USA"
Mon Jun 10 07:45:14 +0000 2019,Please help me! #MULTIPLEMYELOMAwarrior #Wpxi ,"Speers, PA"
Mon Jun 10 07:45:14 +0000 2019,"  I was next to him when he did it LMAOOOOOO'""","Concord, CA"
Mon Jun 10 07:45:13 +0000 2019,"I am so fucking confused'""","McAllen, TX"
Mon Jun 10 07:45:13 +0000 2019,"hi i\ faded faded dm me'""","San Diego, CA"
Mon Jun 10 07:45:13 +0000 2019,She\ 16 ,"Houston, TX"
Mon Jun 10 07:45:32 +0000 2019,Awake because can\ breathe \ these allergies are going to straight up kill me this year \,"Monroe, MI"
Mon Jun 10 07:45:31 +0000 2019," Congratulations sir'""","Paradise, NV"
Mon Jun 10 07:45:31 +0000 2019,  \,"Grand Rapids, MI"
Mon Jun 10 07:45:31 +0000 2019,"'Just made a good ""mistake,"" while working on a poem based on the word #iron. I incorrectly researched #Oshun instea\ ","Staten Island, NY"
Mon Jun 10 07:45:31 +0000 2019, Grand Champion for senior CmPS for \ Patrol\ a project that developed a student initiated campus sec\ ,"Palm Coast, FL"
Mon Jun 10 07:45:31 +0000 2019,"Esto dijo Memo Ochoa , acerca de la competencia en arco mexicano #Eltri     ","Fort Worth, TX"
Mon Jun 10 07:45:30 +0000 2019,No mames ,"Orange, CA"
Mon Jun 10 07:45:30 +0000 2019,"sad af :('""","Seattle, WA"
Mon Jun 10 07:45:30 +0000 2019," Pizza Hut is like a 69 where the dude is the one on top. It\ still gonna be good, but the other way is always better.'""","Davidson, NC"
Mon Jun 10 07:45:29 +0000 2019,   It\ not that easy to govern *either* when  has refuse\ ,"Scaggsville, MD"
Mon Jun 10 07:45:28 +0000 2019, why am i dying at this\,"San Francisco, CA"
Mon Jun 10 07:45:28 +0000 2019,so fucking STOKED to see  with bean and lyndee in a couple weeks!!!!!!!! \,"Antelope, CA"
Mon Jun 10 07:45:28 +0000 2019," ima do both fuck it'""","Fort Worth, TX"
Mon Jun 10 07:45:28 +0000 2019,"Smh this nigga fr fr yacked in the whip'""","California, USA"
Mon Jun 10 07:45:27 +0000 2019,I love my friends so much they literally hype me up way to much !! Ariel just said that she loves me having 3 guys\ ,"Los Angeles, CA"
Mon Jun 10 07:45:26 +0000 2019,"#TheEnemyWithin - S01 | E13\\nToo bad it got cancelled, I wonder who else worked with Tal. \\n\\n ","Knoxville, TN"
Mon Jun 10 07:45:26 +0000 2019,"boutta say fuck it & cop a switch'""","Houston, TX"
Mon Jun 10 07:45:25 +0000 2019,    There\'s always a risk in making an investment...some living investments regul\ ,"Manhattan, NY"
Mon Jun 10 07:45:25 +0000 2019, <3 thank u awe\,"Casas Adobes, AZ"
Mon Jun 10 07:45:25 +0000 2019," this is what I like to see. give into those demons mister'""","Brooklyn, NY"
Mon Jun 10 07:45:24 +0000 2019,"Use me to make your ex jealous or your boyfriend mad. It\ ok'""","Joliet, IL"
Mon Jun 10 07:45:24 +0000 2019," You should make some more, I like the ones she showed me'""","Oklahoma, USA"
Mon Jun 10 07:45:23 +0000 2019,"Fake fuck'""","Omaha, NE"
Mon Jun 10 07:45:23 +0000 2019,She made my night frfr\,"Fairfield, CA"
Mon Jun 10 07:45:23 +0000 2019,Back to terminal C to sleep at my gate for rebooked 8:45 am flight. Oh look! I\ not alone.  ,Terminal C
Mon Jun 10 07:45:22 +0000 2019,Acabo de ver el video bien. WOW fuerte! Le tiraron por la espalda. ,"Paradise, NV"
Mon Jun 10 07:45:22 +0000 2019,"I wanna eat curry house everyday lol fuck mom what did you do to me.'""","Nanakuli, HI"
Mon Jun 10 07:45:22 +0000 2019,They can never take me to the theatre bc I ALWAYS take a lil nap lmao \,"East Los Angeles, CA"
Mon Jun 10 07:45:22 +0000 2019,"#Trabajo alerta: NC Water Program Practitioner - 47701 | Durham, NC  #conservaci\","Durham, NC"
Mon Jun 10 07:45:21 +0000 2019,"Why the fuck do squid party rooms exist in turf war? Go get some damn friends and play in private battles instead ya fucks.'""","Kingsburg, CA"
Mon Jun 10 07:45:20 +0000 2019,  Yes I heard it\'s beautiful there \,"Geneva, NY"
Mon Jun 10 07:45:20 +0000 2019,"  Wow'""","Tampa, FL"
Mon Jun 10 07:45:20 +0000 2019,daniel looked me dead in the eyes and did this as I was walking away from taking the group photo. I was I had foota\ ,"Memphis, TN"
Mon Jun 10 07:45:20 +0000 2019,"i\ in las vegas !'""","Paradise, NV"
Mon Jun 10 07:59:48 +0000 2019,"Protect Big Papi at all costs'""","Bronx, NY"
Mon Jun 10 07:59:48 +0000 2019,"'don\\\'t trust bakers who claim to enjoy it because they ""loved chemistry in school"" or such nonsense, their minds are\ ","Houston, TX"
Mon Jun 10 07:59:47 +0000 2019, May be a move just on the fact that there could be a  remix of Grenade by  and ,"Tempe, AZ"
Mon Jun 10 07:59:47 +0000 2019,"Gotta make the most of what\ around you everyday'""","Fort Worth, TX"
Mon Jun 10 07:59:47 +0000 2019,"I\ ready for the  and  to win the finals bro.'""","Hawaii, USA"
Mon Jun 10 07:59:47 +0000 2019," A bear can swipe a full grown moose and break its back in one blow....'""","Akron, OH"
Mon Jun 10 07:59:46 +0000 2019,"No me puedo parar de la pared.'""","Chicago, IL"
Mon Jun 10 07:59:46 +0000 2019,"mane , at this point ? idk \","Memphis, TN"
Mon Jun 10 07:59:45 +0000 2019,He was one of the last marquee FAs to sign last summer and he himself even said no one called but GSW ,"New York, USA"
Mon Jun 10 07:59:45 +0000 2019," Yep, I am going to be there in their Twitter jail, better chill.  However, POTUS inspires me, Dems\ ","Modesto, CA"
Mon Jun 10 07:59:44 +0000 2019, \ Free Shipping \ discount \ Use Coupon Code : Take12\ MOTO BIKER JACKET WITH\ ,"New Jersey, USA"
Mon Jun 10 07:59:44 +0000 2019, Imagine if we just stopped using straws flat out and just started sipping our drinks \,"Los Angeles, CA"
Mon Jun 10 07:59:44 +0000 2019,Win 4-Day Tickets To Lollapalooza ,"Chicago, IL"
Mon Jun 10 07:59:44 +0000 2019,Last day to give your donation to assist this teacher in pursuing her dream. #teachers #educators #blackartist\ ,"St Andrews, SC"
Mon Jun 10 07:59:43 +0000 2019," Lmaoo my guy with the jorts'""","Mississippi, USA"
Mon Jun 10 07:59:42 +0000 2019,"Ravens might be able to interpret and respond to the emotions of other individuals of the species, per new research\ ","Southglenn, CO"
Mon Jun 10 07:59:42 +0000 2019," BUCKING MLORD'""","Highland, CA"
Mon Jun 10 07:59:42 +0000 2019,"A compliment don\'t mean i want you.""'","Houston, TX"
Mon Jun 10 07:59:42 +0000 2019, See how delusional this these people are go after President Trump for colluding with Russia now they\ ,"Ohio, USA"
Mon Jun 10 07:59:41 +0000 2019,"ahhhhhh I STILL HAVE TO PACKKKKKKKKKKKKKKKKKKKKKKKKKKKKKK'""","Pleasant Grove, UT"
Mon Jun 10 07:59:41 +0000 2019,a photo i took from my seat that i will never forget! ,"Illinois, USA"
Mon Jun 10 07:59:40 +0000 2019,  It\'s HAPPENING!! \,"St Paul, MN"
Mon Jun 10 07:59:40 +0000 2019,"#Barberton #Ohwx Temp:65.5\ WchillLow:63.3\ Wind:1 mph Dir:SSE Baro:Falling Rain2day:0.00in Hum:15% UV:0.0 @ 04:00 06/10/19 #weather'""","Portage Lakes, OH"
Mon Jun 10 07:59:39 +0000 2019,Don\ count on him he limping still tryna hide it\ ,"Oakland, CA"
Mon Jun 10 07:59:39 +0000 2019, is there none out there??\,"Vancouver, WA"
Mon Jun 10 07:59:39 +0000 2019,"  True, CNBC has a fair amount of capitalists, Democrats, and Republicans. Only thing t\ ","Gibsonia, FL"
Mon Jun 10 07:59:39 +0000 2019,  U Right ,"Medford, OR"
Mon Jun 10 07:59:39 +0000 2019, hey shake you think this could make it on ur top 10? ,"Kinston, NC"
Mon Jun 10 07:59:38 +0000 2019,#FreeAlexJones #StopTheBias ,"Phoenix, AZ"
Mon Jun 10 07:59:38 +0000 2019,"    Yeah, something about Pete has been really pushing people to go so over\ ","Anchorage, AK"
Mon Jun 10 07:59:38 +0000 2019,Forever not understanding what\ wrong with people. Being straight has never been oppressed & wrong in the world. P\ ,"Cheney, WA"
Mon Jun 10 07:59:37 +0000 2019,"I hate my job. Dear God please deliver me from the ghetto.'""","Houston, TX"
Mon Jun 10 07:59:37 +0000 2019,"Blah.blah blah ..nigga stfu'""","New Orleans, LA"
Mon Jun 10 07:59:37 +0000 2019,"I can\'t remember the last time I actually went to bed at a decent hour""'","El Paso, TX"
Mon Jun 10 07:59:36 +0000 2019,"  He, the #PussySnatcherInChief  can\'t even comprehend what you said, with yo\ ","Sheridan, WY"
Mon Jun 10 07:59:35 +0000 2019,"Please'""","Avondale, AZ"
Mon Jun 10 07:59:35 +0000 2019,"I need new tattoos like ASAP'""","Houston, TX"
Mon Jun 10 07:59:34 +0000 2019,"You probably thought that you\ break my heart'""","Fountain, CO"
Mon Jun 10 07:59:33 +0000 2019,"       It sure does. Let\ keep the pressure up until the refunds come in.'""","Grapevine, TX"
Mon Jun 10 07:59:32 +0000 2019,My goat \ ,"Amarillo, TX"
Mon Jun 10 07:59:32 +0000 2019,  Muy cierto...\,"Hato Candal, Puerto Rico"
Mon Jun 10 07:59:31 +0000 2019, no I love u \,"Lathrop, CA"
Mon Jun 10 07:59:30 +0000 2019,"  Thats not id politics moron. Thats just who got elected. In modern age aka now, women m\ ","Ensley, FL"
Mon Jun 10 07:59:30 +0000 2019," Imy omg'""","Fair Oaks, VA"
Mon Jun 10 07:59:30 +0000 2019,"  Don\'t bother with these fools, they\'re not even worth the time it takes to @ them""'","Chicago, IL"
Mon Jun 10 07:59:29 +0000 2019, Thank you\,"Oakland, CA"
Mon Jun 10 07:59:28 +0000 2019,Ya girl just made her National Television Debut \  #Pride #channel7news #weho ,"Ontario, CA"
Mon Jun 10 07:59:27 +0000 2019,  Welcome! \,"Cinco Ranch, TX"
Mon Jun 10 07:59:26 +0000 2019,"I just need to get a out of state nigga\ that\ where it\ at'""","Long Beach, CA"
Mon Jun 10 07:59:25 +0000 2019,"It\'s my weekend music. My bliss.  \ \ Angel by 2002, from #SoundHound ","Davis, CA"
Mon Jun 10 07:59:24 +0000 2019,"Tonight was hard. It wasn\ as hard as last night, but it was difficult to do two nights in a row, and I had to pul\ ","Mount Vista, WA"
Mon Jun 10 07:59:22 +0000 2019,"also how tf did these kids get this shot so steady, and the pacing so tight. what kinda iphone steadycam rig they g\ ","Los Angeles, CA"
Mon Jun 10 07:59:22 +0000 2019,it\'s 4am in NYC and I just realized that Fruits Basket won\'t be done until 2020 so I\'m ALREADY crying BUT then I fi\ ,"Queens, NY"
Mon Jun 10 07:59:22 +0000 2019,The end of the song! \\n#orlandocroons #nowforwardenterprises #freespiritrockband @ High Plains Brewing ,"Laurel, MT"
Mon Jun 10 07:59:20 +0000 2019,"  We said forget it and rented a car. Just got home. Ridiculous. Should have been home at 5pm yesterday.'""","Van Buren, AR"
Mon Jun 10 08:00:08 +0000 2019,I have 2 personalities thank you very much ,"Illinois, USA"
Mon Jun 10 08:00:08 +0000 2019,"  Would force the candidates to say something specific they might have to act on--the last thing the DNC wants.'""","Redondo Beach, CA"
Mon Jun 10 08:00:08 +0000 2019,"nooooooooooooo ONG , EVERY MF MORNING . I STG . \ ","Compton, CA"
Mon Jun 10 08:00:07 +0000 2019, You\'re very welcome Taylan! And I bet you\'ll be ACTOR-RIFIC!! \ ,"Manhattan, NY"
Mon Jun 10 08:00:07 +0000 2019,"Napping all day now I\'m up""'","New Orleans, LA"
Mon Jun 10 08:00:07 +0000 2019,I love yoongi because yes\\n\\n#minyoongi #suga #BTS #SUGA #YOONGI #becauseyes ,United States
Mon Jun 10 08:00:06 +0000 2019,"near bsgstblender: 430d7893-90d6-478a-92e3-13f0a531bd59'""","Pittsburgh, PA"
Mon Jun 10 08:00:06 +0000 2019,"i don\ know how to cope with shit'""","Los Angeles, CA"
Mon Jun 10 08:00:06 +0000 2019," Ha!! Archived for next round!!'""","Mississippi, USA"
Mon Jun 10 08:00:05 +0000 2019,I miss my nigga \,"Chicago, IL"
Mon Jun 10 08:00:05 +0000 2019,"HOW IS EVA SO PRETTY IM SICK OF THE HARASSMENT'""","Lake Ridge, VA"
Mon Jun 10 08:00:05 +0000 2019,"We know more about the universe than we do our mind'""","Simi Valley, CA"
Mon Jun 10 08:00:04 +0000 2019,Libras stick with libras ,"South San Francisco, CA"
Mon Jun 10 08:00:04 +0000 2019,"Wow, guy riding a #bicycle with an umbrella outside.'""","Seattle, WA"
Mon Jun 10 08:00:04 +0000 2019,"thinking abt Communism'""",Home Goods
Mon Jun 10 08:00:03 +0000 2019,Me to tequila and squirt: ,"Fontana, CA"
Mon Jun 10 08:00:03 +0000 2019,"Temp 65.3\ Wind Chill 65.3 \ RH 94% Wind 0.2 WNW Gust 2.0 WNW SLP 29.927 in Falling slowly Rain 0.00 in Solar 0 UV 0.0 #VAWX #SWVAWX #WVWX'""","Virginia, USA"
Mon Jun 10 08:00:03 +0000 2019,At this point I\ forcing myself to sleep \,"Atlanta, GA"
Mon Jun 10 08:00:03 +0000 2019,"Packed house on a Sunday night in Houston! Austin, you\ next. Call off work, and come bang that noggin\ \\n\ ","Houston, TX"
Mon Jun 10 08:00:02 +0000 2019," for a ship that has no chance of happening, it sure has a large amount of supporters\\n\\ni\'d be lying if i s\ ","Boca Raton, FL"
Mon Jun 10 08:00:02 +0000 2019,"Temp: 71.4\ Wind:0.6mph Pressure: 29.942hpa Steady Rain Today 0.00in.'""","Mississippi, USA"
Mon Jun 10 08:00:02 +0000 2019,"USGS reports a M1.44 #earthquake 5km SSW of Redlands, CA on 6/10/19 @ 7:57:44 UTC  #quake'""","California, USA"
Mon Jun 10 08:00:02 +0000 2019,"A 1.4 magnitude earthquake occurred 3.11mi SSW of Redlands, CA. Details:  Map: ","California, USA"
Mon Jun 10 08:00:02 +0000 2019,"Wind 2.0 mph NW. Barometer 30.032 in, Rising. Temperature 69.3 \ Rain today 0.00 in. Humidity 65%'""","Creve Coeur, MO"
Mon Jun 10 08:00:02 +0000 2019, Extremely well said Mr. President. They are the honest thoughts of anyone not afraid of speaking o\ ,"North Plainfield, NJ"
Mon Jun 10 08:00:01 +0000 2019, \ Seriously? That\ all they do! \,"Philadelphia, PA"
Mon Jun 10 08:00:01 +0000 2019,"06/10 - Temp 61.4F, WC 61.4F. Wind 0.0mph ---, Gust 0.0mph. Bar 30.090in, Falling. Rain 0.13in. Hum 97%. UV 0.0. SolarRad 0.'""","Delaware, USA"
Mon Jun 10 08:00:01 +0000 2019,"Drunk\ puss thumpin, about to call this boy and rekindle thingZ\",On The Playground
Mon Jun 10 08:00:01 +0000 2019," boy pls gtf.'""","New Orleans, LA"
Mon Jun 10 08:00:01 +0000 2019, Vince plays like this with the girls and if honestly scares me to death. They\ so rough! How old is\ ,"El Paso, TX"
Mon Jun 10 08:00:01 +0000 2019," You\ not grown. Gn!'""","Mobile, AL"
Mon Jun 10 08:00:01 +0000 2019,"People always be like \ mans is so lucky\ like no fr'""","San Francisco, CA"
Mon Jun 10 08:00:00 +0000 2019,RHQ was the goat of that moment ,"Georgia, USA"
Mon Jun 10 08:00:00 +0000 2019,"Wind 1.9 mph SW. Barometer 30.03 in, Rising slowly. Temperature 63.5 \ Rain today 0.00 in. Humidity 77%'""","Petersburg, IL"
Mon Jun 10 08:00:00 +0000 2019,"Getting us ready for the  show tomorrow with videos from the last show. \\n\\nIn the Vane of Crosby , Stills,\ ","Annapolis, MD"
Mon Jun 10 08:00:00 +0000 2019," Gotta go back to Puerto Rico!!???'""","Apache Junction, AZ"
Mon Jun 10 07:59:59 +0000 2019,I support his movement and all but he looks a mess \ ,"Houston, TX"
Mon Jun 10 07:59:59 +0000 2019," I spy with my little eye ...'""","Warrenville, IL"
Mon Jun 10 07:59:59 +0000 2019,"  Guys guys I love both your channels hug it out!!!'""","Lubbock, TX"
Mon Jun 10 07:59:58 +0000 2019,"Holy Family Catholic Church. Oldenburg, Indiana. May 18, 2019. @ Holy Family Church Oldenburg, IN ","Oldenburg, IN"
Mon Jun 10 07:59:57 +0000 2019,no but eva is truly so stunning holy fuck ,"Lake Ridge, VA"
Mon Jun 10 07:59:57 +0000 2019,"I deadass work a til 13 hour shift later  \ I\'m ready to get this work trip over with and go home.""'","San Diego, CA"
Mon Jun 10 07:59:57 +0000 2019,"'""This year, Halloween fell on a weekend.""\\n\\nRIP Bushwick Bill ","Los Angeles, CA"
Mon Jun 10 07:59:56 +0000 2019,     Lol oh I know \ god is good young queen you have a\ ,"Baton Rouge, LA"
Mon Jun 10 07:59:56 +0000 2019,WTF!?!? ,"Pleasanton, TX"
Mon Jun 10 07:59:55 +0000 2019," Maybe 3 \ yessir!'""","Victorville, CA"
Mon Jun 10 07:59:55 +0000 2019,well I found myself to be reading some old messages and I ran into the message the guy sent me . I read it like it\ ,"West Jordan, UT"
Mon Jun 10 07:59:55 +0000 2019,"sigh'""","Texas, USA"
Mon Jun 10 07:59:54 +0000 2019,"We\'re hiring! Click to apply: Sales Associate -  #Retail #Troy, MI""'","Troy, MI"
Mon Jun 10 07:59:54 +0000 2019,  Oh no way my scream is so much uglier in person \ haha~~ I wonder if you remember the ex\ ,"Florida, USA"
Mon Jun 10 07:59:54 +0000 2019," Can I @ you to say I agree?'""","Reno, NV"
Mon Jun 10 07:59:53 +0000 2019,"  He is jimin today'""","Arcadia, FL"
Mon Jun 10 07:59:53 +0000 2019,"'   You mean, just like Andy Rubin? When you use the word ""true"", you are just afraid\ ","San Francisco, CA"
Mon Jun 10 07:59:52 +0000 2019,My boy  with the Pick!!! \ ,"Oregon, USA"
Mon Jun 10 08:00:29 +0000 2019," I feel you, my friend. I don\ like this anymore than you do.'""","Monument, CO"
Mon Jun 10 08:00:29 +0000 2019," (Cheered)'""","Los Angeles, CA"
Mon Jun 10 08:00:29 +0000 2019," Ice sauce'""","Walled Lake, MI"
Mon Jun 10 08:00:28 +0000 2019,LOVE YOU MISS KATY!! #KatyPerryrockd ,"Jackson, MS"
Mon Jun 10 08:00:27 +0000 2019,"Damn when did it become 4am \ I\ just up like it\ regular'""","Savannah, GA"
Mon Jun 10 08:00:27 +0000 2019,Don\ be ashamed to take a step back to work on yourself. A lot of shit can happen in a few months. Chill. Hang out\ ,"Tucson, AZ"
Mon Jun 10 08:00:27 +0000 2019,"Old Sacramento was so awesome, I even added MORE pics!! What a grande way to end a fantastic SACAnime!!!\ ","Sacramento, CA"
Mon Jun 10 08:00:26 +0000 2019," Archived! Ha!!'""","Mississippi, USA"
Mon Jun 10 08:00:26 +0000 2019,I literally watch this everyday ,"Butte, MT"
Mon Jun 10 08:00:25 +0000 2019," Huh?'""","Havre, MT"
Mon Jun 10 08:00:25 +0000 2019,What a bitch you are. all that time wasted just to be nothing again. This is why we guys have trust issues and dont\ ,"California, USA"
Mon Jun 10 08:00:24 +0000 2019,This has got to be the dumbest move I have EVER seen by #Democrats OR #California Have u considered loss of $$ for\ ,"San Antonio, TX"
Mon Jun 10 08:00:24 +0000 2019,really though have y\ ever been too close ,"Milwaukee, WI"
Mon Jun 10 08:00:22 +0000 2019,"I\ be a better version of myself a year from now. One day at a time.'""","San Diego, CA"
Mon Jun 10 08:00:22 +0000 2019,I\ sorry but troy bolton was not a real hooper\ ,"Copperas Cove, TX"
Mon Jun 10 08:00:21 +0000 2019,"It\'s time to go to sleep.""'","Detroit, MI"
Mon Jun 10 08:00:21 +0000 2019,"And just like that, I\ switched gears and am back in the saddle covering the 2019 Tony Awards.  Celebration, achi\ ","Manhattan, NY"
Mon Jun 10 08:00:20 +0000 2019,"You know I wise man once said nothing at all'""","La Porte, TX"
Mon Jun 10 08:00:20 +0000 2019," Born for ETL.  Make my man Justin happy.'""","San Francisco, CA"
Mon Jun 10 08:00:19 +0000 2019," No to both....those are pizza wannabes...not genuine'""","Antioch, CA"
Mon Jun 10 08:00:19 +0000 2019,"i swear i haven\ ugly cried this much man, im watching the last episode of when they see us & i just wow, this rea\ ","Olathe, KS"
Mon Jun 10 08:00:18 +0000 2019,"An Interview with Zaad - Music, Mental Health and being an artist abroad  ","Manhattan, NY"
Mon Jun 10 08:00:18 +0000 2019,"Legislative roundup for the week of June 3-6         #ncga #ncpol'""","Kinston, NC"
Mon Jun 10 08:00:18 +0000 2019,I don\ give a fuck \,"San Jose, CA"
Mon Jun 10 08:00:18 +0000 2019,La Cover Story dedicata all\'arrivo di #NeonGenesisEvangelion su Netflix e ai robottoni in generale prosegue con\ ,"Manhattan, NY"
Mon Jun 10 08:00:17 +0000 2019,"Best advice I\ been given is by my parents, \ them with kindness, teach them how to be nice and respectful by\ ","Chico, CA"
Mon Jun 10 08:00:15 +0000 2019,"Holy shit ya boy went full depression mode 2day'""","Sherwood, OR"
Mon Jun 10 08:00:15 +0000 2019,Absolutely! ,"San Diego, CA"
Mon Jun 10 08:00:14 +0000 2019,"Sometimes you just gotta take a step back and realize what you got. Shit could be worse'""","Fort Wayne, IN"
Mon Jun 10 08:00:14 +0000 2019,"Birthday in two weeks no longer excited lmao'""","Sunrise Manor, NV"
Mon Jun 10 08:00:14 +0000 2019,This is always a great question. Thank you  and my kids for this one! ,"Loughman, FL"
Mon Jun 10 08:00:14 +0000 2019,"i wont sleep until transgender people are given their basic human rights!'""","Kentucky, USA"
Mon Jun 10 08:00:14 +0000 2019,Squirtin and fartin\ ,"Roseburg North, OR"
Mon Jun 10 08:00:13 +0000 2019, Ain\'t got nobody\'s confidence \,"Houston, TX"
Mon Jun 10 08:00:13 +0000 2019,"Can\ sleep'""","Dallas, TX"
Mon Jun 10 08:00:12 +0000 2019,Wir w\ euch einen sch\ Wochenstart! \ #Monday #MondayMotivation #Montag #UniversalStudios\ ,"Riverview, FL"
Mon Jun 10 08:00:11 +0000 2019,"Important Fact: Most people hit in mass shootings die from bleeding out from getting shot in the arm or leg.'""","St Charles, MD"
Mon Jun 10 08:00:09 +0000 2019,"if you can\ support me doing hood rat shit with my friends, ion need ya\","Georgia, USA"
Mon Jun 10 08:00:09 +0000 2019,"Temp: 61.0\ - Dew Point: 56.5\ - Wind: NW @ 13.0 mph - Gust: 16.6 - Rain Today: 0.00in. - Pressure: 29.97in, - Trend: Steady'""","Bloomfield, WI"
Mon Jun 10 08:15:00 +0000 2019,"  En la embajada del Salvador de Los Angeles es lo mismo no lo atienden a un buen.'""","Moreno Valley, CA"
Mon Jun 10 08:14:59 +0000 2019, waiting for you to drop some Beanies with the next album Merch \,"Palmdale, CA"
Mon Jun 10 08:14:59 +0000 2019,Chillin ,"Manhattan, NY"
Mon Jun 10 08:14:59 +0000 2019,"  You lowballed Baynes he should #1'""","South Bend, IN"
Mon Jun 10 08:14:59 +0000 2019,"I\ finna start rapping and all my sons goin to every show #cityboys'""","Baton Rouge, LA"
Mon Jun 10 08:14:59 +0000 2019,"It\ Monday. It\ a good day to rock.'""","Bowling Green, KY"
Mon Jun 10 08:14:58 +0000 2019,"Decava sakaat da slushaat rock. The rest is untold story.'""","Alaska, USA"
Mon Jun 10 08:14:58 +0000 2019," Girl same but you have to know a lot of people to start it'""","Arizona, USA"
Mon Jun 10 08:14:56 +0000 2019,"  I speak the truth.'""","San Bruno, CA"
Mon Jun 10 08:14:56 +0000 2019,Bro...  No Guidance is \,"Reno, NV"
Mon Jun 10 08:14:56 +0000 2019,"all of MadBums undershirts say \ LIVES MATTER\ just retire, clown. ","Downey, CA"
Mon Jun 10 08:14:55 +0000 2019,S T R E S S    A F \,"Anchorage, AK"
Mon Jun 10 08:14:55 +0000 2019,"Lately it\ been getting real difficult for me to fall asleep'""","Los Angeles, CA"
Mon Jun 10 08:14:55 +0000 2019, Sleep well \,"South Carolina, USA"
Mon Jun 10 08:14:54 +0000 2019,"me, bolting awake still kinda drunk at 4am: DO YOU BELIEVE IN LIFE AFTER LOVE ?????????????? (AFTER LOVE AFTER LOVE AFTER LOVE)'""","Coral Springs, FL"
Mon Jun 10 08:14:54 +0000 2019,Awe Doug ,"Pennsylvania, USA"
Mon Jun 10 08:14:53 +0000 2019," the funniest nigga on twitter'""","Georgia, USA"
Mon Jun 10 08:14:53 +0000 2019," House keepers are drinking booze and replacing with cleaners.'""","Newport, SC"
Mon Jun 10 08:14:53 +0000 2019, yoikes \,"Rialto, CA"
Mon Jun 10 08:14:52 +0000 2019,"There can only be 1'""","Amarillo, TX"
Mon Jun 10 08:14:52 +0000 2019,"It\ like that going to bed but not really  going to sleep type of sleep'""","Cliffside Park, NJ"
Mon Jun 10 08:14:52 +0000 2019," We need a comeback kiss'""","Laredo, TX"
Mon Jun 10 08:14:51 +0000 2019," It\'s the only way to thrive if you\'re going into being 21 single af!""'","Colorado Springs, CO"
Mon Jun 10 08:14:51 +0000 2019,"I truly just need a hug'""","Indiana, USA"
Mon Jun 10 08:15:22 +0000 2019, I try. \,"Georgia, USA"
Mon Jun 10 08:15:22 +0000 2019,"La Llorona was a trash ass movie'""","California, USA"
Mon Jun 10 08:15:20 +0000 2019,"This, THIS IS A BIG FAT ASS MOTHERFUCKING MOOD! ","Tucson, AZ"
Mon Jun 10 08:15:20 +0000 2019,"I\ so done w shit'""","Broadview Heights, OH"
Mon Jun 10 08:15:19 +0000 2019,Thank you mr. gym for being a real one tonight I feel better \,"Hollister, CA"
Mon Jun 10 08:15:19 +0000 2019," Bruh if that ain\ the truth ahaha'""","Lakewood, CA"
Mon Jun 10 08:15:18 +0000 2019,"( \ \ \ \ \ \ \ \ )'""","San Diego, CA"
Mon Jun 10 08:15:42 +0000 2019,Man this outside weather hella nice rn who tryna kick it at 1am\,"California, USA"
Mon Jun 10 08:15:42 +0000 2019,"When you live in Virginia, you learn Virginia history kind of every year unless it\ like Civics or Government. ","Boston, MA"
Mon Jun 10 08:15:41 +0000 2019," Here 4 U babygurl'""","Columbus, OH"
Mon Jun 10 08:15:40 +0000 2019,"How rude.'""","Gainesville, GA"
Mon Jun 10 08:15:40 +0000 2019,BEAUTIFUL! #XboxGamePassUltimate ,"Gloucester, MA"
Mon Jun 10 08:15:38 +0000 2019,Katherine Heigl Even Bumped Heads With Chucky #Junesploitation\\n\\n,"Spring Hill, FL"
Mon Jun 10 08:15:38 +0000 2019,Technically we could always use the shrinkray on the Palestinian people in the Middle East in general.  This would\ ,"Brush, CO"
Mon Jun 10 08:15:37 +0000 2019," Disgusting. Pelosi needs to drown in ocean.'""","Newport, SC"
Mon Jun 10 08:15:37 +0000 2019,Just one...more...week...\,"Lakewood, CA"
Mon Jun 10 08:29:54 +0000 2019,Bruh this MF always on my fucking feed ,"Oxnard, CA"
Mon Jun 10 08:29:53 +0000 2019,  It\ because Taylor Swift songs are so basic you can match them up with anything \,"Mountain House, CA"
Mon Jun 10 08:29:53 +0000 2019,Idk how the guys are drinking AMFs right now \,"Hermosa Beach, CA"
Mon Jun 10 08:29:52 +0000 2019,POTATOES ARE SO UNDER RATED AND POTATOES ARE SO GOOD! ,"Phoenix, AZ"
Mon Jun 10 08:29:52 +0000 2019,"Lesson learned focus on my bag n the shit I have to take care of'""","Odessa, TX"
Mon Jun 10 08:29:52 +0000 2019,bitch I\ so happy I found 1 of my glasses \ can finally take a break from wearing contact lenses \,"Pittsburg, CA"
Mon Jun 10 08:29:51 +0000 2019,"hot take: harry potter is bad'""","Minnehaha, WA"
Mon Jun 10 08:29:50 +0000 2019,"denise and i really got kicked off the beach tonight.'""","Placentia, CA"
Mon Jun 10 08:29:50 +0000 2019," stunning. Stunning'""","Bella Vista, AR"
Mon Jun 10 08:29:50 +0000 2019,"Man I wish it wasn\ crackhead hours bc I\ tryna go get some breakfast'""","Brentwood, CA"
Mon Jun 10 08:29:49 +0000 2019,You know the day lit when you end up in urgent care lmfao. Catch me on crutches for like a week. \,"Los Angeles, CA"
Mon Jun 10 08:29:48 +0000 2019,Salute\ ,"New Milford, NJ"
Mon Jun 10 08:29:48 +0000 2019,"  Yassss ikr . I still can\ believe it'""","Honolulu, HI"
Mon Jun 10 08:29:48 +0000 2019,"bong rips for jesus'""","Colorado, USA"
Mon Jun 10 08:29:47 +0000 2019, A queen wearing her crown \,"Sacramento, CA"
Mon Jun 10 08:29:47 +0000 2019,   Helllll yeah \,"Mesa, AZ"
Mon Jun 10 08:29:47 +0000 2019,"Trying to sleep but I can\ stop thinking about how much I hate the song Summer of 69 by Bryan Adams.'""","Provo, UT"
Mon Jun 10 08:29:46 +0000 2019,"I caint danceeeee \ but um last nights shenanigans \ @ Athens, Texas ","Athens, TX"
Mon Jun 10 08:29:46 +0000 2019, It\ def nana bitch \,"Walnut Park, CA"
Mon Jun 10 08:29:45 +0000 2019,"  This is lily, she was yelling at me ","Garden Grove, CA"
Mon Jun 10 08:29:44 +0000 2019,!!!!!!! ,"Fort Wayne, IN"
Mon Jun 10 08:29:44 +0000 2019,"I love 4am Twitter deep dives I\'ve found some good severely mentally ill posters tonight""'","Woodbury Center, CT"
Mon Jun 10 08:29:44 +0000 2019," he should be forced to take as many Hits as Big Pappi got in his career, 3,000+.\\n..\ ","Compton, CA"
Mon Jun 10 08:29:44 +0000 2019,10:30pm in Hawaii \,"Kapalua, HI"
Mon Jun 10 08:29:43 +0000 2019,"Part of the journey is the end'""","San Tan Valley, AZ"
Mon Jun 10 08:29:43 +0000 2019,TOKYO WITH ARABELLA PETERSON  ,"Manhattan, NY"
Mon Jun 10 08:29:42 +0000 2019,"'""This is very encouraging for an 80 year old."" LMAO bravo congrats long overdue   ","Manhattan, NY"
Mon Jun 10 08:29:42 +0000 2019,"AOC and Justice Democrats are totally endorsing Warren aren\'t they?""'","Montville, CT"
Mon Jun 10 08:29:42 +0000 2019, My experience with The Geminis that I have met is I can see that internal struggle of the twins goin\ ,"Wapakoneta, OH"
Mon Jun 10 08:29:41 +0000 2019," Fun! I bet it was a good show!'""","Harper Woods, MI"
Mon Jun 10 08:29:40 +0000 2019,"#FearTheWalkingDead \\n#RadioactiveZombies sounds like the name of a punk rock band from the 70s.\\n#FearTWD'""","Los Angeles, CA"
Mon Jun 10 08:29:39 +0000 2019,I feel like puking \,"Salinas, CA"
Mon Jun 10 08:29:39 +0000 2019,We\'re hiring! Read about our latest job opening here: Associate Technical Account Manager -  ,"Santa Barbara, CA"
Mon Jun 10 08:29:39 +0000 2019, Got an episode of #thedroneworkshop up online... check it out ,"Los Angeles, CA"
Mon Jun 10 08:29:38 +0000 2019,Did you see us  pride today?! #firestorm #rollerderbyisawesome #loveislove ,"Middletown, NY"
Mon Jun 10 08:29:37 +0000 2019,Ya quiero que amanezca para desayunar \,"Kingsport, TN"
Mon Jun 10 08:29:37 +0000 2019," I believe you\'re right.""'","Youngstown, OH"
Mon Jun 10 08:29:37 +0000 2019," I\ give you another update if something happens. Otherwise we need to find this woman a REAL MAN.'""","Georgia, USA"
Mon Jun 10 08:29:36 +0000 2019,"  mine went out around 1 p.m. yesterday, current Oncor outage map estimates restoration by 8 p.m. t\ ","Dallas, TX"
Mon Jun 10 08:29:36 +0000 2019," Fuck you !!!'""","Houston, TX"
Mon Jun 10 08:29:36 +0000 2019,"Would AG BARR respond? Time tells whether we have good people running our gov agencies.'""","Sans Souci, SC"
Mon Jun 10 08:29:36 +0000 2019," This looks stnning.'""","Bella Vista, AR"
Mon Jun 10 08:29:35 +0000 2019,Would your law group please network with criminal lawyers to check on all deaths surrounding Clinton gang over 4 de\ ,"Sans Souci, SC"
Mon Jun 10 08:29:34 +0000 2019,"my baby (nobody) getting the business once i leave this lil night im having with the girls!!!! #singlelife'""","Oakland, CA"
Mon Jun 10 08:29:34 +0000 2019,Vape mail and table check! #av #timekeeper #sawblades #twistedmesses #tm24proseries #purge #purgeenforcer\ ,"Parkersburg, WV"
Mon Jun 10 08:29:34 +0000 2019,"Currently crying my eyeballs out. A Star is born'""","Lompoc, CA"
Mon Jun 10 08:29:33 +0000 2019,"Hopefully today goes well'""","Bakersfield, CA"
Mon Jun 10 08:29:32 +0000 2019," Thank you sm'""","Fayetteville, NC"
Mon Jun 10 08:30:14 +0000 2019, is that female! \ deadass my girl crush \,"Chicago, IL"
Mon Jun 10 08:30:14 +0000 2019,"   What\'s wrong with that exactly? If you can, avoid citing wacky conspiracy theories.""'","Los Angeles, CA"
Mon Jun 10 08:30:16 +0000 2019," Yes, SC, 4th grade'""","South Carolina, USA"
Mon Jun 10 08:30:15 +0000 2019,Tom and jerry courage the cowardly dog dexters lab power puff girls Johnny bravo all that kennan & kel and the list\ ,"San Antonio, TX"
Mon Jun 10 08:30:36 +0000 2019,"I\ a local and I know who is local and who is in the military, him & his buddies were definitely in the military. & most likely marines.'""","Fallbrook, CA"
Mon Jun 10 08:30:36 +0000 2019,Just posted a video @ Mana Contemporary ,"Jersey City, NJ"
Mon Jun 10 08:30:36 +0000 2019,"#poweroutage outage in #KoreaTown  #midwilshire #losangeles #pg&e #blackout'""","Los Angeles, CA"
Mon Jun 10 08:30:36 +0000 2019,"S/o to my friends...your my motivation'""","Queens, NY"
Mon Jun 10 08:30:35 +0000 2019,But she kicked me out of the car. It\ like wtf . I went back into my car and locked the doors. I was shaking and s\ ,"Fallbrook, CA"
Mon Jun 10 08:30:34 +0000 2019,"And when he opens it he sits in my passenger seat so I hop out my car so quick & screamed get out of my car , help\ ","Fallbrook, CA"
Mon Jun 10 08:30:34 +0000 2019,"So I\ like no while giving him a face , so I ignored him and looked away. THIS GUY OPENS MY PASSENGER door! Opens\ ","Fallbrook, CA"
Mon Jun 10 08:30:33 +0000 2019,"I fuuckkinn NEEDS a bottle of honey to the noggin. STAT. or maybe some Bombay or Patron, I\'m feeelin the whole ass\ ","Michigan, USA"
Mon Jun 10 08:30:33 +0000 2019,"Up, Blessed & Highly Favored \","Washington, DC"
Mon Jun 10 08:30:33 +0000 2019,"  Yup'""","Meridian, CO"
Mon Jun 10 08:30:33 +0000 2019,"(When I park my car and turn it off my car immediately unlocks the doors.) I\ chilling right, I\ focused on a gam\ ","Fallbrook, CA"
Mon Jun 10 08:30:33 +0000 2019,My past relationships have either ended in a mutual still friends type of situation or in a your a real piece of sh\ ,"Waianae, HI"
Mon Jun 10 08:30:32 +0000 2019,Sunday fun day with the girls \ @ Maui Hawaii ,"Kihei, HI"
Mon Jun 10 08:30:32 +0000 2019,***PLEASE READ ***I\ not easily intimidated by Men. So I never worry of being out on my own. I feel like I can def\ ,"Fallbrook, CA"
Mon Jun 10 08:30:31 +0000 2019,"you what I prayed for....you what I was made for.'""","Crestview, FL"
Mon Jun 10 08:30:30 +0000 2019,Dejalo ir!! ,"Bayamón, USA"
Mon Jun 10 08:30:45 +0000 2019,I\ So Fuckin Tired Man \,"Washington, DC"
Mon Jun 10 08:30:45 +0000 2019,"Glad the tour is going so we\ too'""","Herndon, VA"
Mon Jun 10 08:30:45 +0000 2019," I am praying for the red sock player who got shot I am glad he is going to be ok to hoping that he is going to be ok'""","Herndon, VA"
Mon Jun 10 08:30:45 +0000 2019,Oomf looked real good tn \,"Philadelphia, PA"
Mon Jun 10 08:30:44 +0000 2019,"fuck i\ simpin'""","Sacramento, CA"
Mon Jun 10 08:30:44 +0000 2019,         Cool \,"New York, USA"
Mon Jun 10 08:30:44 +0000 2019,Hope he play so Kawhi can lock him up ,"Mississippi, USA"
Mon Jun 10 08:30:43 +0000 2019,"Shut up & fuck me'""","Carson, CA"
Mon Jun 10 08:30:43 +0000 2019," People are interesting, love your tweets though.'""","Monterey Park, CA"
Mon Jun 10 08:30:43 +0000 2019," What happened to \ something, say something\","Manhattan, NY"
Mon Jun 10 08:30:40 +0000 2019,This is Savagery \ ,"Brooklyn, NY"
Mon Jun 10 08:30:40 +0000 2019,To be honest I have no clue how I\ gonna pull this off. Feeling like this after an event because I had to use all\ ,"Santa Clarita, CA"
Mon Jun 10 08:30:39 +0000 2019," That\'s not necessary. If you do adopt their Strategy, you\'re no better than they are. A bunch of Gu\ ","Fort Worth, TX"
Mon Jun 10 08:30:39 +0000 2019," Bot.'""","Truth or Consequences, NM"
Mon Jun 10 08:30:38 +0000 2019,Didn\ know weather to call police or not because that guy took off running with his buddies. It really sucks that\ ,"Oceanside, CA"
Mon Jun 10 08:30:38 +0000 2019," Yesss\ ugh my phone battery sucks and was on airplane mode all day'""","Torrance, CA"
Mon Jun 10 08:30:38 +0000 2019,Where I didn\ know what to do. If this guy was a rapist or had a gun and told me drive  my ass would have been pro\ ,"Oceanside, CA"
Mon Jun 10 08:30:37 +0000 2019,"Since Oceanside is close to the  camp base. But anyways, the fact that that could have gone worst is crazy! I\ ","Fallbrook, CA"
Mon Jun 10 08:45:02 +0000 2019,"#USGS08032000 - Neches Rv nr Neches, TX\\nHeight: 12.87ft \ (12ft)\\nFlow: 1610cfs\\n","Texas, USA"
Mon Jun 10 08:45:01 +0000 2019,"Interested in a job in #Milwaukee, WI? This could be a great fit:  #IT'""","Milwaukee, WI"
Mon Jun 10 08:45:01 +0000 2019,#MondayMotivation ,"Burbank, CA"
Mon Jun 10 08:45:01 +0000 2019,"Prostituting myself for potato salad'""",Kfc
Mon Jun 10 08:45:00 +0000 2019,Me 15 mins into #Aquaman: \\n\\n#taketheshirtoff #dcu ,"Los Angeles, CA"
Mon Jun 10 08:45:00 +0000 2019, Thanks for giving my bro a S/O for his grad party \ ,"Federal Way, WA"
Mon Jun 10 08:45:00 +0000 2019,"   Just like the republicans'""","Kansas City, MO"
Mon Jun 10 08:44:59 +0000 2019," I was on a first date and we tried to sing Eminem\ \ Me\ ...we got gonged. It didn\ work out if you were wondering.'""","Tucson, AZ"
Mon Jun 10 08:44:58 +0000 2019,"Morning, pretty girl!! Loved seeing you this weekend!!! \ Safe travels back to OKC! \ ","Arlington, VA"
Mon Jun 10 08:44:58 +0000 2019,"Utter bullshit, ","Port Hueneme, CA"
Mon Jun 10 08:44:57 +0000 2019,#NewProfilePic #Pride #TransIsBeautiful #TransGuyTwitter #gay #LGBTQ ,"Middletown, OH"
Mon Jun 10 08:44:57 +0000 2019,"  I don\ see any updates on twitter but do hear sirens here in K town.'""","Los Angeles, CA"
Mon Jun 10 08:44:57 +0000 2019,Starting day 3 and my bag still sits at ATL airport.  has now missed 10 flight opportunities from ATL to PNS\ ,"Alabama, USA"
Mon Jun 10 08:44:57 +0000 2019," He\ going jump over the island like free Willy lol'""","West View, PA"
Mon Jun 10 08:44:56 +0000 2019,"Somewhere, there is a man that is a fan of only the book of beloved musicals.'""","San Jose, CA"
Mon Jun 10 08:44:55 +0000 2019,because with charity she cooperated in the rebirth of the faithful into the Church while the latter says that the b\ ,"Washington, DC"
Mon Jun 10 08:44:55 +0000 2019," do u care who ya ex is fucking after you?'""",Starlets Gentlemen's Club
Mon Jun 10 08:44:54 +0000 2019,She keep lying on my dick she on some hoochie shit \,"Nevada, USA"
Mon Jun 10 08:44:54 +0000 2019,"Dominated Freshmen, Jv and varsity. \\n\\n#freshmen = baseline league champions \\n\\n#Sophmore= \\n#jv 9\ \\n#Varsity 12-3\ ","Rancho Cucamonga, CA"
Mon Jun 10 08:44:51 +0000 2019,#\ ,"Florida, USA"
Mon Jun 10 08:45:21 +0000 2019,Good vibes only \,"Country Club Estates, GA"
Mon Jun 10 08:45:21 +0000 2019,"somebody call me'""","New Orleans, LA"
Mon Jun 10 08:45:20 +0000 2019,Enter to Win a bottle of Colorverse Pen Chalet Monument Valley Ink #giveaway \\n ,"South Carolina, USA"
Mon Jun 10 08:45:19 +0000 2019,   This comment is equally as prick as it is hilarious &I fkn love it \,"Hilo, HI"
Mon Jun 10 08:45:18 +0000 2019,"A good night \ to my sweet king, Axl Rose ","Philadelphia, PA"
Mon Jun 10 08:45:17 +0000 2019,Damn! ,"Lake Mohegan, NY"
Mon Jun 10 08:45:17 +0000 2019," CC Z 4 y Paiz'""","Huntington Beach, CA"
Mon Jun 10 08:45:16 +0000 2019,"While I\ here, might as well share.'""","Atlanta, GA"
Mon Jun 10 08:45:16 +0000 2019, Oh my god that\ do beautiful I love purple \,"Breaux Bridge, LA"
Mon Jun 10 08:45:14 +0000 2019,"What\ sleep ?'""","Bell, CA"
Mon Jun 10 08:45:42 +0000 2019,wanna get your feelings fucked up? watch the smithereens black mirror episode. \\nwanna get more fucked up? well you\ ,"North Las Vegas, NV"
Mon Jun 10 08:45:42 +0000 2019," that\ such a good color on u???? how does someone look that good in green'""","Cottonwood, CA"
Mon Jun 10 08:45:42 +0000 2019,Ugh craving some #NachoFries someone bring me some ,"Tucson, AZ"
Mon Jun 10 08:45:42 +0000 2019,El dia de ayer got me like! Y ahora no puedo dormir \ ,"Guayama, Puerto Rico"
Mon Jun 10 08:45:41 +0000 2019," They both adore eachother and that\'s what makes their friendship so great!""'","Anaheim, CA"
Mon Jun 10 08:45:41 +0000 2019,Same fam & more ,"Fillmore, CA"
Mon Jun 10 08:45:40 +0000 2019,"Forza really said fuck it give em legos.'""","Sioux Falls, SD"
Mon Jun 10 08:45:39 +0000 2019,"Yo they shot David Ortiz! I feel the same as the DR right now'""","Rosaryville, MD"
Mon Jun 10 08:45:39 +0000 2019,Around the store nut you can also do the dishes too because that\ what working pay window consists of. If you make\ ,"Fresno, CA"
Mon Jun 10 08:45:39 +0000 2019,"'another cursed 4:45 am instagram video chat\\n ""you guys think i can be a cam girl?""\\n ""k\ ","Florida, USA"
Mon Jun 10 08:45:39 +0000 2019,The Hill: Senators take bipartisan step toward blocking Trump\'s Saudi arms sales | TheHill.\\n ,"Davie, FL"
Mon Jun 10 08:45:38 +0000 2019,Congrats my Dawg! \ ,"Blythe, CA"
Mon Jun 10 08:45:37 +0000 2019, It\ the angles \,"Los Angeles, CA"
Mon Jun 10 08:45:36 +0000 2019,I forgot to let twitter know that my mom found my fake ID a couple days ago \,"Oakland, CA"
Mon Jun 10 08:45:35 +0000 2019,Have a #fantastic #day 2 #all in the #world & #meditate with #me in ,"Houston, TX"
Mon Jun 10 08:45:35 +0000 2019," Diner soon!!!'""","Medford Lakes, NJ"
Mon Jun 10 08:45:35 +0000 2019,"Lets make some music, make some money and find some models for wife\","Riverside, CA"
Mon Jun 10 08:45:35 +0000 2019,"A genuine ray of light \ after the Tonys with my love. In black and white. \\n\  \\nHappy Tonys, Broadwa\ ",The Carlyle
Mon Jun 10 08:45:33 +0000 2019,maui is a dream ,"Kaanapali, HI"
Mon Jun 10 08:45:33 +0000 2019,Let\'s Gain Followers real fast!!\\n\\n\ RT\ RT\ RT\ RT\ ,"Miami, FL"
Mon Jun 10 08:45:33 +0000 2019,"Haven\ gone swimming in about two years and I\ real life upset about it'""","El Paso, TX"
Mon Jun 10 08:45:32 +0000 2019,"I need more carbs in my life'""","Palmdale, CA"
Mon Jun 10 08:45:32 +0000 2019, Don\ cry. Rejoice in how lucky you were to have her. \ \,"Arkansas, USA"
Mon Jun 10 08:45:31 +0000 2019,  You\'re not wrong. You just happened to stumble into a tweet full of a bunch of ultra-reactio\ ,"Marina del Rey, CA"
Mon Jun 10 08:45:30 +0000 2019,"I was listening to a peaceful piano instrumental, trying to fall asleep, when suddenly I\ hit with Ghost Division\ ","Alhambra, CA"
Mon Jun 10 08:45:27 +0000 2019,It\ the middle of the year. Gotta stick to my NY resolution. \\n-Be Healthy\\n-Lose Fat %\\n-Rely on food for vitamin &\ ,"Los Angeles, CA"
Mon Jun 10 08:45:27 +0000 2019,sometimes\\ni stay awake \\nat night \\nand wonder \\nif this is what\\nbeing alive\\nfeels like\\nwhen you wake\\nand ask\\nfor my l\ ,"Evansville, IN"
Mon Jun 10 08:45:26 +0000 2019,"Press , Press , Press , Press , Press .. Arrie Dont Need No Press !'""","Florida, USA"
Mon Jun 10 08:45:25 +0000 2019,"  August 30'""","Dana Point, CA"
Mon Jun 10 08:45:24 +0000 2019," Yes it is!'""","Pittsburgh, PA"
Mon Jun 10 08:45:24 +0000 2019,"I just wanted shadow, was that too much to ask and now im gonna get fucking banjo'""","Walkertown, NC"
Mon Jun 10 08:45:23 +0000 2019, \ pricey though \,"Los Angeles, CA"
Mon Jun 10 09:00:05 +0000 2019, *Happy Monday* Andrew! \ ,"Manhattan, NY"
Mon Jun 10 09:00:05 +0000 2019,"Wow, my Samsung Vibrant\'s battery life is spectacular under #ICS compared to #CM7. #android""'","Seattle, WA"
Mon Jun 10 09:00:05 +0000 2019,  It\ all going to depend on the revenue models for the content. It\ great for the platf\ ,"Los Angeles, CA"
Mon Jun 10 09:00:04 +0000 2019," They were watching bohemian rhapsody'""","Brooklyn, NY"
Mon Jun 10 09:00:03 +0000 2019,"Why did they have to make fallout into a battle royale. That shit is the dumbest thing I\ ever heard'""","Riverside, CA"
Mon Jun 10 09:00:03 +0000 2019,"these mosquitos are fucking me up right now'""","San Francisco, CA"
Mon Jun 10 09:00:02 +0000 2019,You know what- ,"Hayward, CA"
Mon Jun 10 09:00:02 +0000 2019," I\ going on vacation too.  Currently at BWI'""","Severn, MD"
Mon Jun 10 09:00:02 +0000 2019," thanks, Tony'""","Dana Point, CA"
Mon Jun 10 09:00:01 +0000 2019, Thank you Lisi\,"West Hollywood, CA"
Mon Jun 10 09:00:01 +0000 2019,FROM FACEBOOK: A SKATEBOARDER IS LOOKING SHIFTY. THE MORE YOU KNOW \,"Noe Valley, San Francisco"
Mon Jun 10 09:00:01 +0000 2019,"This is not normal at all'""","Washington, DC"
Mon Jun 10 09:00:01 +0000 2019,"'\ \ \ \ \    "" \ \ \ \ ""\\n\\n     \ \ \ \ \ \\n    \ \ \ \ \ \","Manhattan, NY"
Mon Jun 10 09:00:01 +0000 2019," I have been watching #FearTWD'""","Newport News, VA"
Mon Jun 10 09:00:01 +0000 2019,"I\'m at The Cedar Waxwing Estate in Sun Lakes, AZ ","Sun Lakes, AZ"
Mon Jun 10 08:59:59 +0000 2019,"I started watching #WhenTheSeeUs and honestly I don\ want to finish it. It\ makes me feel uncomfortable and uneasy.'""","Northridge, Los Angeles"
Mon Jun 10 08:59:58 +0000 2019,Only have a \ left for everyone. ,"Franconia, VA"
Mon Jun 10 08:59:57 +0000 2019,"Got bit by a spider yesterday, pretty sure it was radioactive.'""","Montclair, VA"
Mon Jun 10 08:59:57 +0000 2019, Gravy. I was forced to eat it a child and I threw up.  And to me that\'s exactly what it looks/tast\ ,"Arizona, USA"
Mon Jun 10 08:59:56 +0000 2019,#teamHuH #HumbledUnderHim #HuH ,"Green Hill, TN"
Mon Jun 10 08:59:56 +0000 2019,2am listening to jacaranda by bad gyal on loop wanting to do pendejadas but no one in LA awake rn ,"Anaheim, CA"
Mon Jun 10 08:59:56 +0000 2019,"I love myself way more than I love you.'""","Donna, TX"
Mon Jun 10 08:59:56 +0000 2019,"  Build that wall.'""","Connecticut, USA"
Mon Jun 10 08:59:55 +0000 2019,"Too busy making my own waves baby'""","Commerce City, CO"
Mon Jun 10 08:59:55 +0000 2019,"  You know that episode of Seinfeld where steinbrenner has \ breaker, love taker\ s\ ","Levittown, PA"
Mon Jun 10 08:59:55 +0000 2019,wtb one pair size 7.5-8 ,"Pennsylvania, USA"
Mon Jun 10 08:59:53 +0000 2019,2.0 ,"Beverly Hills, CA"
Mon Jun 10 08:59:53 +0000 2019,"Just posted a photo @ Southwest Ranches, Florida ","Cooper City, FL"
Mon Jun 10 09:00:27 +0000 2019,"New season of arrow is fuckin me up'""","Riverside, CA"
Mon Jun 10 09:00:26 +0000 2019,ALWAYS A HUGE SUPPORT FROM THE STAFF AT HARTFORD SQUARE. A NEIGHBORHOOD JEWEL! \\n#BEARSHIELDFORABQ ,Hartford Square
Mon Jun 10 09:00:25 +0000 2019,I love all of them- but this right here? This is GOLD. I can ***feel his smile under that mask. And because it\ Yo\ ,"Tampa, FL"
Mon Jun 10 09:00:25 +0000 2019," Pretty sure that\'s fake news. Haha""'","Adelanto, CA"
Mon Jun 10 09:00:25 +0000 2019,"i wish i could get a fucking kiss around this joint'""","Corona, CA"
Mon Jun 10 09:00:25 +0000 2019,"We guard our own lives in this bitch'""","Dilley, TX"
Mon Jun 10 09:00:24 +0000 2019,"205: How fear can stop you from being you, creating your niche and building your community  ","Palm Beach Gardens, FL"
Mon Jun 10 09:00:24 +0000 2019, Subscribed to your YouTube channel immediately after you mentioned Earthworm Jim AND Powdered Toast Man\ ,"Northglenn, CO"
Mon Jun 10 09:00:24 +0000 2019, This the right person for the job. Igbos have been senate President and Dupty since this current r\ ,"Upper Darby, PA"
Mon Jun 10 09:00:23 +0000 2019,"Sometimes I just wanna be left alone in peace. I promise you I\ not tryna be rude.'""","Georgia, USA"
Mon Jun 10 09:00:22 +0000 2019,"I was suppose to be asleep by 3, until gabe started Black Monday on our tv in the living room'""","Virginia Beach, VA"
Mon Jun 10 09:00:22 +0000 2019," I choose Playbox'""","Las Vegas, NV"
Mon Jun 10 09:00:22 +0000 2019,"This shit hurts deep in my stomach'""","Brentwood, CA"
Mon Jun 10 09:00:21 +0000 2019,   Agreed. But it\ really hard to maintain  to be top in the console race.\ ,"Aldine, TX"
Mon Jun 10 09:00:21 +0000 2019,Prayer is an Internal Activity  ,"Manhattan, NY"
Mon Jun 10 09:00:21 +0000 2019,Baseball/Softball Skills Camp      ,"Kinston, NC"
Mon Jun 10 09:00:21 +0000 2019,How to Holiday Proof Your Garden  ,"Manhattan, NY"
Mon Jun 10 09:00:18 +0000 2019,  This may be the sirens ,"Los Angeles, CA"
Mon Jun 10 09:00:18 +0000 2019,No kap lmao ,"East Cleveland, OH"
Mon Jun 10 09:00:17 +0000 2019," Let\'s make a video""'","Houston, TX"
Mon Jun 10 09:00:15 +0000 2019,FELT THIS ,"Chula Vista, CA"
Mon Jun 10 09:00:14 +0000 2019,"& i will love you to the end of time'""","Tulare, CA"
Mon Jun 10 09:00:14 +0000 2019," A man that won\ stress me mentally.. thank you'""","Chicago, IL"
Mon Jun 10 09:00:13 +0000 2019,"i was still hittin that shit tho'""","Los Angeles, CA"
Mon Jun 10 09:00:13 +0000 2019,"Nothing worse than trying to force sleep when your body refuses to shut off for the night'""","Reidland, KY"
Mon Jun 10 09:00:12 +0000 2019,  Pretty much... ,"Frisco, TX"
Mon Jun 10 09:00:12 +0000 2019,"We are trash'""","Palm Springs, CA"
Mon Jun 10 09:00:12 +0000 2019," \ ill find a way to get up to you this week'""","Anaheim, CA"
Mon Jun 10 09:00:10 +0000 2019,"03:43 Temp. 71.8\ Hum. 81%, Dewp. 64\ Bar. 30.25 inHg, Rain Today 0 inch, Wind 348\ 3.7 kn'""","Texas, USA"
Mon Jun 10 09:00:09 +0000 2019,"This is going to be so strange, but I\'m totally in to try it out. ","Pittsburgh, PA"
Mon Jun 10 09:00:09 +0000 2019,"04:51 Temp. 75.9\ Hum. 90%, Dewp. 72\ Bar. 29.95 inHg, Rain Today 0 inch, Wind 90\ 0.3 m/s  #WUTV #knchamps26 #WECTwx'""","Hampstead, NC"
Mon Jun 10 09:00:09 +0000 2019,I love you Soo much more Omega thank you ,"Baltimore, MD"
Mon Jun 10 09:00:08 +0000 2019,Everytime I call myself tryna be responsible I do some irresponsible shit\ so mad rn but I\ laughing at the sa\ ,"Garland, TX"
Mon Jun 10 09:00:06 +0000 2019,"near bsgstblender: 8ca264c1-9371-441c-9671-f74f80452cbe'""","Pittsburgh, PA"
Mon Jun 10 09:00:06 +0000 2019,Artificial love. ,"Chicago, IL"
Mon Jun 10 09:00:50 +0000 2019," You can pull off any look! You are so beautiful. Your skin is porcelain. Gorgeous!'""","Louisville, KY"
Mon Jun 10 09:00:50 +0000 2019, I\ saying \ we got this with a miche on the side \,"Sacramento, CA"
Mon Jun 10 09:00:50 +0000 2019,    Love your neighbor as yourself.\'\\nAll the Law and the Prophets h\ ,"Los Angeles, CA"
Mon Jun 10 09:00:48 +0000 2019,"i don\ like cap don\ give me none'""","Los Angeles, CA"
Mon Jun 10 09:00:48 +0000 2019,tried to steal a sensor from the store \ ,"Houston, TX"
Mon Jun 10 09:00:48 +0000 2019," I\ trying'""","McAllen, TX"
Mon Jun 10 09:00:47 +0000 2019," \ i know'""","Howell, NJ"
Mon Jun 10 09:00:46 +0000 2019,Patrick is the cutest \ He hides in his room when him roomies invite ppl over after the bars to FaceTime me. If th\ ,"Colorado, USA"
Mon Jun 10 09:00:46 +0000 2019,"     FOR SCIENCE.'""","Anchorage, AK"
Mon Jun 10 09:00:45 +0000 2019,PrimeAmerica is always hiring lmao ,"Lakewood, CA"
Mon Jun 10 09:00:44 +0000 2019,"No i didn\ go to pride this week i only went to the Long Beach one'""","Los Angeles, CA"
Mon Jun 10 09:00:43 +0000 2019,"If u not 6 ft ion wanna even wanna talk!! Where my tall black queens at!! ( coming from a short nigga )'""","San Marcos, TX"
Mon Jun 10 09:00:43 +0000 2019,"     For sure! Can\ wait!!!'""","Hickory, NC"
Mon Jun 10 09:00:43 +0000 2019," Lmao I had to delete all memories foo \ shit was not a go'""","Long Beach, CA"
Mon Jun 10 09:00:41 +0000 2019,"   Not having sufficient evidence to conclude obstruction no evidence of collusion.'""","Dover, DE"
Mon Jun 10 09:00:41 +0000 2019,"Y\ gon catch on to this new Nessly for sure'""","Boston, MA"
Mon Jun 10 09:00:41 +0000 2019,     Yeah cuz the little giants need all the help they need\ ,"Los Angeles, CA"
Mon Jun 10 09:00:41 +0000 2019, \ \ \ \ 1GB \ \ \,"Fort Collins, CO"
Mon Jun 10 09:00:40 +0000 2019,My friends and I after we had a long meeting. I am the one on the left side wearing white top close to our Saudi fl\ ,"Alexandria, VA"
Mon Jun 10 09:00:39 +0000 2019,"whats watermarks on vids ?'""","Los Angeles, CA"
Mon Jun 10 09:00:38 +0000 2019,#fairseason starts June 13 #moumothfair ,"Topsham, ME"
Mon Jun 10 09:01:10 +0000 2019,It\ 5:00am trying figure out when I\ gonna get sleepy \,"Finderne, NJ"
Mon Jun 10 09:01:10 +0000 2019,Son... 11 years... 11 ,"New Orleans, LA"
Mon Jun 10 09:01:09 +0000 2019,"a faithful person is very rare to find'""","Los Angeles, CA"
Mon Jun 10 09:01:08 +0000 2019,Closed due to accident in #Summit on Rt 261 between Home Ave and Brittain Rd #traffic ,"Akron, OH"
Mon Jun 10 09:01:08 +0000 2019,and I ... \ ,"Los Angeles, CA"
Mon Jun 10 09:01:07 +0000 2019,"Prolly why I can\ sleep'""","Flint, MI"
Mon Jun 10 09:01:07 +0000 2019,They should update their promo then. I just heard it yesterday saying \ the summer.\ It doesn\ make you old and\ ,"Manhattan, KS"
Mon Jun 10 09:01:07 +0000 2019," Nef!!!!! \ fucking world.'""","Queens, NY"
Mon Jun 10 09:01:07 +0000 2019,Jus Sum To Post... \ ,"Whittier, CA"
Mon Jun 10 09:01:07 +0000 2019," The solution is called sleep'""","San Marcos, TX"
Mon Jun 10 09:01:07 +0000 2019,"  Also, woulda been cool if the team showed up. Love you babe'""","Richmond Heights, MO"
Mon Jun 10 09:01:06 +0000 2019,"I just enjoy the flashy lights and people actting a fool at this point.'""","Enterprise, NV"
Mon Jun 10 09:01:06 +0000 2019,HUNGRY ASF TF\,"East Cleveland, OH"
Mon Jun 10 09:01:05 +0000 2019,"2:01am finally home and safe\\n\\naccidents happen, i\ thankful it\ a habit to wear seatbelts even tho i always sit a\ ","California, USA"
Mon Jun 10 09:01:04 +0000 2019,"   Story fire or Daily Motion'""","Waukegan, IL"
Mon Jun 10 09:01:04 +0000 2019,Who wants their Monday to get better? We can help with that!  Do you know what Dump Cake is? Did you know that you\ ,"Senoia, GA"
Mon Jun 10 09:01:02 +0000 2019,  Right! They\'re not mentioning the huge deficit right now;  only filling their own pockets\ ,"Bear, DE"
Mon Jun 10 09:01:02 +0000 2019,"PARKING PROBLEM at 6500 BLOCK OF SE 142ND AVE, PORTLAND, OR [Portland Police #PP19000191972] 00:03 #pdx911'""","Portland, OR"
Mon Jun 10 09:01:02 +0000 2019,"DISTURBANCE - PRIORITY at SE 102ND AVE / SE PINE ST, PORTLAND, OR [Portland Police #PP19000192082] 01:55 #pdx911'""","Portland, OR"
Mon Jun 10 09:01:01 +0000 2019," Ha. I just saw your post that they are all seals and watched the videos. Had no idea it was that massive. Thanks for posting.'""","Wisconsin, USA"
Mon Jun 10 09:01:01 +0000 2019,"Like 4 and half hours ago'""","Virginia Beach, VA"
Mon Jun 10 09:01:00 +0000 2019,"'\\\'Willow Island - Red Wing Pond\\\' - 2019\\nOil on canvas, 16""\ 20""\\n- painted at The Wildlands Conservancy, Oak Glen, CA\ ","Rialto, CA"
Mon Jun 10 09:00:59 +0000 2019," Someone please ask her if he was a born again Christian. No one has to freak out, just please ask h\ ","Vermilion, OH"
Mon Jun 10 09:00:58 +0000 2019,ITS HERE!!! Omgohmhk!! I\ not ready! ,"Houston, TX"
Mon Jun 10 09:00:57 +0000 2019,Um...what? \ ,"Honolulu, HI"
Mon Jun 10 09:00:57 +0000 2019,the real devil is whoever cut off those babies ears ,"San Diego, CA"
Mon Jun 10 09:00:56 +0000 2019,Inside Illegal  Rentals In Luxury Condo Towers  ,"Southampton, NY"
Mon Jun 10 09:00:56 +0000 2019,Oh no it\ getting light outside y todav\ ando de pendeja despierta a esta hora \,"Manhattan, NY"
Mon Jun 10 09:00:56 +0000 2019,"This week gone be some bs watch.'""","Flint, MI"
Mon Jun 10 09:00:55 +0000 2019,"Just getting back from Nashville. Fml.'""","Hopkinsville, KY"
Mon Jun 10 09:00:55 +0000 2019,ive been feeling kinda cute \ ,"San Jose, CA"
Mon Jun 10 09:00:54 +0000 2019,Bilib jud ko nimu ate Catriona smart girl \,"San Diego, CA"
Mon Jun 10 09:00:54 +0000 2019,  makes a good pt about grieving prior to moving on & it all seems really fast. It is your lif\ ,"Shady Hollow, TX"
Mon Jun 10 09:00:53 +0000 2019," Although I drove a Mustang the whole time I lived there, front or all wheel drive is essential.'""","Akron, OH"
Mon Jun 10 09:00:52 +0000 2019,"'  The UK must realize that  is Trump\\\'s Mike ""von Ribbentrop"" Pompeo and he\ ","Georgia, USA"
Mon Jun 10 09:00:51 +0000 2019,"Probably 14 years ago today toward the end of 4th grade, at Newport Heights Elementary School.\\n\\n#bestoftheday\ ","Costa Mesa, CA"
Mon Jun 10 09:00:39 +0000 2019,Exactly ,"Raytown, MO"
Mon Jun 10 09:15:08 +0000 2019,#2hansum #barbershop #logo\\n\\nThis Tuesday I finally get the contractors to walk the spot.  I\'m super pumped as they\ ,"Nevada, USA"
Mon Jun 10 09:15:07 +0000 2019,"The homeowner is listed as a John Ciskiewic, unsure of relation to Michael J. Ciskiewic.  ","Niagara Falls, NY"
Mon Jun 10 09:15:06 +0000 2019,"near bsgstblender: cc172c88-0af3-44b9-9f2b-9e5c685fd585'""","Pittsburgh, PA"
Mon Jun 10 09:15:06 +0000 2019,You not \ ion even cry for tv but this ...... hit different. ,"Mississippi, USA"
Mon Jun 10 09:15:05 +0000 2019,2000 43rd Avenue ,"San Francisco, CA"
Mon Jun 10 09:15:05 +0000 2019,Pulled an A level Marketing paper out of my arse at 5 AM on Monday Morning\\n\\nMy professor at 8 AM when he reads this: ,"Gibsonia, FL"
Mon Jun 10 09:15:04 +0000 2019,"1.8 magnitude #earthquake. 9 km from Cobb, CA, #UnitedStates ","California, USA"
Mon Jun 10 09:15:04 +0000 2019,"There\'s something I love about seeing the sunrise\'s yellow light coming in via my window.""'","Seattle, WA"
Mon Jun 10 09:15:04 +0000 2019," Ka pow!'""","Troy, NY"
Mon Jun 10 09:15:04 +0000 2019,UNDERCOVER   ,Denver Coliseum
Mon Jun 10 09:15:03 +0000 2019," Well then you aren\ pregnant! Congratulations! Those are the rules!'""","Davis, CA"
Mon Jun 10 09:15:03 +0000 2019,"  They killed him'""","Sandusky South, OH"
Mon Jun 10 09:15:02 +0000 2019," really be looking out though!!'""","Cheektowaga, NY"
Mon Jun 10 09:15:02 +0000 2019,"SUSPICIOUS SUBJ, VEH, OR CIRCUMSTANCE at 2800 BLOCK OF SE 87TH AVE, PORTLAND, OR [Portland Police #PP19000192079] 02:10 #pdx911'""","Portland, OR"
Mon Jun 10 09:15:02 +0000 2019,I guess I\ drop a vlog if ya want it ,"Atlanta, GA"
Mon Jun 10 09:15:01 +0000 2019,I say brother to everyone pretty frequently so this makes me feel bad lmfao sorry man ,"Red Hill, SC"
Mon Jun 10 09:15:00 +0000 2019,"The itis will humble your plans real quick.'""","Westminster, CA"
Mon Jun 10 09:14:58 +0000 2019," How did you get clowned???'""","Whittier, CA"
Mon Jun 10 09:14:58 +0000 2019," If I were President, I would let all of the Oppressed and Suffering People in and Legalize them so they co\ ","Fort Worth, TX"
Mon Jun 10 09:14:57 +0000 2019, Prayers \,"Texas, USA"
Mon Jun 10 09:14:57 +0000 2019,"   Obama was more than a beast...'""","Houston, TX"
Mon Jun 10 09:14:56 +0000 2019,"Wolvennest - Spirit Of The Black Wolven Dogs And The Wild White Horses  via  this actually:'""","Fairhaven, MA"
Mon Jun 10 09:14:55 +0000 2019, This is false ,"Frisco, TX"
Mon Jun 10 09:14:54 +0000 2019," Ummmmm'""","Bronx, NY"
Mon Jun 10 09:14:54 +0000 2019,"There\ gotta be a market for this.\\nA service I can provide to write speeches litered with witty call backs, tastef\ ","Los Angeles, CA"
Mon Jun 10 09:14:54 +0000 2019,"Time for a shift. I\ about to change the world, watch!'""","Oakland, CA"
Mon Jun 10 09:14:53 +0000 2019,"A hailstorm knocked out power in Dallas for 14 hours and I demand answers about who\'s responsible for this weather!""'","Dallas, TX"
Mon Jun 10 09:14:53 +0000 2019,"i\ gonna cry'""","Edgewater, FL"
Mon Jun 10 09:14:53 +0000 2019, Buen d\ Pipo!!!! \,"Vallejo, CA"
Mon Jun 10 09:14:52 +0000 2019,"Trump claims huge Mexico win, critics say it\'s a mirage\\n\\n","Maryland City, MD"
Mon Jun 10 09:14:51 +0000 2019," WHY ISNT IT ON APPLE MUSIC YET'""","Indianapolis, IN"
Mon Jun 10 09:14:51 +0000 2019,Currently ,"Douglas, AZ"
Mon Jun 10 09:14:49 +0000 2019,"2016 music really hit different'""","Sugar Land, TX"
Mon Jun 10 09:14:49 +0000 2019,"If you don\ have baby mama drama good for you,but stfu & don\ speak for the baby daddies that do okay? Give it a\ ","Orange, CA"
Mon Jun 10 09:14:49 +0000 2019,"I woke up hating everyone again'""","Bethlehem, PA"
Mon Jun 10 09:14:48 +0000 2019," Don\ click that!  Not good'""","Mississippi, USA"
Mon Jun 10 09:14:48 +0000 2019,"   How do you make those masks'""","Pollock Pines, CA"
Mon Jun 10 09:14:48 +0000 2019,   When I was a little guy I was taught that carbon was the basis for all\ ,"Meridian, CO"
Mon Jun 10 09:14:48 +0000 2019,ALL of em! ,"Mount Pleasant, SC"
Mon Jun 10 09:14:47 +0000 2019,"#zLoL @ New York, New York ","Manhattan, NY"
Mon Jun 10 09:14:46 +0000 2019," I love Brainy!'""","Lakeside, FL"
Mon Jun 10 09:14:45 +0000 2019, If you want it changed call your hero the king of Tweets. He\  make sure that it the algorithm knows who\ ,"Florida, USA"
Mon Jun 10 09:14:44 +0000 2019,"'When Jesus saw His mother and the disciple there whom He loved,\\nHe said to His mother, ""Woman, behold, your son."" T\ ","Erie, PA"
Mon Jun 10 09:14:44 +0000 2019,Totally random but was asleep and woke up in a panic remembering I had jury duty today. I got on the website so fas\ ,"Fresno, CA"
Mon Jun 10 09:14:43 +0000 2019,"Dallas is starting to feel a lot like Houston right now & I\ just thinking about where I wanna move to lol fuck Houston'""","Mesquite, TX"
Mon Jun 10 09:14:42 +0000 2019,5am workout \,"Atlanta, GA"
Mon Jun 10 09:14:42 +0000 2019,YO!!!! Utopia is going to be a non stop repeat for me!\,"Houston, TX"
Mon Jun 10 09:14:42 +0000 2019," God Bless You.'""","North Carolina, USA"
Mon Jun 10 09:14:42 +0000 2019,When is straight month? It\ only fair \,"Victorville, CA"
Mon Jun 10 09:14:42 +0000 2019,"'Look... if there\\\'s EVER been something called an ""empty death threat""\\n- it\\\'s the ones you receive from a Beyonce fa\ ","Cinco Ranch, TX"
Mon Jun 10 09:14:41 +0000 2019," This is tough. I gave up a long time ago and didn\'t bother spending $20 for a mediocre haircut at a local barbershop since then.""'","Pullman, WA"
Mon Jun 10 09:14:40 +0000 2019,Happy Birthday slime ball ,"Evansville, IN"
Mon Jun 10 09:14:40 +0000 2019,   I remember that - there you are raising your hand. #CLUS ,"Sanatoga, PA"
Mon Jun 10 09:14:40 +0000 2019, This should never happen in a public place in USA \,"Sumter, SC"
Mon Jun 10 09:14:39 +0000 2019,"tangina naman bat mo ko ginaganito?'""","Moreno Valley, CA"
Mon Jun 10 09:14:39 +0000 2019,"Closed due to flooding: alt: hwy 98 in #WakeForest on Louisburg Rd Both NB/SB between Barham Siding Rd and Hwy 98 #traffic'""","North Carolina, USA"
Mon Jun 10 09:14:38 +0000 2019,I\ got a big week at work. We\ got groups of volunteers committed to 4 days of helping seniors across Indy. I\ ,"Lawrence, IN"
Mon Jun 10 09:14:38 +0000 2019," Even more perfect if it were pounding my ass into a mattress somewhere.'""","Tampa, FL"
Mon Jun 10 09:14:36 +0000 2019,Start my workout with 1 hour 10 min on the stair climber before starting my strength training workout. #nolimits\ ,"Mooresville, NC"
Mon Jun 10 09:14:36 +0000 2019, Hi Bill. ,"Portland, OR"
Mon Jun 10 09:14:35 +0000 2019,"This week\'s recent developments are the reason for my post 3AM tweets #TeamNoSleep #NoSleepNoSleep""'","St Peters, MO"
Mon Jun 10 09:14:35 +0000 2019,"As soon as u nice to someone... \ smh why do I even'""","North Miami, FL"
Mon Jun 10 09:14:34 +0000 2019,Tap in wit my boy whores ,"Houston, TX"
Mon Jun 10 09:14:34 +0000 2019,"Hungry'""","Flint, MI"
Mon Jun 10 09:14:34 +0000 2019,Nccu.... got the mf pieces do you hear me \,"Greensboro, NC"
Mon Jun 10 09:14:34 +0000 2019,Just posted a photo @ Pappy & Harriet\'s ,"California, USA"
Mon Jun 10 09:14:33 +0000 2019,"Dan Larimer Interview: EOS 2.0, Voice Launch, EOSVM, WebAuthn, WebAssembly  via ","Brooklyn, NY"
Mon Jun 10 09:14:32 +0000 2019,I just #ResQwalked 10.42 mi in support of   ,"Athens, GA"
Mon Jun 10 09:14:32 +0000 2019,#Godisourstrength #GodIsGood ,"Oshkosh, WI"
Mon Jun 10 09:14:31 +0000 2019,"  You know a lot. But you are liars. Going down creepy swamp politician #gotohell'""","Sandusky South, OH"
Mon Jun 10 09:14:31 +0000 2019," Ah dang that stinks.Who was the band?'""","Lubbock, TX"
Mon Jun 10 09:14:30 +0000 2019,lmfao THANK YOU this was encouraging \ ,"Pueblo, CO"
Mon Jun 10 09:14:28 +0000 2019, \ \ \ \ \ \ \ \ \ \ \ \ \ \ \ \ \ \ \ \ \ \ \ \ \ \ ,"Absecon, NJ"
Mon Jun 10 09:14:28 +0000 2019,Can y\ not? Why do my followers come up as these numbers. I think this is the second time. I know it goes up and\ ,"El Monte, CA"
Mon Jun 10 09:14:27 +0000 2019,"   You meant to say Trump and  STOLE IT, didn\'t you? ","Georgia, USA"
Mon Jun 10 09:14:27 +0000 2019,"I\'m at  in Camp Hill, PA ","Lower Allen, PA"
Mon Jun 10 09:14:27 +0000 2019,"Monday morning just snuck up outta nowhere'""","Fremont, OH"
Mon Jun 10 09:14:26 +0000 2019,"Nigga didn\ wanna come to work this morning'""","Metairie, LA"
Mon Jun 10 09:14:26 +0000 2019,it was first in Egyptian times and even King Henry the 8th used it for medical purposes ,"Las Vegas, NV"
Mon Jun 10 09:14:26 +0000 2019, The Adventures of Buckaroo Banzai Across the Fifth Dimension ,"Brooklyn, NY"
Mon Jun 10 09:14:25 +0000 2019," Expose the agency'""","New Jersey, USA"
Mon Jun 10 09:14:24 +0000 2019,This man stay Cappin about his dick. It\ not that big and it\ not that good and I really want him to stop lying o\ ,"Unionville, GA"
Mon Jun 10 09:14:24 +0000 2019,"I\ never forget the time someone on twitter said they needed dick in theory and someone replied to it saying they needed it in practice'""","Manhattan, NY"
Mon Jun 10 09:14:24 +0000 2019, Thank ya much Andrew! \ ,"Manhattan, NY"
Mon Jun 10 09:14:23 +0000 2019,"I AM PRESSED RN'""","Chicago, IL"
Mon Jun 10 09:14:21 +0000 2019," 7 days a week up at 4am central time farm life is grand'""","Tennessee, USA"
Mon Jun 10 09:14:20 +0000 2019,"   Same I am confusion'""","Florida, USA"
Mon Jun 10 09:14:19 +0000 2019,"  Your favorite place'""","Severn, MD"
Mon Jun 10 09:14:19 +0000 2019,She was TIEEEDDD \ ,"Thomasville, GA"
Mon Jun 10 09:14:18 +0000 2019,"   Eww is that him?!!'""","Mount Kisco, NY"
Mon Jun 10 09:14:17 +0000 2019,Que bochorno de legislador ,"Oriente, Puerto Rico"
Mon Jun 10 09:14:16 +0000 2019,Former Boston Red Sox star David Ortiz shot in the Dominican Republic\\n\\n,"Maryland City, MD"
Mon Jun 10 09:14:15 +0000 2019,"  Hello how are you'""","Dracut, MA"
Mon Jun 10 09:14:15 +0000 2019,"I LET HIM TASTE THE PUSSY NOW HE ACTING ALL DELIRIOUS'""","North Miami, FL"
Mon Jun 10 09:14:15 +0000 2019,Do you even know what a drone is lmaooo ,"Anaheim, CA"
Mon Jun 10 09:14:14 +0000 2019,"For those of you still up or getting up, the Monday Boneyard is already on iTunes, google play, stitcher, spotify e\ ","Mississippi, USA"
Mon Jun 10 09:14:14 +0000 2019,I only miss sports ,"Patterson, LA"
Mon Jun 10 09:14:13 +0000 2019,"Already ready for today to be over and it\ only 5:15am.'""","Kentucky, USA"
Mon Jun 10 09:14:11 +0000 2019,It ain\ Sansa\ fault. ,"Bowie, MD"
Mon Jun 10 09:14:11 +0000 2019," Alright unc'""","Oklahoma City, OK"
Mon Jun 10 09:14:10 +0000 2019, Yes of course! AND! Adam Ant wrote a song about you \,"Olathe, KS"
Mon Jun 10 09:14:10 +0000 2019,"ATTENTION: Hey people,,,, anyone wondering what type of TWIT monitors that Twitter hires to govern/control us,,,,,\ ","Maine, USA"
Mon Jun 10 09:14:10 +0000 2019," I am not deceived by a corporate agenda, I just think you\'re making a hasty generalization by pain\ ","Texas, USA"
Mon Jun 10 09:14:09 +0000 2019,  \ for him. \ I took this photo in Tampa in 2014. ,"Illinois, USA"
Mon Jun 10 09:14:09 +0000 2019,Wow  slick 1960\ Russian spy car \  spotted at the Americana in Glendale... ,Tesla Store Americana
Mon Jun 10 09:14:09 +0000 2019, Congrats champ  \,"Atlanta, GA"
Mon Jun 10 09:14:07 +0000 2019,Man... ,"Lemoore, CA"
Mon Jun 10 09:14:07 +0000 2019,"  Your cat will plot your demise'""","Houston, TX"
Mon Jun 10 09:14:06 +0000 2019," Is ES\ plan to enter the streets and strip the gangs and criminals of their guns?  He better bring Batman with him.'""","Delaware, USA"
Mon Jun 10 09:14:06 +0000 2019,Accident on I-10 WB near Prince Rd #traffic ,"Tucson, AZ"
Mon Jun 10 09:14:06 +0000 2019,FucK YES!!!! \ ,"Florida, USA"
Mon Jun 10 09:14:05 +0000 2019,"My fucking cousins are drunk as fuck! I cant leave until they playing.... I\'m ready to go""'","Berkeley, CA"
Mon Jun 10 09:14:04 +0000 2019, #AA4105 on  \ #FlyingMistress  -  ,Gate 5
Mon Jun 10 09:14:03 +0000 2019,"Def just woke up from a 12 hour nap I feel goooooddd son'""","Elkhart, IN"
Mon Jun 10 09:14:03 +0000 2019,Monday\ Prayer: Thank You for another blank canvas called today. Let us create a masterpiece with our brushstrokes\ ,"Madison, MS"
Mon Jun 10 09:14:02 +0000 2019,"USGS reports a M1.75 #earthquake 7km NW of The Geysers, CA on 6/10/19 @ 9:10:36 UTC  #quake'""","California, USA"
Mon Jun 10 09:14:02 +0000 2019,"USGS reports a M0.52 #earthquake 3km NW of The Geysers, CA on 6/10/19 @ 9:10:59 UTC  #quake'""","California, USA"
Mon Jun 10 09:14:02 +0000 2019,Hands down my favorite thing...Crawling in bed with Sheldon and him instantly wrapping his arms around me. Makes me melt every time\,"Claremore, OK"
Mon Jun 10 09:14:01 +0000 2019,"  Lmao vsauce'""","Pollock Pines, CA"
Mon Jun 10 09:14:00 +0000 2019,"If you\'re looking for work in #LakeMary, FL, check out this job:  #Engineering""'","Lake Mary, FL"
Mon Jun 10 09:14:00 +0000 2019, Yes\,"Yukon, OK"
Mon Jun 10 09:13:59 +0000 2019,Here\ a fun game: Name 1 issue where Joe Manchin holds an authentically Warren-esque (not even Sanders-esque) posi\ ,"Dallas, TX"
Mon Jun 10 09:13:57 +0000 2019,"   The battle has just begun, this will be fought until the bitter end. ","Georgia, USA"
Mon Jun 10 09:13:57 +0000 2019,"U NIGGAS WEAK IS U SERIOUS'""","North Miami, FL"
Mon Jun 10 09:13:56 +0000 2019, my birthday is coming up in 5 months. I know what  is giving me for my birthday \,"El Segundo, CA"
Mon Jun 10 09:13:56 +0000 2019,We got to be the king and queen of Citricos for the evening on our anniversary a couple of days ago. Can\ believe\ ,"Florida, USA"
Mon Jun 10 09:13:56 +0000 2019," No worries no worries! You missed a fun one today though!'""","Ohio, USA"
Mon Jun 10 09:13:55 +0000 2019,"   His comment was not mean.  It was accurate.'""","Bear, DE"
Mon Jun 10 09:13:55 +0000 2019,"why am i up?'""","Coral Gables, FL"
Mon Jun 10 09:13:55 +0000 2019," YALL ARE SO CUTE YOU HAD SO MUCH FUN IM IN LOVE'""","Indianapolis, IN"
Mon Jun 10 09:13:55 +0000 2019,I\ been awake and in non-stop mode for 20 hours now - but today was one of the best days of my life.  \\n\\nI\ inspi\ ,"Los Angeles, CA"
Mon Jun 10 09:13:54 +0000 2019,Nothing better than old school homemade buttermilk pancakes \\n#oldschoolsoulfood #pancakes #homemadepancakes @ City\ ,"Houston, TX"
Mon Jun 10 09:13:54 +0000 2019,Officially on the road to Bonnaroo \,"California, USA"
Mon Jun 10 09:13:53 +0000 2019," Both - the left one for my mouth, the right for my boy hole!'""","Tampa, FL"
Mon Jun 10 09:13:53 +0000 2019,People tell you one thing then switch it up the next day \,"Avondale, AZ"
Mon Jun 10 09:13:52 +0000 2019,"I thought our power went out because of the overuse of air conditioners in the hood, like last year-but this map sh\ ","Los Angeles, CA"
Mon Jun 10 09:13:52 +0000 2019, Lmao wow Patrick.\\nI- ,"Chicago, IL"
Mon Jun 10 09:13:52 +0000 2019,"   Super!  I\ see you there! \ This year it\ actually in NYC, instead of Newark NJ....\ ","Brooklyn, NY"
Mon Jun 10 09:13:51 +0000 2019,Bize her \ serbest... ,"Garfield, MI"
Mon Jun 10 09:13:51 +0000 2019,"Should I put up all the pics of taken over the past 3 yrs?'""","Boston, MA"
Mon Jun 10 09:13:50 +0000 2019,"Tranquila que \ no lo va a saber.'""","Buena Park, CA"
Mon Jun 10 09:13:50 +0000 2019,The   ,"St Paul, MN"
Mon Jun 10 09:13:50 +0000 2019, really \,"Atlanta, GA"
Mon Jun 10 09:13:49 +0000 2019,Happy for you but miss you in Orlando  !! Best of luck... ,"Orlando, FL"
Mon Jun 10 09:13:47 +0000 2019,"  Well said!!!'""","Houston, TX"
Mon Jun 10 09:13:47 +0000 2019, Good morning Matt! Just a spectacular 3 day stretch of weather Friday thru Sunday! Stoneham OBS at 5\ ,"Woburn, MA"
Mon Jun 10 09:13:46 +0000 2019, Becky I\'m all for social programs and things that give both practical application but to a form of tr\ ,"Yuma, AZ"
Mon Jun 10 09:13:46 +0000 2019," Like a third grader.'""","Saco, ME"
Mon Jun 10 09:13:45 +0000 2019,"  Bicycle mobility'""","Sioux Falls, SD"
Mon Jun 10 09:13:45 +0000 2019,"Wellllll I\ on  if anyone\ down to squad up and hit some strongholds, dailies, missions, and overall j\ ","Ocean Pointe, HI"
Mon Jun 10 09:13:44 +0000 2019,Allergies season sucks \,"Milwaukee, WI"
Mon Jun 10 09:13:44 +0000 2019, - not planning any trips to the Dominican Republic for a while!  4 dead Americans!? Too dangerous. It sou\ ,"Mount Juliet, TN"
Mon Jun 10 09:13:43 +0000 2019,"Lil trouble no Big trouble'""","Huntington, WV"
Mon Jun 10 09:13:43 +0000 2019,"Just posted a photo @ Raymond, Mississippi ","Raymond, MS"
Mon Jun 10 09:13:43 +0000 2019,"can\ sleep..'""","Las Vegas, NV"
Mon Jun 10 09:13:41 +0000 2019, God sent \,"Richmond, VA"
Mon Jun 10 09:13:41 +0000 2019,They dropped not one but two amazing music videos \ #ATEEZ #ATEEZComeback ,"Macon, GA"
Mon Jun 10 09:13:40 +0000 2019," we need to pass a bill saying anyone running for president HAS to have a background check and criminal check'""","Illinois, USA"
Mon Jun 10 09:13:39 +0000 2019,Baby this is an Awesome loaded baked potato \ bacon and cheese \ on the inside what more do you want\ ,"Brooklyn, NY"
Mon Jun 10 09:13:39 +0000 2019,Remnants of Times Past\\n.\\n.\\n.\\n#justgoshoot #picoftheday #photogram #photography #composition #instaphoto\ ,"Brooklyn, NY"
Mon Jun 10 09:13:39 +0000 2019,"Hate when I wake up to use the bathroom or get something to drink. And fucc around and get up here. And don\ end up going bacc to sleep'""","Darlington, SC"
Mon Jun 10 09:13:39 +0000 2019,Everything\ gonna be ok \,"Plano, TX"
Mon Jun 10 09:13:37 +0000 2019, I try to only have heroes I\'ve met. Even then they dissapoint on occasion. But if they do heroic ac\ ,"El Sobrante, CA"
Mon Jun 10 09:13:37 +0000 2019,I\'m NOT EVEN GOIN TO LIE\ NOT FAMILIAR WITH THE #COLLEGEWORLDSERIES FORMAT BUT WHEN DO I HOP ON THIS\ ,"Detroit, MI"
Mon Jun 10 09:13:36 +0000 2019,#ChicagoIsDope\\n#DeltaSigmaTheta \\n#AlphaphiAlpha\\n#NPHC #Chicago @ Calumet Park Beach ,"Chicago, IL"
Mon Jun 10 09:13:35 +0000 2019, I follow many Congressional DRMs on Twitter & get recommended to follow you and other Republicans all the\ ,"Durham, NC"
Mon Jun 10 09:13:35 +0000 2019,"   He needs to look in a mirror. His actions sre the epitome of obnoxious behavior.'""","Long Beach, CA"
Mon Jun 10 09:13:34 +0000 2019,Congratulations to bro \ happy for you fam ,"Wilmington, OH"
Mon Jun 10 09:13:34 +0000 2019,"My baby keeps moving go yo ass to sleep'""","Mooresville, NC"
Mon Jun 10 09:13:33 +0000 2019,"'I watched 1. It was recommended by a friend (w/a sense of humor) We all kept saying ""surely something good is gonna\ ","Fussels Corner, FL"
Mon Jun 10 09:13:33 +0000 2019, I\ willing to bet Tom at least knows which for of the word \ to use \,"West Dennis, MA"
Mon Jun 10 09:13:32 +0000 2019,Fuck my life lmao ,"Houston, TX"
Mon Jun 10 09:13:32 +0000 2019,Late night writing hours \,"Tucson, AZ"
Mon Jun 10 09:13:31 +0000 2019,"  No'""","Pollock Pines, CA"
Mon Jun 10 09:13:31 +0000 2019,I remember looking at the clock 5 minutes ago and it reading it was midnight. where tf the time go!? #FinalsWeek ,Charles E. Young Research Library
