Date,Tweet
Date,eet',Country
Sat May 25 17:52:59 +0000 2019,"It\ a damn shame that  was cancelled, because \ Morning, 8 AM\ was easily one of the best episod\ ","West Hollywood, CA"
Sat May 25 17:52:59 +0000 2019," Screw um...'""","Virginia, USA"
Sat May 25 17:52:59 +0000 2019,I just right now understood lil Wayne\ lyric \ g\ move in silence like lasagna\ I thought he meant if you til\ ,"Austin, TX"
Sat May 25 17:52:59 +0000 2019,The Historic Lighthouse and LightKeeper\ Cottage are open for 10a and 1p tours during Memorial Day weekend \ ,"Key Biscayne, FL"
Sat May 25 17:52:59 +0000 2019,5-1 Mercer at end of 1st\\n\\n-Schiller with 6 saves for Bellevue but Mercer offense too potent\\n\\n-Dunbar winning 3 face\ ,"Tukwila, WA"
Sat May 25 17:52:59 +0000 2019,Please support my GoFundMe campaign:   ,"Manhattan, NY"
Sat May 25 17:52:59 +0000 2019,"Oop! you better watch my shoes boo boo @ St. George, Utah ","St George, UT"
Sat May 25 17:52:59 +0000 2019,"N%*** LIE BAD'""","Pompano Beach, FL"
Sat May 25 17:52:59 +0000 2019,Just posted a photo @ North Collier Regional Park - Soccer Fields ,"Florida, USA"
Sat May 25 17:52:59 +0000 2019, Always great to see you too Brandon!  I don\ know if anyone who is more proud of where they\ fro\ ,"Ardmore, OK"
Sat May 25 17:52:59 +0000 2019,"   Yes, and this link starts play at the end of it. You can listen from the 1 minute mark to hear it.'""","Santa Clara, CA"
Sat May 25 17:52:59 +0000 2019,"Aladdin was perfect tbqh'""","Orange Park, FL"
Sat May 25 17:52:58 +0000 2019, updates the Whiteboard App for  Hub and  users on  Windows@ 10 and  iOS devices - ,"Roseville, MI"
Sat May 25 17:52:58 +0000 2019, L \,"Metairie, LA"
Sat May 25 17:52:58 +0000 2019," Number 4 is the BEST BEER EVER!  Nice Call!'""","Pennsylvania, USA"
Sat May 25 17:52:58 +0000 2019," I did these earlier this week. Still feeling it. Doing kickboxing now.'""","Washington, DC"
Sat May 25 17:52:58 +0000 2019,Latest Stories:       Denver Zoo mandrill troop welcomes first baby in more than two decades; birth adds to vulnera\ ,"Lorain, OH"
Sat May 25 17:52:58 +0000 2019,"  Estupidos deseos que tiene el presidente que emana odio sin l\ contra el pueblo...BOLIVIA DIJO NO...'""","Annandale, VA"
Sat May 25 17:52:58 +0000 2019,"Actually, not THAT surprising... #PutinsGOP #TrumpRussiaConspiracy #TrumpIsPutinsPuppet ","Fountainebleau, FL"
Sat May 25 17:52:58 +0000 2019,"Don\ miss this incredibly diverse lineup from the #Pgh music scene TONIGHT at howlers_pgh \\n\\n ,kingc\ ","Pittsburgh, PA"
Sat May 25 17:52:58 +0000 2019," Lmaoo please see following replies about Pisces'""","Los Angeles, CA"
Sat May 25 17:52:58 +0000 2019, Yes it is ,"Stafford Springs, CT"
Sat May 25 17:52:57 +0000 2019,"i ripped my nose ring out by accident that shit hurt'""","Texas, USA"
Sat May 25 17:52:57 +0000 2019,"why is the oregonian running an associated press story on hate in the pnw. like, dont they have people on this?'""","Portland, OR"
Sat May 25 17:52:57 +0000 2019, I would love to be considered for your pr team!! ,"Pico Rivera, CA"
Sat May 25 17:52:57 +0000 2019,It\ 102 degrees in Jacksonville right now?? ,"Florida, USA"
Sat May 25 17:52:57 +0000 2019,,"Parkland, FL"
Sat May 25 17:52:57 +0000 2019,Warren\'s Caitlyn Britton ready to fire first pitch vs. Grayslake North. ,"Gages Lake, IL"
Sat May 25 17:52:57 +0000 2019, The thought of red beans and rice \ ,"Southaven, MS"
Sat May 25 17:52:57 +0000 2019,Had fun playing #paintball with  Damn if it wasn\ 7th level of hell hot though! #FortStewart #Georgia ,Holbrook Pond Outdoor Recreational Area
Sat May 25 17:52:57 +0000 2019,"my diet currently consists of mac and cheese. pls send food'""","Florida, USA"
Sat May 25 17:52:57 +0000 2019,"Me: outfit ready n everythang \\n\\nMy uncle: don\'t forget you have to wear a puletasi to do the sua.... \\n\\nMy nigggggaaaaa""'","San Francisco, CA"
Sat May 25 17:52:57 +0000 2019,Okay but why are people coming for  and his gig? He is one of the most iconic psychics out there  and yo\ ,"Portland, ME"
Sat May 25 17:52:57 +0000 2019," That\ true and it\ also delicious'""","Durham, NC"
Sat May 25 17:52:57 +0000 2019,Celtics ,"Inglewood, CA"
Sat May 25 17:52:56 +0000 2019,Stop slut shaming ,"Hanford, CA"
Sat May 25 17:52:56 +0000 2019,"I kind of don\ want to go to this party anymore but I already bought a gift :('""","Riverside, CA"
Sat May 25 17:52:56 +0000 2019,LMAO yess ,"Owings Mills, MD"
Sat May 25 17:52:56 +0000 2019,"    The push will be unnecessary'""","Cumberland Center, ME"
Sat May 25 17:52:56 +0000 2019,Lol. ,"Washington, DC"
Sat May 25 17:52:56 +0000 2019,"   I was gonna say the same. I still have a few more days to be a lazy a-hole lol'""","Lake Katrine, NY"
Sat May 25 17:52:56 +0000 2019," At least there was somewhere open and you weren\ stranded all day!'""","Pittsburgh, PA"
Sat May 25 17:52:56 +0000 2019,    Oh true!!! For some reason I thought it was a 4 drop.... whoop\ ,"Basking Ridge, NJ"
Sat May 25 17:52:55 +0000 2019, Make my day. Follow? :)\,"Florida, USA"
Sat May 25 17:52:55 +0000 2019,You know I been on that WAB. ,"Tennessee, USA"
Sat May 25 17:52:55 +0000 2019,"It\'s 12 o\'clock somewhere.. @ Arrow Rock, Missouri ","Missouri, USA"
Sat May 25 17:52:55 +0000 2019,"or even just off work'""","Ozark, MO"
Sat May 25 17:52:55 +0000 2019,As a kid my father laced me and my two brothers with all the fresh kicks....I fell in love with sneakers and am so\ ,"Johnson City, TN"
Sat May 25 17:52:55 +0000 2019,The #Indy500 is here!! Check out what the drivers are saying about the #Firestone race tires for the 103rd Running!\ ,"Speedway, IN"
Sat May 25 17:52:55 +0000 2019," Low cost at home Depot. Preferably built'""","Treasure Island, FL"
Sat May 25 17:52:55 +0000 2019,"  Bingo, then the clueless will hear that audio on Schiff for the first time from \ ","Apple Valley, OH"
Sat May 25 17:52:55 +0000 2019," Yeah, I\ planning on ordering it through Bleacher Report. Are you?'""","Celebration, FL"
Sat May 25 17:52:55 +0000 2019,"I love  an UNHEALTHY amount and my paycheck is going to his gloss\ I know it.'""","Painesville, OH"
Sat May 25 17:52:55 +0000 2019,"Interested in a job in #Syracuse, NY? This could be a great fit:  #Clerical'""","Syracuse, NY"
Sat May 25 17:52:55 +0000 2019, \,"North Miami Beach, FL"
Sat May 25 17:52:55 +0000 2019," \ y deseo que esto que est\ pasando pronto sea solo un mal recuerdo , cu\ mucho y feliz s\ ,!!'""","Rialto, CA"
Sat May 25 17:52:54 +0000 2019,Inks done for my day of the dead sketch at the  I can\ lie. I took a high res picture on my i\ ,Riverside Arts Market
Sat May 25 17:52:54 +0000 2019,"Se me hace que llegamos demasiado tarde uno a la vida del otro.'""","Los Angeles, CA"
Sat May 25 17:52:54 +0000 2019,"I brought enough food to work to last me my entire 8 hour shift but I\ already eaten it all and I\ only 50 minutes in'""","Provo, UT"
Sat May 25 17:52:54 +0000 2019," Given how important intelligence is for social status (dominance & prestige hierarchies), it kinda\ ","Wisconsin, USA"
Sat May 25 17:52:54 +0000 2019," Lowkey it\ fun i just suck lol'""","Chandler, AZ"
Sat May 25 17:52:54 +0000 2019,"  That\'s not the issue, the issue is using quotes from another media outlet that you happen\ ","Cheyenne, WY"
Sat May 25 17:52:54 +0000 2019,"'Have you ever had a role like ""Retail Store Associate""? What did you like most about that job? #Retail #Norton, OH\''","Norton, OH"
Sat May 25 17:52:54 +0000 2019,Day drinking. ,Red Robin Gourmet Burgers
Sat May 25 17:52:54 +0000 2019,"  \ I only have a box turtle shell and a raccoon skull now, but if I happen upon others I shall consider'""","Florida, USA"
Sat May 25 17:52:54 +0000 2019,"'If jobs with titles like ""Recruiting Manager"" sound appealing to you, follow us to hear about these types of opport\ ","Kahului, HI"
Sat May 25 17:52:53 +0000 2019,Looking to score a job at CoreCivic? You\'re in luck. Click the link in our bio for the job description and informat\ ,"Colorado, USA"
Sat May 25 17:52:53 +0000 2019,Don\ sleep on my man! Make sure to go check out his track!\,"Los Angeles, CA"
Sat May 25 17:52:53 +0000 2019," Awwwwwww'""","College Station, TX"
Sat May 25 17:52:53 +0000 2019,"Please let me know if your mouth is watering after seeing these bomb ass cookies \ @ Hinesburg, Vermont ","Vermont, USA"
Sat May 25 17:52:53 +0000 2019,"I\'m at St. Augustine Distillery in St Augustine, FL ","St Augustine, FL"
Sat May 25 17:52:53 +0000 2019,"     Kyrie could end up being \ but giving D Wade the credit he\ due right now'""","Solon, OH"
Sat May 25 17:52:53 +0000 2019,"See our latest Minneapolis, MN #internship job opportunity and click the link in our bio to apply: Retail Warehouse\ ","Minneapolis, MN"
Sat May 25 17:52:53 +0000 2019," You\'re a good man, thanks for your hard work.""'","Calabasas, CA"
Sat May 25 17:52:53 +0000 2019,Happy #NationalWineDay from #LoveUrVacay. Hope your enjoying a nice bold red \ ,"West Orange, NJ"
Sat May 25 17:52:53 +0000 2019,Hang em out to dry Mr. President!!!! It\ DUE TIME WE ARREST THE LIBERAL PIGS WHO SPIED ON YOU SIR!!! CHOKE EM OUT\ ,"New York, USA"
Sat May 25 17:52:53 +0000 2019,"We\'re hiring! Click to apply: Pharmacy Technician -  #Healthcare #Marion, IN""'","Marion, IN"
Sat May 25 17:52:53 +0000 2019,This #CustomerService job might be a great fit for you. Click the link in our bio to see it and more. Customer Assi\ ,"East Barre, VT"
Sat May 25 17:52:53 +0000 2019," u say that now'""","Pittsburgh, PA"
Sat May 25 17:52:53 +0000 2019, Niceeee\,"Denver, CO"
Sat May 25 17:52:53 +0000 2019,Enter to win a #starbucks $25 Gift card! w/  Open to US &amp; CAN #win //conservamome.com/25-starbucks\ ,"Mississippi, USA"
Sat May 25 17:52:53 +0000 2019,"I wonder when my silicone gloves coming in. I\'m ready to wash some mf dishes""'","Marrero, LA"
Sat May 25 17:52:53 +0000 2019," Relax. Have a great day'""","Texas, USA"
Sat May 25 17:52:52 +0000 2019," I got a guy for you.  They call him the  Snob'""","New Jersey, USA"
Sat May 25 17:52:52 +0000 2019,I\ so happy with the shots from the photo and video shoot I produced last month. ,"Miami, FL"
Sat May 25 17:52:52 +0000 2019,"Federal Aviation Administration is hiring in #OklahomaCity, OK! Read about our latest #GeneralScience job opening v\ ","Oklahoma City, OK"
Sat May 25 17:52:52 +0000 2019,#Repost. It is almost show time! This evening at stovehouse. stitchworxfoundation presents The Fashion Initiative.\ ,"Huntsville, AL"
Sat May 25 17:52:52 +0000 2019,Congratulations to Braden! \ ,"Georgia, USA"
Sat May 25 17:52:52 +0000 2019,"I\'m at Zzyzx Road in Baker, CA ","California, USA"
Sat May 25 17:52:52 +0000 2019,One of my favorite parts of EDC was sitting on the bleachers watching the fireworks going off while me and 4+ frien\ ,"Denver, CO"
Sat May 25 17:52:52 +0000 2019,The line to meet Katya is cut off. The guy at the front told me he remembered me from all the merch I bought yester\ ,"Los Angeles, CA"
Sat May 25 17:52:52 +0000 2019,"En Miami viven en el 3675, funda de malla removible para guardar las semillas del lim\ \ ","Coral Gables, FL"
Sat May 25 17:52:52 +0000 2019,"'Career tip for landing jobs like ""Executive Administrative Assistant"" in #Albany, New York. Go on informational int\ ","Latham, NY"
Sat May 25 17:52:52 +0000 2019,My guy flying... ,"Southaven, MS"
Sat May 25 17:52:51 +0000 2019,"See our latest #WaltonHills, OH #Accounting job opportunity and click the link in our bio to apply: Senior Accoutant at Accountemps'""","Walton Hills, OH"
Sat May 25 17:52:51 +0000 2019," go to Angelo\ BBQ or Joe T. Garcia\ if you go to Fort Worth !!!'""","Carolina Beach, NC"
Sat May 25 17:52:51 +0000 2019,"i absolutely can not wait to see godzilla: king of the monsters on new york\ biggest imax screen in five days'""","Manhattan, NY"
Sat May 25 17:52:51 +0000 2019,"Got 2 neon tickets for sale $120'""","El Paso, TX"
Sat May 25 17:52:51 +0000 2019,"These gays came on with shorts smelling like cologne and my ass smells like 2 week old French fries'""","Chicago, IL"
Sat May 25 17:52:51 +0000 2019,Get Lifted meets Get Summered tonight for MDW Saturday at goodbehaviornyc rooftop!\\n\\n &  slayin\ ,"Manhattan, NY"
Sat May 25 17:52:51 +0000 2019,"Need to go get dis cut real quick like'""","Colorado Springs, CO"
Sat May 25 17:52:51 +0000 2019,This young lady is just starting her new journey........\\n\\n#graduation #graduation2019 #lasvegasphotographer\ ,"Boulder City, NV"
Sat May 25 17:52:51 +0000 2019,get in loser we\ listening to doomstick boomer all summer ,"Minneapolis, MN"
Sat May 25 17:52:51 +0000 2019,"#Bible is enough! #NoHiddenTruth \\nBut if you cause one of these little ones who trusts in me to fall into sin, it w\ ","Vestavia Hills, AL"
Sat May 25 17:52:51 +0000 2019,Opposing the klan groups in Dayton . Now. #fucknazis ,"Dayton, OH"
Sat May 25 17:52:50 +0000 2019," Daddddddd'""","Texas, USA"
Sat May 25 17:52:50 +0000 2019,"I\'m at The Breakers in Newport, RI ","Newport, RI"
Sat May 25 17:52:50 +0000 2019,"Picked some goodies for a YouTube giveaway \ (@ Utopia Gift Shop & Cafe in Ponce, PR)  ","Segundo, USA"
Sat May 25 17:52:50 +0000 2019,The CMG #Podcast goes live at 11:15am PST! There\ plenty to talk about in the world of #videogames\\nSo come join us\ ,Casual Misfits Gaming Studio
Sat May 25 17:52:50 +0000 2019,"i need some tacos today. period.'""","Lakeland Heights, TX"
Sat May 25 17:52:50 +0000 2019," I know I\ been really torn up about it for a very long time.'""","Manhattan, NY"
Sat May 25 17:52:50 +0000 2019,Mind heavy but I\ about to make this day \,"Florence, SC"
Sat May 25 17:52:50 +0000 2019, Dude that\ such a good song \,"Queens, NY"
Sat May 25 17:52:49 +0000 2019,I really enjoy making \ others are taking 3 days \,"Sacramento, CA"
Sat May 25 17:52:49 +0000 2019,I love my little body during the Summer time I can wear whatever I want stomach on super flat \,"Parole, MD"
Sat May 25 17:52:49 +0000 2019,"Coach carter is trending'""","Chicago, IL"
Sat May 25 17:52:49 +0000 2019,"lamotte91\ dad\ world famous, Pisco Sour made with fresh, raw #egg white, #angosturabitters and of course piscopo\ ","Lafayette, LA"
Sat May 25 17:52:49 +0000 2019," I\ finna scam you'""","Tallahassee, FL"
Sat May 25 17:52:49 +0000 2019,"  I think it\ a dildo with a few small red potatoes \ stuffed in there.'""","Maine, USA"
Sat May 25 17:52:49 +0000 2019," Nah im sober. Just gettin to my whip lol'""","Capitol Heights, MD"
Sat May 25 17:52:49 +0000 2019,I bailed on a road trip to Toronto to see  like 10 years ago and it\ haunted me ever since. Stoked to\ ,"Oakland, CA"
Sat May 25 17:52:49 +0000 2019,Isn\ this how all the original problems started? ,"Houston, TX"
Sat May 25 17:52:49 +0000 2019," \\nPaula your Twitter Is Fixing To Go Nuts W/ Followers... Be ready!'""","Pocatello, ID"
Sat May 25 17:52:49 +0000 2019, account has been hacked into and taken over and the hacker changed language to Japanese or Chinese so\ ,"San Antonio, TX"
Sat May 25 17:52:49 +0000 2019,"He\ a bad gambler with a hell of a haircut, but he\ a great genuine guy. Shout out to my brother  on his\ ","Chicago, IL"
Sat May 25 17:52:49 +0000 2019,billy really my best friend but the shit he be doing . I know ima have to shoot him \ . \,"Opelousas, LA"
Sat May 25 17:52:48 +0000 2019,Sissssss \ ,"Philadelphia, PA"
Sat May 25 17:52:48 +0000 2019,Never drinking again \,"Crosby, TX"
Sat May 25 17:52:48 +0000 2019,"  Watching hbox play ultimate > watching hbox play melee'""","Kentucky, USA"
Sat May 25 17:52:48 +0000 2019,Starlink Solar sail deploying...\ ,"Pomona, CA"
Sat May 25 17:52:48 +0000 2019,Royce shoulda kicked this clown in the neck for even attempting to put this bullsht on wax let alone on his song ,"Princeton, FL"
Sat May 25 17:52:48 +0000 2019," Lit by wiz khalifah'""","Oak Ridge North, TX"
Sat May 25 17:52:48 +0000 2019,"I don\ be playing, I\ genuinely not interested in anybody\ son lol'""","Baton Rouge, LA"
Sat May 25 17:52:48 +0000 2019,$johntaylxr ,"Florida, USA"
Sat May 25 17:52:48 +0000 2019,   and others are starting a similar thing called CivMix that\'s supposed t\ ,"New York, USA"
Sat May 25 17:52:48 +0000 2019,   \,"Violet, LA"
Sat May 25 17:52:48 +0000 2019," What does Self have to do with whether NCAA picks/chooses whom to punish?'""","Fishers, IN"
Sat May 25 17:52:48 +0000 2019,Can we get a Fenty album? ,"Alexandria, LA"
Sat May 25 17:52:47 +0000 2019,  Hahaha. \,"Indianapolis, IN"
Sat May 25 17:52:47 +0000 2019," The trick or treat beat unreal.'""","Utica, NY"
Sat May 25 17:52:47 +0000 2019," Thank you!'""","Naugatuck, CT"
Sat May 25 17:52:47 +0000 2019,"YEA BUDDY \ @ Bethlehem, Pennsylvania ","Bethlehem, PA"
Sat May 25 17:52:47 +0000 2019," Damn your team got its ass beat by Brian scalabrine? Enjoy cam reddish'""","Dallas, TX"
Sat May 25 17:52:47 +0000 2019,"  Nice pastel pair!'""","Amarillo, TX"
Sat May 25 17:52:47 +0000 2019,"[2/2] of this sort, and pursued generally [viz. to uphold the law], this will not be a \'victory\' for privacy rights\ ","New Hampshire, USA"
Sat May 25 17:52:47 +0000 2019,BIG FACTS \ ,"El Paso, TX"
Sat May 25 17:52:47 +0000 2019,"LTC. Richard Patton, Commander of the  2nd Highland Battalion discusses volunteerism, service and what\ ","Sans Souci, SC"
Sat May 25 17:52:47 +0000 2019," That\'s where you come in""'","Fort Lauderdale, FL"
Sat May 25 17:52:46 +0000 2019," all 3 days! i got pit & early entry. hope i can run into you!'""","Delaware, USA"
Sat May 25 17:52:46 +0000 2019,#DJ Wobbles did a great job getting the #kids at this #nj #communion #party #dancing and having #fun. @ Howell Poin\ ,"Jerseyville, NJ"
Sat May 25 17:52:46 +0000 2019,It\'s my thing to always do got7 nail art for my concerts. And I\'m getting more excited about my possible nails than\ ,"Buffalo, NY"
Sat May 25 17:52:46 +0000 2019,"The thing that made me most curious about #Ummo philosophy was the lack of emphasis on hierarchy.'""","Portland, OR"
Sat May 25 17:52:46 +0000 2019,"  The costumes will be similar.'""","Los Angeles, CA"
Sat May 25 17:52:46 +0000 2019,Buying a new mattress and taking suggestions.\\nI\ love it to say \ affordable but my owner is also almost 40 and\ ,"Charlotte, NC"
Sat May 25 17:52:46 +0000 2019,#FirstThem ,"Georgia, USA"
Sat May 25 17:52:46 +0000 2019,"I don\'t want pop Sza""'","Castle Shannon, PA"
Sat May 25 17:52:46 +0000 2019, We gonna cut up!!! Let  be our guide! ,"New Orleans, LA"
Sat May 25 17:52:46 +0000 2019,"Can you recommend anyone for this job in Washington, DC?  #inspection #investigation'""","Washington, DC"
Sat May 25 17:52:45 +0000 2019,Me ALL weekend. ,"New Orleans, LA"
Sat May 25 17:52:45 +0000 2019,"  #KACtheHack , lather, rinse, spit, repeat. #ImpeachTrumpNow'""","Florida, USA"
Sat May 25 17:52:45 +0000 2019," Sharing this with my 15 year old!'""","San Diego, CA"
Sat May 25 17:52:45 +0000 2019, strikes again. \,"Nashville, TN"
Sat May 25 17:52:45 +0000 2019, I need  to call every future baseball game for the Owls against ,"Mississippi, USA"
Sat May 25 17:52:45 +0000 2019,    \,"Pembroke Pines, FL"
Sat May 25 17:52:45 +0000 2019,Enjoy the music \ at MJA Vineyards of Mark Schwartz at our Westside location and Dave D\ at our Summit location.\ ,"Santa Cruz, CA"
Sat May 25 17:52:45 +0000 2019,"A 4:24.523 for Tyler Klouda for the regional title in the 1600.\\n\\nTo the young runners out there, despite what Kloud\ ","Austintown, OH"
Sat May 25 17:52:45 +0000 2019,Amirite ,"Winchester, NV"
Sat May 25 17:52:45 +0000 2019,You see a lot of these in upper Wai\ Uka. ,"Hilo, HI"
Sat May 25 17:52:45 +0000 2019,"Jimin, I see you \ ","Chicago, IL"
Sat May 25 17:52:45 +0000 2019," Bol \ dm me'""","Lauderhill, FL"
Sat May 25 17:52:45 +0000 2019," Nah.... hit a 50 on head collar for me'""","Bristol, RI"
Sat May 25 17:52:44 +0000 2019,"Jump start your career at SP +! We\'re looking for a Shuttle Driver DOT in Dallas, TX.  #Driver #DOT""'","Dallas, TX"
Sat May 25 17:52:44 +0000 2019,Sis 4L \ ,Miami
Sat May 25 17:52:44 +0000 2019,"We \ our FRamily! So grateful to get some down time in CNY. @ Hamilton, New York ","Hamilton, NY"
Sat May 25 17:52:44 +0000 2019,"Time is really flying, now you\ college bound. The best is yet to come, I\ be praying for you and will just be\ ","Lawrenceville, GA"
Sat May 25 17:52:44 +0000 2019," Not a very good example.'""","Ohio, USA"
Sat May 25 17:52:44 +0000 2019,"Goin down tonight. Bad babies, great music, strong\ drinks, and the cleanest club in the bay. Come vibe out with ya\ ","Palm Harbor, FL"
Sat May 25 17:52:44 +0000 2019,"If you\ going to Bonnaroo you should begin hydrating and revitalizing your body now.'""","Salt Lake City, UT"
Sat May 25 17:52:43 +0000 2019,"Going to the ATM (@ Seatte Metropolitan Credit Union in Kirkland, WA)  ","Kirkland, WA"
Sat May 25 17:52:43 +0000 2019,"    I\ laughing too hard at this haha'""","Wichita Falls, TX"
Sat May 25 17:52:43 +0000 2019,"I\ making music that has my Mom hittin\ me up like, \ you okay?\ So I know it\ too real \ #NoTrust'""","Florida, USA"
Sat May 25 17:52:43 +0000 2019,"'    Wrong. ""Treason against the United States shall consist onl\ ","Georgia, USA"
Sat May 25 17:52:43 +0000 2019,My friend at work just knows I\ not feeling okay and she bought me pozole without even asking \,"Delano, CA"
Sat May 25 17:52:43 +0000 2019,Finally getting some ink therapy tonight \,"Mishawaka, IN"
Sat May 25 17:52:43 +0000 2019,Hoody ,"Kenner, LA"
Sat May 25 17:52:43 +0000 2019,"If you\'re looking for work in #Newberry, SC, check out this #Clerical job via the link in our bio: Administrative Support Assoc at Lowe\'s""'","Newberry, SC"
Sat May 25 17:52:43 +0000 2019,smile! \   #chaubabies #visitbuckscounty #chaustopennsylvania @ Sesame Place ,"Pennsylvania, USA"
Sat May 25 17:52:43 +0000 2019,"Can you recommend anyone for this #Retail job in #NewYork, NY? Click the link in our bio to see it and more. Sales Associate at Chico\'s""'","Manhattan, NY"
Sat May 25 17:52:43 +0000 2019,"'Grand Forks CJD is looking for teammates like you. See our latest #Automotive job openings, including ""Evening Deta\ ","Grand Forks, ND"
Sat May 25 17:52:42 +0000 2019,"My bill signing event Summer of 2011, Broadway at the Beach, Myrtle Beach.  Great photo then, epic now. ","Irmo, SC"
Sat May 25 17:52:42 +0000 2019, And I\ not hurting. I\ trained myself to look towards the positive and luckily I\ built my life a\ ,"Milpitas, CA"
Sat May 25 17:52:42 +0000 2019,"What the fuck was I thinking?!'""","New Orleans, LA"
Sat May 25 17:52:42 +0000 2019," Ham, roast, turkey, Mac n cheese, baked chicken EVERYTHING \","Akron, OH"
Sat May 25 17:52:42 +0000 2019," Totally fair.'""","Missouri, USA"
Sat May 25 17:52:42 +0000 2019,"  Laws that the Government will never change; given that fact that they get billions in Corporate Campaign Funding etc.'""","Edgewood, MD"
Sat May 25 17:52:42 +0000 2019,"'""RHONY star Luann de Lesseps taken into custody over alleged probation violation""  ","Arkansas, USA"
Sat May 25 17:52:42 +0000 2019,She is amazing!!! But it\ the writing that blew me away ,"Galveston, TX"
Sat May 25 17:52:42 +0000 2019,Doing duckling physical therapy with Rudolph. Anybody know a vet who treats #ducks? Love this little guy.\ ,"Oklahoma, USA"
Sat May 25 17:52:41 +0000 2019,"WE DONT FUCK WITH LIES, WE DONT SAY GOODBYE WE JUST KEEEEP IT MOVINNNG'""","Milwaukee, WI"
Sat May 25 17:52:41 +0000 2019,"If you ever wanna know anything about me, ask Mamee. Not my friends, not my sister, not my momma, but Mamee \","New Orleans, LA"
Sat May 25 17:52:41 +0000 2019, \ ,"Philadelphia, PA"
Sat May 25 17:52:41 +0000 2019,"My family is disfunctional asf'""","Lomita, CA"
Sat May 25 17:52:41 +0000 2019,This #Healthcare job might be a great fit for you. Click the link in our bio to see it and more. Pharmacy Technicia\ ,"Wichita, KS"
Sat May 25 17:52:41 +0000 2019,We\'ve got a battle going in the second half. Both teams with shots on goal. Ames still leads VSA 1-0. @ Cedar Valle\ ,"Iowa, USA"
Sat May 25 17:52:41 +0000 2019,Fun road trip to Central #Iowa! I couldn\ resist this mini pie from Ames Main Street Farmers Market. \ I wanted 1\ ,"Iowa, USA"
Sat May 25 17:52:41 +0000 2019,"my roots make me sick rn'""","Ohio, USA"
Sat May 25 17:52:40 +0000 2019,"2 texts no reply that\ when I knew.'""","Olathe, KS"
Sat May 25 17:52:40 +0000 2019,probably gonna be the person to post vacation pictures for the next couple weeks \,"Chicago, IL"
Sat May 25 17:52:40 +0000 2019,"I just fucking LOVE attention'""","Santa Rosa, CA"
Sat May 25 17:52:40 +0000 2019,Standing on top of the flight deck of the USS New York on a very great beautiful day here on fleet week 2019\ ,"Manhattan, NY"
Sat May 25 17:52:40 +0000 2019," This could also be the flavor profile of a craft beer tbh'""","Manhattan, NY"
Sat May 25 17:52:40 +0000 2019,inject this straight into my heart ,"Santa Rosa, CA"
Sat May 25 17:52:40 +0000 2019," , you know how to take a vacation!!. #fun #whocares!. #enjoylife #bromance!. \ #nodragons.'""","Clarkston, WA"
Sat May 25 17:52:40 +0000 2019,"  So bisexual'""","Harrisburg, SD"
Sat May 25 17:52:40 +0000 2019, you still love those extra small T shirts huh \ Go get that Ring \ \ ,"Chicago, IL"
Sat May 25 17:52:40 +0000 2019, thank you khalil \,"Bowling Green, OH"
Sat May 25 17:52:40 +0000 2019,"Hit me up for your next social gathering, I provide constant entertainment. @ North Beach, San Francisco ","San Francisco, CA"
Sat May 25 17:52:40 +0000 2019," CHECK DM PLS'""","Hampden, ME"
Sat May 25 17:52:39 +0000 2019,will send feet pics for these ,"Tuscaloosa, AL"
Sat May 25 17:52:39 +0000 2019,Super cool filler I got to do this week! Now booking appointments for July and August hit me up for availability or\ ,"California, USA"
Sat May 25 17:52:39 +0000 2019,Flower and Garden festival is almost over but there\ still time to get some Fancy EARS \ will miss all be\ ,"Florida, USA"
Sat May 25 17:52:39 +0000 2019,"Weyerbacher Insanity Ale aged in Oak Barrels on tap now.    #BeerMenus'""","Pennsylvania, USA"
Sat May 25 17:52:39 +0000 2019,"queen of deactivating ppl twitters'""","New Carrollton, MD"
Sat May 25 17:52:39 +0000 2019,Omg and women in general \ talk about DEMONS \,"East Lansing, MI"
Sat May 25 17:52:39 +0000 2019," What a handsome couple .... but when did Sasha get all grown up already!'""","New York, USA"
Sat May 25 17:52:39 +0000 2019," Yes it can be.  It\ the arrogance that slays me.'""","New Hampshire, USA"
Sat May 25 17:52:39 +0000 2019,"*sits in parking lot hitting vape for so long that I become too high to go in and workout'""","Batavia, NY"
Sat May 25 17:52:39 +0000 2019,I told my hair lady to cut all my hair off & she said \ will not do that. I vowed to talk you off the ledge when e\ ,"Atlantic City, NJ"
Sat May 25 17:52:39 +0000 2019,Bout ta get a light hike in! \,"Honolulu, HI"
Sat May 25 17:52:39 +0000 2019,"Woodland cracks a 3-run homer to CF. Lynden\'s lead cut to 7-3 in T4.""'","Selah, WA"
Sat May 25 17:52:38 +0000 2019,Reunited with my best cat friend \ ,"Mandeville, LA"
Sat May 25 17:52:38 +0000 2019,"   I am super happy with my Chevy Bolt fwiw. Awesome small city car, but also car go 200\ ","San Francisco, CA"
Sat May 25 17:52:38 +0000 2019,#TONIGHT #LiveMusic at thebluenotetampa feat. #Skunks #BeautifulSkunks from floridaskunkrescue \\nWe love to forget t\ ,"Tampa, FL"
Sat May 25 17:52:38 +0000 2019," wait, kinda'""","Texas, USA"
Sat May 25 17:52:38 +0000 2019,"Just trynna drink a few beers, listen to Tobey Kieth, and mumble out a few yee haws in my American flag swim shorts all weekend'""","Hammond, IN"
Sat May 25 17:52:38 +0000 2019, \ The PBR!!! Absolute gorgeousness right here!!! \,"Charlotte, NC"
Sat May 25 17:52:38 +0000 2019,"  It wasn\'t nothing he done wrong,it was bad timing.. and it was never chips offense it\ ","Alabama, USA"
Sat May 25 17:52:38 +0000 2019,"Dee said my legs look like candy cigarettes and girl I.......'""","Smyrna, GA"
Sat May 25 17:52:38 +0000 2019,Cool sand art here click on  IG for all the photos #iLoveFOLA #FortLauderdale #GABP \\ni\ \ from\ ,"Fort Lauderdale, FL"
Sat May 25 17:52:38 +0000 2019,Lightning strikes twice! \ Last night I got pulled on stage to sing with my favorite band  ...AGAIN!\ ,"Montclair, CA"
Sat May 25 17:52:38 +0000 2019,"#happysaturday\ #\ #\ @ Jackson Heights, New York ","Queens, NY"
Sat May 25 17:52:37 +0000 2019,"Been working the same exact shift for literal days in a row my life has truly begun to feel meaningless'""","Chicago, IL"
Sat May 25 17:52:37 +0000 2019,"  lmao. that\ like saying to go get yo next meal from the trash. have fun'""","Reno, NV"
Sat May 25 17:52:37 +0000 2019,I couldn\ tell you the last time I\ spent memorial weekend at the lake \,"Ozark, MO"
Sat May 25 17:52:37 +0000 2019,  Bshayjaywgenejsu ,"Los Angeles, CA"
Sat May 25 17:52:37 +0000 2019,"Looks like JK, Yoongi, RM and Tae are wearing the same things they wore at MetLife soundcheck day 2 for soundcheck\ ","Hollister, CA"
Sat May 25 17:52:37 +0000 2019," Am fenn'""","Kearns, UT"
Sat May 25 17:52:37 +0000 2019,I wish nothing but more health and happiness to them. Even after all their bad attentions to harm me. I hope he get\ ,"Manhattan, NY"
Sat May 25 17:52:36 +0000 2019,How\ my girlfriend so gorgeous and stunning \ an absolute hottie \ ,"Texas, USA"
Sat May 25 17:52:36 +0000 2019, You Mr. Comey will look good in an orange jumpsuit. Sitting in a prison cell next to John Brennan. You and y\ ,"Bakersfield, CA"
Sat May 25 17:52:36 +0000 2019,Yezzzzz ,"Louisiana, USA"
Sat May 25 17:52:36 +0000 2019," I did'""","College Park, GA"
Sat May 25 17:52:36 +0000 2019,"  If it\'s the same brisket sandwich as before, it\'s awesome.""'","Winter Garden, FL"
Sat May 25 17:52:36 +0000 2019," Facts my guy!'""","Florida, USA"
Sat May 25 17:52:35 +0000 2019,TerraHawk @ East Harlem ,"Manhattan, NY"
Sat May 25 17:52:35 +0000 2019,"   Blue jeans and a dog. Yes, this helps! Thank you!'""","Minneapolis, MN"
Sat May 25 17:52:35 +0000 2019," Obrigado Dulindo'""","Enterprise, NV"
Sat May 25 17:52:35 +0000 2019,    \ \ (\ \ \ \ \ \ 40\ \ ,"Dallas, TX"
Sat May 25 17:52:35 +0000 2019,Jumping into Game 3!\\n#RollTide #PartyAtRhoads \ ,Alabama Softball Clubhouse
Sat May 25 17:52:35 +0000 2019,Facts \ ,"Hamburg, NY"
Sat May 25 17:52:35 +0000 2019," I got an acorn squash?'""","Orlando, FL"
Sat May 25 17:52:35 +0000 2019," That was targeting Nancy Pelosi by the way TRUMP 2020'""","Rome, GA"
Sat May 25 17:52:35 +0000 2019," Season 2 may be even better and definitely sharper.'""","Berry Hill, TN"
Sat May 25 17:52:35 +0000 2019," Good morning'""","Chicago, IL"
Sat May 25 17:52:34 +0000 2019,"Interested in a job in #Potsdam, NY? This could be a great fit:  #Merchandiser'""","Potsdam, NY"
Sat May 25 17:52:34 +0000 2019," Shut yo ass up trolling lol'""","Austin, TX"
Sat May 25 17:52:34 +0000 2019," Get your tolerance back up man, u slipping on me!'""","Paradise, NV"
Sat May 25 17:52:34 +0000 2019,"Want to work at Morrison Healthcare? We\'re hiring in #Louisville, KY! Click for details:  #Operations""'","Louisville, KY"
Sat May 25 17:52:34 +0000 2019," #JoeBiden #MayorPete #AmyKlobuchar'""","Ocoee, FL"
Sat May 25 17:52:34 +0000 2019,good LORDT ,"New Orleans, LA"
Sat May 25 17:52:34 +0000 2019,"     He didn\ have one in college lmfao damn my bad I\ human'""","South Carolina, USA"
Sat May 25 17:52:34 +0000 2019," did this happen in the movie? I saw this movie twice.'""","Los Angeles, CA"
Sat May 25 17:52:34 +0000 2019,"    Great...hope you enjoy it!'""","Phoenix, AZ"
Sat May 25 17:52:34 +0000 2019,"Mood: sorry for the wait Wayne'""","Henderson, NV"
Sat May 25 17:52:33 +0000 2019," Soon! The narrator is working on them now! Unfortunately I can\ give and exact date. Glad you enjoyed!'""","Knoxville, TN"
Sat May 25 17:52:33 +0000 2019,   I think Sublette is making a case as SP4 today. Had his struggles la\ ,"Levelland, TX"
Sat May 25 17:52:33 +0000 2019,Congregants grapple with church shooter once their colleague - ABC News  (via ,"Clinton, MD"
Sat May 25 17:52:33 +0000 2019," Happy Birthday Rank it\ about time we can legally slam some brews \ #WelcomeToTheLeague'""","Sycaway, NY"
Sat May 25 17:52:33 +0000 2019,"My parents left to Jamaica & forgot they have a daughter \ be leaving me on read & everything'""","Carson, CA"
Sat May 25 17:52:33 +0000 2019,Ykwtfgo \ ,"Baltimore, MD"
Sat May 25 17:52:33 +0000 2019,Game 2 underway #NIFC @ James O. Breen Community Park ,"Illinois, USA"
Sat May 25 17:52:33 +0000 2019,The trump administration is a fucking disgrace. ,"Arden-Arcade, CA"
Sat May 25 17:52:33 +0000 2019,BO HE DIDNT\ ,"Houston, TX"
Sat May 25 17:52:33 +0000 2019, Orgullosamente #AMLOVER de \ me cansare de serlo. #SIGUEMEYTESIGO #SomosAmlovers #FelizS\,"Converse, TX"
Sat May 25 17:52:33 +0000 2019," Thank you for being you!!'""","Lafayette, LA"
Sat May 25 17:52:32 +0000 2019," SONNN THE SANDWICH ONE was the move, wowwww'""","Utica, NY"
Sat May 25 17:52:32 +0000 2019,  Sand everywhere ,"Odessa, TX"
Sat May 25 17:52:32 +0000 2019,"Can you recommend anyone for this #Marketing job in #Herndon, VA? Click the link in our bio to see it and more. Dig\ ","Herndon, VA"
Sat May 25 17:52:32 +0000 2019,Way to go team! ,"Sacramento, CA"
Sat May 25 17:52:32 +0000 2019,"Can you recommend anyone for this job? Accounting Assistant -  #Accounting #SantaRosa, CA'""","California, USA"
Sat May 25 17:52:32 +0000 2019,I appreciate all love and support honestly i know it\ something small but to me it\ so much more this is somethin\ ,"San Marcos, TX"
Sat May 25 17:52:32 +0000 2019,"  SONNNNN OMG'""","New Orleans, LA"
Sat May 25 17:52:32 +0000 2019,Tonight we party  with   -Celebrating  Birthday!!! Shots on dimuri - let\ goooo!!!\\n.\ ,"Chicago, IL"
Sat May 25 17:52:32 +0000 2019,"   I\ say Do Better, but I \ read a bit down your mentions and I understand your limits.'""","West St Paul, MN"
Sat May 25 17:52:32 +0000 2019,"I\'m at Transit Center Parking Ramp in Dubuque, IA  ","Dubuque, IA"
Sat May 25 17:52:32 +0000 2019,"'bad thing about this bus ride: an insolent passenger repeatedly using the term ""Chinese bus"" to try to describe the\ ","Oakland, CA"
Sat May 25 17:52:31 +0000 2019, I heard you were in need of love and as your wife I am here to give 100 percent all the love <3 ,"Queens, NY"
Sat May 25 17:52:31 +0000 2019, Went to a dozen or so Red\'s games/yr in the 70\'s BRM era.  I collected NL\'s and my bro collected AL\ ,"Charlotte, NC"
Sat May 25 17:52:31 +0000 2019,"Bruh I blacked last night'""","Tempe, AZ"
Sat May 25 17:52:31 +0000 2019," Engorda!'""","San Antonio, TX"
Sat May 25 17:52:31 +0000 2019,I fucking love this photo of Chris Evans ,"Brooklyn, NY"
Sat May 25 17:52:31 +0000 2019, Bruh no one is out to get you or black me all together on this end. I think it\ obvious what I meant l\ ,"Texas, USA"
Sat May 25 17:52:31 +0000 2019,good thing about this bus ride: the conductor was able to make the left turn from East 21st Street onto 14th Avenue\ ,"Oakland, CA"
Sat May 25 17:52:31 +0000 2019,Too think a was gutted about missing riverside\ ,"Florida, USA"
Sat May 25 17:52:31 +0000 2019," Loved the Expos!'""","Mayfield Heights, OH"
Sat May 25 17:52:31 +0000 2019,It\ a perfect 84 degrees today and we\ in heaven. That desert heat \ @ Parker Palm Springs ,"Palm Springs, CA"
Sat May 25 17:52:31 +0000 2019,"   He should be able to DH though'""","Ramona, CA"
Sat May 25 17:52:31 +0000 2019,"   Tiger woods'""","Tempe, AZ"
Sat May 25 17:52:31 +0000 2019,Wow I have this is in my cabinet ,"Houston, TX"
Sat May 25 17:52:31 +0000 2019,"if you ever see me looking in your direction at the gym, i\ never checking you out, there\ a mirror behind you, i am checking myself out'""","Temecula, CA"
Sat May 25 17:52:31 +0000 2019," \ get out my mentions'""","Philadelphia, PA"
Sat May 25 17:52:30 +0000 2019,On to the new ,"Conyers, GA"
Sat May 25 17:52:30 +0000 2019,  Wayne\'s World did make the song way more publically palatable. I think Meyers had to figh\ ,"South Carolina, USA"
Sat May 25 17:52:30 +0000 2019,  Prayers for u and your family coach\,"Huber Heights, OH"
Sat May 25 17:52:30 +0000 2019," is running a children\'s charity stream today!  Make sure to stop by!  Also, for everyone that domes\ ","Pittsburg, CA"
Sat May 25 17:52:30 +0000 2019,I think I would\ died at this set. Bouncing that hard that long?! Damn ,"Tonawanda, NY"
Sat May 25 17:52:30 +0000 2019," I check the nose hair status every morning. Ear hair too!'""","Parma Heights, OH"
Sat May 25 17:52:30 +0000 2019,"We\ raising \ assassins!\\n#Deuce\\n#TheDojo #DrummingSchool #WaitForIt @ Greater Love Temple of Faith Church, Inc. ","Philadelphia, PA"
Sat May 25 17:52:30 +0000 2019,But you better have something to pick it up with or your hands feeling 350 degrees off rip! \ ,"Conway, SC"
Sat May 25 17:52:30 +0000 2019,"Remember when we all was drinking nuvo'""","Ensley, FL"
Sat May 25 17:52:30 +0000 2019," I see ya homie'""","Frisco, TX"
Sat May 25 17:52:29 +0000 2019," Ohhhhhhh, ok I didn\'t want you to think I had a penis""'","Georgetown, TX"
Sat May 25 17:52:29 +0000 2019,"My husband, an Ocosta Wildcat grad, is listening to this comedy bit about how all high school mascots are like the\ ","El Cerrito, CA"
Sat May 25 17:52:29 +0000 2019,"Have y\ ever been starving, but literally do not have an appetite for anything?'""","College Park, GA"
Sat May 25 17:52:29 +0000 2019,"5 years ago, I got into my truck and drove to Indianapolis for the first time ever because I wanted to see\ ","Alabama, USA"
Sat May 25 17:52:29 +0000 2019,"need a mf blunt'""","Texas, USA"
Sat May 25 17:52:29 +0000 2019,What Astrid said! \ ,"Las Vegas, NV"
Sat May 25 17:52:29 +0000 2019,Bus ,"Minneapolis, MN"
Sat May 25 17:52:29 +0000 2019,"  Sure seems like The police are wimps.'""","West Bend, WI"
Sat May 25 17:52:29 +0000 2019," Sorry for the delay!  Seven mortal sins, my first girlfriend is a gal, Baka and test, black clover, all\ ","Atlanta, GA"
Sat May 25 17:52:29 +0000 2019, \ \ \ \ \ \ \ \ \ \ \ \ \ \ \ \ \ \ \ \ ,"Houston, TX"
Sat May 25 17:52:29 +0000 2019,Alka Tone Keto reviews works in all respects adequately on the body of the client and empowers the client to get fr\ ,United States
Sat May 25 17:52:29 +0000 2019,The great outdoors pt.1\   -side note: take care of our planet fooos \ #SaveOurPlanet ,"Texas, USA"
Sat May 25 17:52:29 +0000 2019, So which team did you root for before that? \,"Los Angeles, CA"
Sat May 25 17:52:28 +0000 2019,"Sparkling water tastes like tv static'""","Toledo, OH"
Sat May 25 17:52:28 +0000 2019,"Big shout out to the fire fighters in Nashotah, Wisconsin for not only their service but for being such gracious ho\ ","Nashotah, WI"
Sat May 25 17:52:28 +0000 2019,Love the cowgirl look. #nashvilleboogie #vintagefashion @ Nashville Boogie Vintage Weekender ,"Nashville, TN"
Sat May 25 17:52:28 +0000 2019,"Mid 3: Tampa gets two runs on two hits and an error to tie the ball game up.\\n\\nDSU 2 UT 2'""","Tampa, FL"
Sat May 25 17:52:27 +0000 2019," One of my favorite races for sure! #humidity #determined'""","Naperville, IL"
Sat May 25 17:52:27 +0000 2019, I never get called because I\ a high school history teacher who loves true crime. Once they hear t\ ,"Atlanta, GA"
Sat May 25 17:52:27 +0000 2019,i\ obsessed with my triplet little sisters. they are really my kids \,"South Carolina, USA"
Sat May 25 17:52:27 +0000 2019,Who knew bourbon and chocolate pair very well?!? #bourbontrail #chocolateandbourbon @ Lux Row Distillers ,"Kentucky, USA"
Sat May 25 17:52:27 +0000 2019,"5 months pregnancy I actually weighed 118 but I don\ wanna be that small again. A healthy 125-130 will satisfy me'""","Fort Worth, TX"
Sat May 25 17:52:27 +0000 2019,"    Hight has the best teachers EVER!!'""","Sacramento, CA"
Sat May 25 17:52:27 +0000 2019,"Softball falls in the district semifinals to Jersey Shore 7-3.'""","Pennsylvania, USA"
Sat May 25 17:52:27 +0000 2019,"Okay it\ the stockbroker that\ who'""","Tempe, AZ"
Sat May 25 17:52:27 +0000 2019, Thanks ,"Stafford Springs, CT"
Sat May 25 17:52:27 +0000 2019,So proud of one of my Girl Scouts!!! ,"Aiken, SC"
Sat May 25 17:52:27 +0000 2019,"PROBLEMATIC.'""","San Jose, CA"
Sat May 25 17:52:26 +0000 2019,Lets goo!!!! ,"Conroe, TX"
Sat May 25 17:52:26 +0000 2019,Thanks to  and  for having great guests and all the great brook recommendations!\ ,"Rancho Cucamonga, CA"
Sat May 25 17:52:26 +0000 2019,Date Night \ = The Best Day Of The Week!! \ Make Your Reservation Today \ #craftcocktails\ ,"Downtown, Las Vegas"
Sat May 25 17:52:26 +0000 2019,"current weather in Aurora: broken clouds, 76\ humidity, wind 21mph, pressure 1014mb'""","Illinois, USA"
Sat May 25 17:52:26 +0000 2019,"Did y\ hear the LOUD ass thunder last night and early morning? And see the lightning? It was soo dope, it was legit POURING outside \","Chico, CA"
Sat May 25 17:52:26 +0000 2019,"Late 2000\ were weird for Mexican soccer, Kikin was on Tigres like wth ","Austin, TX"
Sat May 25 17:52:26 +0000 2019,"Two first-graders up way past their bedtime, kicking butt at the #MagicKingdom. ","Florida, USA"
Sat May 25 17:52:26 +0000 2019,"FREE FOOD / BOOZE FOR THOSE WHO RIDE AND ATTEND INFIELD PARTY'""","Indianapolis, IN"
Sat May 25 17:52:26 +0000 2019,"I\'m at  in Raleigh, NC ","Raleigh, NC"
Sat May 25 17:52:25 +0000 2019,"Just followed this nigga yesterday & I\ already tired of seeing him on my tl. Unfollow.'""","Atlanta, GA"
Sat May 25 17:52:25 +0000 2019,"No leases for the Civic! \ (@ AutoNation Honda Sanford -  in Sanford, FL w/  ","Sanford, FL"
Sat May 25 17:52:25 +0000 2019,thank you sir \ ,"Bowling Green, OH"
Sat May 25 17:52:25 +0000 2019," Congratulations!'""","Dallas, TX"
Sat May 25 17:52:25 +0000 2019," I\ not the first person to ask this question, but did something change with the conditioning - particu\ ","O'Hara Township, PA"
Sat May 25 17:52:25 +0000 2019,"SAS ruined like 6 songs for me, if I\ in public and any of them come on I lose my shit on the spot'""","Queens, NY"
Sat May 25 17:52:25 +0000 2019,"Just a dumbass picture of me in a pool \ @ Fort Lauderdale, Florida ","Fort Lauderdale, FL"
Sat May 25 17:52:25 +0000 2019,Prayers go out ! A great family! ,"Riverwoods, IL"
Sat May 25 17:52:25 +0000 2019,Vegas today? \ FUCK YEAH!! \,"Upland, CA"
Sat May 25 17:52:24 +0000 2019," I\'m telling you !! It\'s not going  bag !!""'","Stuart, FL"
Sat May 25 17:52:24 +0000 2019,Exactly why we will be taking her seat. ,"Atlanta, GA"
Sat May 25 17:52:24 +0000 2019," Been there, done that & have the salsa stained shirt.'""","Asheville, NC"
Sat May 25 17:52:24 +0000 2019,"'Is it me or is calling a batter ""the homerun hitter from game 1"" insulting to the viewer?  Your viewers aren\\\'t just\ ","Georgia, USA"
Sat May 25 17:52:24 +0000 2019,Turned that new leaf and am now exclusively tweeting in light mode. New Car Smell!!\,"Manhattan, NY"
Sat May 25 17:52:24 +0000 2019,LFG ,"Branford, CT"
Sat May 25 17:52:23 +0000 2019,"99\ for epic fantasy adventures set in the far future, when lost technology is known as magic...\ ","San Diego, CA"
Sat May 25 17:52:23 +0000 2019,Am I a sociopath????? ,"Manhattan, NY"
Sat May 25 17:52:23 +0000 2019, Struggle \,"Boston, MA"
Sat May 25 17:52:23 +0000 2019,"Can you recommend anyone for this job in #Huntsville, AL?  #Accounting'""","Huntsville, AL"
Sat May 25 17:52:23 +0000 2019,Steve Hosch gathering \,"Danville, IL"
Sat May 25 17:52:23 +0000 2019,#NewProfilePic \ ,"Panama City Beach, FL"
Sat May 25 17:52:23 +0000 2019," Aww that is adorable. You\ making me miss my pups.'""","Chicago, IL"
Sat May 25 17:52:23 +0000 2019,JUST received Growl by Vigour Games! Super excited and will likely be doing an unboxing video soon! #Growl\ ,"Greenville, SC"
Sat May 25 17:52:23 +0000 2019,Oh no! I am so glad this woman is okay ,"Leander, TX"
Sat May 25 17:52:23 +0000 2019,#lounging #pool #relaxing @ Disney\'s Contemporary Resort ,"Florida, USA"
Sat May 25 17:52:23 +0000 2019,"'""You\\\'re doing fine Oklahoma. Oklahoma O.K.""  flight attendants are the best. ","Casa Grande, AZ"
Sat May 25 17:52:23 +0000 2019,How the giant social media platforms will defeat President Trump in 2020.\\n,"Monrovia, CA"
Sat May 25 17:52:22 +0000 2019,"We\'re hiring! Read about our latest job opening here: Assembler 2nd shift -  #York, PA #Manufacturing""'","York, PA"
Sat May 25 17:52:22 +0000 2019,"I F*** up,  All. The. Time. And guess what? It\ OK! It happens to everyone ... even the pros. Whether you\ in fr\ ","Los Angeles, CA"
Sat May 25 17:52:22 +0000 2019,"  Another reason I love them'""","North Charleston, SC"
Sat May 25 17:52:22 +0000 2019,We \ like em wet and JUICY \ ,"North Las Vegas, NV"
Sat May 25 17:52:22 +0000 2019,"See our latest #Milford, CT #Retail job opportunity and click the link in our bio to apply: Seasonal Lead Sales Associate at Leslie\","Milford, CT"
Sat May 25 17:52:22 +0000 2019,"17:52 KD7TWW () on W7I/SR-124 (Lucky Peak, 1800m, 2 Point(s)) 146.44 FM: (null) [K7KEZ]'""","Idaho, USA"
Sat May 25 17:52:22 +0000 2019,"No wonder Vermont is where  is from'""","Brattleboro, VT"
Sat May 25 17:52:22 +0000 2019,Lmao I was asking bout the pool to make sure it\ be ready by my birthday & i told mamee i wanna have a kickback on\ ,"New Orleans, LA"
Sat May 25 17:52:22 +0000 2019,"Every time I see someone with their cash app on their bio, I request $20 and see if they\ accidentally press it \","Oak Ridge, FL"
Sat May 25 17:52:22 +0000 2019,"If you\'re looking for work in Arlington, VA, check out this #Government job via the link in our bio: Military Strat\ ","Arlington, VA"
Sat May 25 17:52:22 +0000 2019,"Interested in a job in #Miami, FL? This could be a great fit. Click the link in our bio to apply: Assistant Control\ ","Miami, FL"
Sat May 25 17:52:22 +0000 2019,"'Nervous to apply for a job like ""Retail Store Associate"" at CVS Health? Apply even if you\\\'re not a 100% match. You\ ","Connecticut, USA"
Sat May 25 17:52:21 +0000 2019,"Welcome to my Ted Talk. Today, I\ going to share with you \ worth spreading\ to people who purchase items on\ ","Charlotte, NC"
Sat May 25 17:52:21 +0000 2019,"I\'m in Vermont for the first time in my life. It\'s beautiful. From the rolling mountains of greenery, hills full of\ ","Brattleboro, VT"
Sat May 25 17:52:21 +0000 2019,"Ulta Beauty is hiring in #Seneca, SC! Click the link in our bio to apply: Specialty Artist #Cosmetology'""","Keowee, SC"
Sat May 25 17:52:21 +0000 2019," Beer,you mean all beer or just some?'""","Yonkers, NY"
Sat May 25 17:52:21 +0000 2019," Aww babe don\ worry.  It\ just irritating \  I\ in absolute awe of my fans and their response.'""","Lafayette, LA"
Sat May 25 17:52:21 +0000 2019,"'If jobs with titles like ""25 hour Teller Columbia Mall"" sound appealing to you, follow us to hear about these types\ ","Maryland, USA"
Sat May 25 17:52:21 +0000 2019,Otters still look cute despite teeth ,"Bronx, NY"
Sat May 25 17:52:21 +0000 2019,Thanks sweetie \ ,"Glen Allen, VA"
Sat May 25 17:52:21 +0000 2019,   Correct. Paging  Also see: ,"Bronx, NY"
Sat May 25 17:52:20 +0000 2019,Late night selfie @ New Sheridan Hotel ,"Colorado, USA"
Sat May 25 17:52:20 +0000 2019,"tell me how DAS has the nerve to charge more than fucking HARD SUMMER \ GOT ME FUCKED UP!'""","Provo, UT"
Sat May 25 17:52:20 +0000 2019," My expectations were higher than that drop.'""","North Decatur, GA"
Sat May 25 17:52:20 +0000 2019,"due to personal reasons i won\ be giving a fuck ever again'""","Mississippi, USA"
Sat May 25 17:52:20 +0000 2019,"There\ a lot of great dem candidates but I\ really like to see warren destroy trump polemically via socratic combat'""","Chicago, IL"
Sat May 25 17:52:20 +0000 2019," #Fakebook'""","Coral Gables, FL"
Sat May 25 17:52:20 +0000 2019,Siri play million reasons by lady gaga\,"Palmdale, CA"
Sat May 25 17:52:20 +0000 2019,"Cleared: Incident on #CoastLine at Bay Head Station'""","Bay Head, NJ"
Sat May 25 17:52:20 +0000 2019, Thanks guuurl \,"Live Oak, TX"
Sat May 25 17:52:20 +0000 2019,"   Cantaloupe and honeydew are basically 1A and 1B for me.'""","Chapel Hill, NC"
Sat May 25 17:52:20 +0000 2019,"  Trump is unfit to be President.'""","Tennessee, USA"
Sat May 25 17:52:20 +0000 2019,"Cleared: Incident on #JerseyLine at Bay Head Station'""","Bay Head, NJ"
Sat May 25 17:52:20 +0000 2019,"Jaire Alexander and Darnel savage the flash brothers lol'""","Amarillo, TX"
Sat May 25 17:52:19 +0000 2019,Show time. ,"Manhattan, NY"
Sat May 25 17:52:19 +0000 2019,"#SMOKERSONLY'""","Chicago, IL"
Sat May 25 17:52:19 +0000 2019, Hey  are you trying to keep up with AG Barr? He already cherrypicked the Mueller Report and n\ ,"Hawaii, USA"
Sat May 25 17:52:19 +0000 2019,Ahhh \ ,"Rockville, MD"
Sat May 25 17:52:19 +0000 2019,"Cleared: Incident on #NorthLine at Bay Head Station'""","Bay Head, NJ"
Sat May 25 17:52:19 +0000 2019, 91. Literally the goat build. He get almost all shooting badges gold. And all mid range is HOF. Off the\ ,"Orlando, FL"
Sat May 25 17:52:19 +0000 2019,"Do anything for clout'""","Alvin, TX"
Sat May 25 17:52:19 +0000 2019,"Can\ even imagine the energy in both the square and the arena tonight in Toronto. One win away.'""","Los Angeles, CA"
Sat May 25 17:52:19 +0000 2019,"'""Richard Ashcroft finally gets the royalty rights to Bitter Sweet Symphony""  ","Arkansas, USA"
Sat May 25 17:52:19 +0000 2019,Okay! Please tag a friend that can help me figure out what these little guys are!? They have no skeletal structure.\ ,"Tierra Verde, FL"
Sat May 25 17:52:19 +0000 2019," If it\ an NBA game scenario I\ not hitting one I\ go ahead and not participate in that'""","Lake Jackson, TX"
Sat May 25 17:52:19 +0000 2019," These racists were here long before Trump. Now they merely think they will get away with it.'""","Emeryville, CA"
Sat May 25 17:52:19 +0000 2019," It sounded like a good idea!'""","Truckee, CA"
Sat May 25 17:52:19 +0000 2019,AHSTW also trying to make history today. ,"Shenandoah, IA"
Sat May 25 17:52:19 +0000 2019,  Of course! I hate the Phillies 150 games per year...give or take. However many times they play\ ,"Pennsylvania, USA"
Sat May 25 17:52:19 +0000 2019,"I\'m at Foodie\'s Urban Market in Boston, MA ","Boston, MA"
Sat May 25 17:52:18 +0000 2019,Checking on  after that bunt like... ,"Oxford, MS"
Sat May 25 17:52:18 +0000 2019,"lol I fell in love with Testimony by Kodak all of a sudden \ got to listen to it everyday'""","Florida, USA"
Sat May 25 17:52:18 +0000 2019,Congratulations  Claire Hawkins Megan Vance and Piper Wasinger on getting 3rd in the 4x800 wit a time\ ,"Wichita, KS"
Sat May 25 17:52:18 +0000 2019," I\ done talking to you Bruh.'""","Boston, MA"
Sat May 25 17:52:18 +0000 2019,Congratulations  and  \ ,"Lewis Center, OH"
Sat May 25 17:52:18 +0000 2019," forgot my BBQ sauce & im salty ...'""","Baton Rouge, LA"
Sat May 25 17:52:18 +0000 2019,The drinks may or may not be flowing in the suite... ,Charlotte Motor Speedway
Sat May 25 17:52:18 +0000 2019," #CakesInTheMiddle'""","Chicago, IL"
Sat May 25 17:52:18 +0000 2019,"  in Spring Hill KS!'""","Olathe, KS"
Sat May 25 17:52:17 +0000 2019,  But we\ flip them 4/Wagner for 5/Cedi and their 2020 1st. \,"Bakersfield, CA"
Sat May 25 17:52:17 +0000 2019,Me as a parent. ,"North Carolina, USA"
Sat May 25 17:52:17 +0000 2019,Time for My Fair Lady!!! ,"Manhattan, NY"
Sat May 25 17:52:17 +0000 2019,I want to thank Disney and their annual hearing exams for teaching me the proper insertion procedure for foam earpl\ ,"Las Vegas, NV"
Sat May 25 17:52:17 +0000 2019,I hate people who pace by the window \,"Manhattan, NY"
Sat May 25 17:52:17 +0000 2019, Izgleda i ja. \,"Niles, IL"
Sat May 25 17:52:17 +0000 2019,DALE ,"Brookfield, IL"
Sat May 25 17:52:17 +0000 2019,LMAOOOOOOOOOOOOOOOOOOOOOOOOOOOOOOOOOOOOOOOOOOOOOOOOOOOOOOOOOOOOOOO ,"Lancaster, TX"
Sat May 25 17:52:17 +0000 2019,"Want to work in #CarsonCity, NV? View our latest opening:  #Nursing'""","Nevada, USA"
Sat May 25 17:52:16 +0000 2019,Still life in museums. With dashes of movement. #rooftophappening #nyc #whitneymuseum @ Whitney Museum of American\ ,"Manhattan, NY"
Sat May 25 17:52:16 +0000 2019,All my friends are busting my balls today..like give me a break \,"Brooklyn, NY"
Sat May 25 17:52:16 +0000 2019,Not the entire time ,"Napa, CA"
Sat May 25 17:52:16 +0000 2019,"near bsgstblender: 1a8c4a3b-335c-4a25-8087-c89a29dc95ce'""","Pittsburgh, PA"
Sat May 25 17:52:16 +0000 2019,"It\ so sad to see how blind people really are....'""","Hanover, PA"
Sat May 25 17:52:16 +0000 2019,Fresh #memorialdayweekend cut by terrybridges1 aka Da Bridge \ #hairculture #phillybarbers #philly\ ,"Philadelphia, PA"
Sat May 25 17:52:16 +0000 2019,"OSU to the WCWS? I don\ say this often, but heck yeah!'""","Oklahoma, USA"
Sat May 25 17:52:16 +0000 2019,Heat ,"Inglewood, CA"
Sat May 25 17:52:15 +0000 2019,"Ingram Content Group believes in our work. Be a part of our family in Nashville, TN. Apply now!\ ","Nashville, TN"
Sat May 25 17:52:15 +0000 2019," Such corrupt organized crime. Our police and so called justice system.'""","Lancaster, CA"
Sat May 25 17:52:15 +0000 2019,"In DII state doubles final, Tuckerman-Madison lead Sundaraman-Seneviratne 5-4 in 3rd set'""","Mason, OH"
Sat May 25 17:52:15 +0000 2019,"Accident in #Portland on I 5 SB at Broadway, stop and go traffic back to I-405, delay of 2 mins #PDXtraffic ","Portland, OR"
Sat May 25 17:52:15 +0000 2019,"      BOMB!!!!'""","Philadelphia, PA"
Sat May 25 17:52:15 +0000 2019,"Is there a smoking area in Wrigley stadium?'""","Chicago, IL"
Sat May 25 17:52:15 +0000 2019,"aw \ seeing everyone\ comments about their dads is so sad lol just being transparent, it took me yearss to have a\ ","Fairfield, CA"
Sat May 25 17:52:15 +0000 2019,Accident in #Methuen on Rt 93 NB near EX 46 - Rt-110 #traffic ,"Methuen Town, MA"
Sat May 25 17:52:15 +0000 2019,I miss my Gemini twin. Kayla needs to come homeeee\,"Charlotte, NC"
Sat May 25 17:52:15 +0000 2019,"Does anyone else still try to have an equal number of steps in each square of the sidewalk?..... or is that just me'""","Mansfield, TX"
Sat May 25 17:52:15 +0000 2019,"I\'m at Surfside Market in Hampton, NH ","Hampton Beach, NH"
Sat May 25 17:52:15 +0000 2019," Naw just go to another dimension I\ be back tomorrow'""","South Carolina, USA"
Sat May 25 17:52:15 +0000 2019," # Haber ....'""","Bal Harbour, FL"
Sat May 25 17:52:15 +0000 2019,"As you light up your grills, remember these safety tips! ","Bridgeport, CT"
Sat May 25 17:52:14 +0000 2019,   \ has the most insecure & jealous fans in the world.\ -UNC fan  ,"Worthington Hills, KY"
Sat May 25 17:52:14 +0000 2019,HAHAHAHA me everyday in lubbock ,"Vernon, TX"
Sat May 25 17:52:14 +0000 2019,"Prayers up to  and family. Better days are ahead'""","New Berlin, WI"
Sat May 25 17:52:14 +0000 2019,Round 1 ,"Pasadena, CA"
Sat May 25 17:52:14 +0000 2019, Some action photos of Zach & Asher at the #VaultTourATL ! ,"Atlanta, GA"
Sat May 25 17:52:14 +0000 2019,"Asa ko magsugod Lord?'""","South Hempstead, NY"
Sat May 25 17:52:14 +0000 2019,"Pit road open on lap 49 #NASCAR'""","Lamar, MO"
Sat May 25 17:52:14 +0000 2019," I take a bottle of water everywhere I go, and I mean everywhere!!'""","Lake Darby, OH"
Sat May 25 17:52:14 +0000 2019,"Please help a girl out on tumblr @ swiftie00'""","Ohio, USA"
Sat May 25 17:52:14 +0000 2019,Santorini Greece > Huntington beach thats why ,"Ontario, CA"
Sat May 25 17:52:14 +0000 2019, This also doesn\ fix everything. Trump\ judges will still be infecting the judiciary for years to c\ ,"Denver, CO"
Sat May 25 17:52:14 +0000 2019,Just sit back. Relax and revel in the fact that your neighbors probably haven\ held hands or French kissed in 20 y\ ,"Manhattan, NY"
Sat May 25 17:52:14 +0000 2019," Me reading ur kind words, made them smile. God bless u and carry that smile forward to the next, to he\ ","Kirby, TX"
Sat May 25 17:52:14 +0000 2019,"'Career tip for landing jobs like ""Sr. Accountant"" in #Alvin, TX. Go on informational interviews. The best way to ge\ ","Alvin, TX"
Sat May 25 17:52:14 +0000 2019,"Come on in, Dane Haveman! Let\'s finish this thing! #WreckEm #GoTech!!!""'","Lubbock, TX"
Sat May 25 17:52:14 +0000 2019,"current weather in Saint Charles: broken clouds, 75\ humidity, wind 21mph, pressure 1014mb'""","Illinois, USA"
Sat May 25 17:52:14 +0000 2019,49 years young! I am blessed to see another year! I am so blessed and grateful to be able to train my mind and body\ ,"Brooklyn, NY"
Sat May 25 17:52:13 +0000 2019,"Want to work at Confidential? We\'re hiring in #Danbury, CT! Click the link in our bio for details on this job and m\ ","Connecticut, USA"
Sat May 25 17:52:13 +0000 2019," I grew up in the outfield bleacher seats of old Busch Stadium.'""","Virginia, USA"
Sat May 25 17:52:13 +0000 2019,"He finna kill this bitch dead watch !!!!'""","Shreveport, LA"
Sat May 25 17:52:13 +0000 2019,"After wanting to be out and about by 11 am, I am finally ready to get ready to eventually get out'""","Murfreesboro, TN"
Sat May 25 17:52:13 +0000 2019,"dont understand why tf you made us come out here my nig'""","South Hill, WA"
Sat May 25 17:52:13 +0000 2019," Bingo! \ long as it doesn\ harm others\ you do agree with me.'""","Texas, USA"
Sat May 25 17:52:13 +0000 2019,"  Love that! Happy Saturday Fly Fit Family.'""","Sacramento, CA"
Sat May 25 17:52:13 +0000 2019," We always see them on my parent\ lake. But have never see them tow their boat.'""",Lake Templene
Sat May 25 17:52:13 +0000 2019,I\ so annoying \ ,"Navy Yard, Washington"
Sat May 25 17:52:13 +0000 2019,The AC in my car is on Legend Status rn \,"South Carolina, USA"
Sat May 25 17:52:13 +0000 2019," Roll back my age 50 years, and I\ still be too shy to ask her to prom. Good for him.'""","Redmond, WA"
Sat May 25 17:52:12 +0000 2019, Probably\,"Houston, TX"
Sat May 25 17:52:12 +0000 2019,  So cuteee\,"Denver, CO"
Sat May 25 17:52:12 +0000 2019,Y\ in 48 hours I\ going to be living my destiny of being a bougie nature queen in aspen \,"Coppell, TX"
Sat May 25 17:52:12 +0000 2019,"#SupportBlackCountryArtists'""","Johns Creek, GA"
Sat May 25 17:52:12 +0000 2019,"  Point me in Direction if a GooD one'""","South Carolina, USA"
Sat May 25 17:52:12 +0000 2019,Haters gon\ say it\ fake \ ,"Paradise, NV"
Sat May 25 17:52:12 +0000 2019," i\ heard of that! how far is it from tampa? far??'""","Gandy, FL"
Sat May 25 17:52:12 +0000 2019,Give me all the sugaaa \ @ Legendairy Milkshake Bar ,"Nashville, TN"
Sat May 25 17:52:12 +0000 2019," Hey, I haven\ had kombucha since finals week \","Pennsylvania, USA"
Sat May 25 17:52:12 +0000 2019,We\'re in #mississippi @ Mississippi ,"Mississippi, USA"
Sat May 25 17:52:12 +0000 2019, Katakuri would be amazing. I wonder how they would do his moochi attacks \,"Darby Township, PA"
Sat May 25 17:52:12 +0000 2019,Try and try until you succeed \ ,"Tallahassee, FL"
Sat May 25 17:52:12 +0000 2019,  *non-existent character writing\,"Michigan, USA"
Sat May 25 17:52:12 +0000 2019," Shocker!'""","Philadelphia, PA"
Sat May 25 17:52:12 +0000 2019,"Interested in a job in #Guymon, OK? This could be a great fit. Click the link in our bio to apply: Air Package Driver at UPS #Transportation'""","Guymon, OK"
Sat May 25 17:52:11 +0000 2019,"Want to work at Sunrise Senior Living? We\'re hiring in #Fresno, CA! Click for details:  #BestWorkPlaces""'","Fresno, CA"
Sat May 25 17:52:11 +0000 2019,"times like this, I wish I lived closer to my mom or sister \","North Dakota, USA"
Sat May 25 17:52:11 +0000 2019,"Random grab, as have they have all been today-ish. Chapel Hill faves here. Thanks Underdog Records! #vinyl\ ","Winston-Salem, NC"
Sat May 25 17:52:11 +0000 2019,"  Weird, right?'""","Indianapolis, IN"
Sat May 25 17:52:11 +0000 2019," Great share, Stink. Thanks!'""","West Babylon, NY"
Sat May 25 17:52:11 +0000 2019,     What\ taco johns? Doesn\ sound as good as sushi burrito. \,"Addison, IL"
Sat May 25 17:52:11 +0000 2019,I was honored to be part of Matthew Prado\'s Court of Honor ceremony with Rep  We presented Matthew wit\ ,Wesley Park United Methodist Church
Sat May 25 17:52:11 +0000 2019," This is the most \ tweet ever'""","Memphis, TN"
Sat May 25 17:52:11 +0000 2019,  you equate this with statues of  confederate robert e lee to overthrow the constitution w\ ,"New Jersey, USA"
Sat May 25 17:52:11 +0000 2019,you already know whats up #KNJMERCH ,"Florida, USA"
Sat May 25 17:52:10 +0000 2019,I\ such a grammarphobe snob that whenever people write a comment to me and it includes glaringly incorrect English\ ,"Honolulu, HI"
Sat May 25 17:52:10 +0000 2019,This is a great idea! Get involved. I stepped on the scale this morning and saw a number I didn\ like. I then thre\ ,"Lincoln Park, NY"
Sat May 25 17:52:10 +0000 2019, I was moving like that in school \,"Frisco, TX"
Sat May 25 17:52:10 +0000 2019," Sheesh, you coulda just texted me no need to publicly shame me \ \ \","Virginia Beach, VA"
Sat May 25 17:52:10 +0000 2019,Lmao \ ,"Oceanside, CA"
Sat May 25 17:52:10 +0000 2019,"There\ really dudes out here that don\ eat pussy and I\ honestly confused....'""","Long Beach, MD"
Sat May 25 17:52:10 +0000 2019,"don\ want you in my bloodline , just wanna have a good time'""","Fresno, TX"
Sat May 25 17:52:10 +0000 2019," Who is that jerk?'""","Grand Forks, ND"
Sat May 25 17:52:10 +0000 2019,Whew.... ,"Georgia, USA"
Sat May 25 17:52:10 +0000 2019," Lol!'""","Wisconsin, USA"
Sat May 25 17:52:09 +0000 2019,Field Trip to the sf showcase with the J. Rockcliff Realtors crew! \ to our good friend Daniella Estrada\ ,"San Francisco, CA"
Sat May 25 17:52:09 +0000 2019,"#ClevelandIsTheCity'""",Washington Park
Sat May 25 17:52:09 +0000 2019,it\ always scary when you love an album so incredibly much and worry if the artist\ follow up will live up... it\ ,"Arlington, TX"
Sat May 25 17:52:09 +0000 2019,"After the Farmer\'s Market, we stopped by  for a drink and a snack, then walked to the library. He\'s\ ","Crawfordsville, IN"
Sat May 25 17:52:09 +0000 2019,I\ marrying an asshole... sounds about right . ,"Georgia, USA"
Sat May 25 17:52:09 +0000 2019,    R.I.P.  they that burn brightest... ,"Manhattan, NY"
Sat May 25 17:52:09 +0000 2019, yes \,"Lakeland Heights, TX"
Sat May 25 17:52:09 +0000 2019,Um where can I go to try this!? ,"Houston, TX"
Sat May 25 17:52:08 +0000 2019, yk i did bro\,"Arkadelphia, AR"
Sat May 25 17:52:08 +0000 2019,John is gone straight off her \ ,"Georgia, USA"
Sat May 25 17:52:08 +0000 2019,Yo this must\ hurt ,"Los Angeles, CA"
Sat May 25 17:52:08 +0000 2019,Enjoying this Saturday babe on the grill .. while I sip \ ,"Florida, USA"
Sat May 25 17:52:08 +0000 2019, There\ a lot of old school companies making this calculation when buying  (shameless plug). Recl\ ,"San Francisco, CA"
Sat May 25 17:52:08 +0000 2019," Malo lol'""","Honolulu, HI"
Sat May 25 17:52:08 +0000 2019,Throwback for sure ,"Cherry Hill, VA"
Sat May 25 17:52:08 +0000 2019,  Yup! ,"Pryor Creek, OK"
Sat May 25 17:52:07 +0000 2019,So can we all agree now? ,"Pennsylvania, USA"
Sat May 25 17:52:07 +0000 2019,"I hope to inspire someone like you inspire me one day'""","Midland, TX"
Sat May 25 17:52:07 +0000 2019,"31% sending it to project z'""","South El Monte, CA"
Sat May 25 17:52:07 +0000 2019,Tonight at 7pm  ,"California, USA"
Sat May 25 17:52:07 +0000 2019,"wonder what it\ like having a normal family where not everyone hates each other'""","Indiana, USA"
Sat May 25 17:52:07 +0000 2019,"And that creates a conundrum that I do not have time for.'""","Philadelphia, PA"
Sat May 25 17:52:07 +0000 2019,Getting pumped for  #DoubleOrNothing with  from  ,"Paradise, NV"
Sat May 25 17:52:07 +0000 2019,"  Hathi is stubborn. Balou is bear.'""","Arlington, VA"
Sat May 25 17:52:07 +0000 2019," Amen Brother,  let\'s all PRAY""'","Texas, USA"
Sat May 25 17:52:07 +0000 2019,"  That\'s treason!""'","Denver, CO"
Sat May 25 17:52:06 +0000 2019,Jerome Jessup advances through the prelims and semifinals and will compete for a medal in the 200 meter final at th\ ,"Shippensburg, PA"
Sat May 25 17:52:06 +0000 2019, CNN REPORTERS. ,"Largo, FL"
Sat May 25 17:52:06 +0000 2019,Looking to score a job at IQVIA? You\'re in luck. Click the link in our bio for the job description and information\ ,"Morrisville, NC"
Sat May 25 17:52:06 +0000 2019," *get her I got so angry lmao'""","San Leandro, CA"
Sat May 25 17:52:06 +0000 2019,"   She\ a lost cause'""","New York, USA"
Sat May 25 17:52:06 +0000 2019,"And some of those people are obsessive avout trolling.'""","Philadelphia, PA"
Sat May 25 17:52:06 +0000 2019,  and I thought the Bengals made dumb decisions. ,"Fort Wayne, IN"
Sat May 25 17:52:05 +0000 2019,"current weather in Champaign: overcast clouds, 79\ humidity, wind 10mph, pressure 1016mb'""","Champaign, IL"
Sat May 25 17:52:05 +0000 2019,Spending time with God all day on my day off.. It\'s an everyday thing but I can actually spend time with the Lordy\ ,"Los Angeles, CA"
Sat May 25 17:52:05 +0000 2019,Wolf Sanctuary of Pennsylvania \ @ Wolf Sanctuary of PA ,"Pennsylvania, USA"
Sat May 25 17:52:05 +0000 2019, Hey I only offered the food you didn\ have to eat it \,"California, USA"
Sat May 25 17:52:05 +0000 2019,"In honor of that I want to say some of you people are obsessively dedicated to catching crazy.'""","Philadelphia, PA"
Sat May 25 17:52:05 +0000 2019,"Preparing for the 500th episode of #NirvanicTranceRadio, tomorrow night live from  88.9 in Irvine, CA.\ ","California, USA"
Sat May 25 17:52:05 +0000 2019,#LosFeministos cuando se hartaron de la paja: ,"Brooklyn, NY"
Sat May 25 17:52:05 +0000 2019,How was your #shopthetruck experience?\\nReview us on Google!\\n\  \ ,"Manhattan, NY"
Sat May 25 17:52:05 +0000 2019," His actions are completely unacceptable'""","Manhattan, NY"
Sat May 25 17:52:05 +0000 2019,Last minute preparations for our Class of 2019 ! ,"Rockford, IL"
Sat May 25 17:52:05 +0000 2019,"In Rural West Texas, Illegal Border Crossings Are Routine For U.S. Citizens\\n","Sacramento, CA"
Sat May 25 17:52:05 +0000 2019,Why do people love Door-Doc? Read our reviews to find out! \ #reviews #5stars #heretohelp\ ,"Broomfield, CO"
Sat May 25 17:52:05 +0000 2019,Drinking a Hipster Apocalypse by  at  \ ,"Brewer, ME"
Sat May 25 17:52:05 +0000 2019," A tu ex no le gusta esto Jajajajajaja'""","Miami, FL"
Sat May 25 17:52:05 +0000 2019," The bad things have not stopped happening in a Trump Presidency, therefore he has not helped the plight of the black man.'""","Indianapolis, IN"
Sat May 25 17:52:04 +0000 2019,"You know, I\ kind of getting tired of being in someone\ life when it\ convenient for them... \ they have time\","Texas, USA"
Sat May 25 17:52:04 +0000 2019,"I want to eat his ass'""","Elk Grove Village, IL"
Sat May 25 17:52:04 +0000 2019, Ok but you have to match the bet \,"Bonita, CA"
Sat May 25 17:52:04 +0000 2019,"  Yeah, it\ really wild how cowboy this country is when it comes to firearms \ and well ab\ ","San Diego, CA"
Sat May 25 17:52:04 +0000 2019,"AT King\'s Hawaiian, YOU\ NOT JUST AN EMPLOYEE, YOU\ `OHANA (FAMILY). Join us!  #Hospitality #KH""'","Torrance, CA"
Sat May 25 17:52:04 +0000 2019,"Wait, this is pretty effing true, too. Especially today. \ #spoonie ","Colorado, USA"
Sat May 25 17:52:04 +0000 2019,YOU ARE FINNNNNEEE AF\ ,"Omaha, NE"
Sat May 25 17:52:04 +0000 2019," You\'re thereeee!?!??""'","Boulder, CO"
Sat May 25 17:52:04 +0000 2019,"'Nervous to apply for a job like ""Full time Security Guard"" at Allied Universal? Apply even if you\\\'re not a 100% mat\ ","Washington, PA"
Sat May 25 17:52:04 +0000 2019,"Matt Ryan is getting overrated in these QB tier lists.'""","Kentucky, USA"
Sat May 25 17:52:04 +0000 2019,  Also \ true\ that after next season he will be 2nd all time in turnovers and when h\ ,"Orion, MI"
Sat May 25 17:52:04 +0000 2019,Congrats to my guys on breaking the all time state record\    ,"Shippensburg, PA"
Sat May 25 17:52:03 +0000 2019," 3pm be by the phone ! PERIOD, tell Josh watch his own kids while I tell you this tea!!!'""","Atlanta, GA"
Sat May 25 17:52:03 +0000 2019,"Fun times @ Great Barrington, Massachusetts ","Great Barrington, MA"
Sat May 25 17:52:03 +0000 2019,#imisspresidentobama ,"Los Angeles, CA"
Sat May 25 17:52:03 +0000 2019,Let\ get after it! Getting closer! Help Support the Pirates #VCFF ,"Long Beach, CA"
Sat May 25 17:52:03 +0000 2019,Well said! ,"Frisco, TX"
Sat May 25 17:52:03 +0000 2019,    Haha that\ awesome \,"North Carolina, USA"
Sat May 25 17:52:03 +0000 2019,"  Will do!'""","Virginia, USA"
Sat May 25 17:52:03 +0000 2019,Had baby Mack\ newborn pictures done today \,"Bellefontaine, OH"
Sat May 25 17:52:03 +0000 2019, Basically I rolled over ,"North Carolina, USA"
Sat May 25 17:52:03 +0000 2019," Trump'""","Naperville, IL"
Sat May 25 17:52:03 +0000 2019," Your not going to the baseball game?'""","St Louis, MO"
Sat May 25 17:52:03 +0000 2019,All mental young CEO! Either you\ a wolf or sheep. ,"Gateway, FL"
Sat May 25 17:52:03 +0000 2019,"BUSTED! High School Photos Come Back To Haunt Ocasio-Cortez, She Went By A DIFFERENT Name ","Westville, IN"
Sat May 25 17:52:03 +0000 2019,Appalled & disgusted that  hired Art Briles as HFC. What a horrid example he sets for those young men..\ ,"Washington, USA"
Sat May 25 17:52:03 +0000 2019,"I\ almost lali skin color\ I\ jus a shade away bih'""","Sunrise, FL"
Sat May 25 17:52:02 +0000 2019,Single until further notice & ready to act up all weekend \,"Lakeland, FL"
Sat May 25 17:52:02 +0000 2019,"Tales From The Crypto.'""","Manhattan, NY"
Sat May 25 17:52:02 +0000 2019," First get rid of Panelusts like Nissan Verma, Roach,Sumath R,etc.'""","San Francisco, CA"
Sat May 25 17:52:02 +0000 2019,Still \ ,"Houston, TX"
Sat May 25 17:52:02 +0000 2019," This has me mindfucked rn'""","Airmont, NY"
Sat May 25 17:52:02 +0000 2019," \ Loved This Thanks.'""","Coos Bay, OR"
Sat May 25 17:52:02 +0000 2019," Yes it does!!'""","Gilbert, AZ"
Sat May 25 17:52:02 +0000 2019,Drinking a Saison Bros\ by  at  \ ,"Philadelphia, PA"
Sat May 25 17:52:02 +0000 2019,"  I love me some  but I might not be able to pull that off.'""","Plattsmouth, NE"
Sat May 25 17:52:02 +0000 2019, I don\ ,"National City, CA"
Sat May 25 17:52:02 +0000 2019," w someone else bitch? good luck'""","Houston, TX"
Sat May 25 17:52:02 +0000 2019,  Lmao You Uncle Ice \,"Florida, USA"
Sat May 25 17:52:02 +0000 2019,Goals ,"East Freehold, NJ"
Sat May 25 17:52:02 +0000 2019,We ready ,"Atlanta, GA"
Sat May 25 17:52:02 +0000 2019,Corkscrew\ trains looking fresh this year! Gotta love the retro flair of this classic Arrow coaster!\\n.\\n.\ ,"Sandusky, OH"
Sat May 25 17:52:02 +0000 2019," we making a movie today or what'""","San Diego, CA"
Sat May 25 17:52:01 +0000 2019,  She\ mad bc you took down her man aw \,"Bellflower, CA"
Sat May 25 17:52:01 +0000 2019, You\ assuming their intent was malice. There\ a bunch of things regarding their situation you do\ ,"Boise, ID"
Sat May 25 17:52:01 +0000 2019," They all miscalculated the nature of UNC issues and the appropriate venue for their punishment'""","Fishers, IN"
Sat May 25 17:52:01 +0000 2019," Lol you\ not allowed to tweet anymore'""","Newport News, VA"
Sat May 25 17:52:01 +0000 2019,I just got real sad. \,"Dallas, TX"
Sat May 25 17:52:01 +0000 2019,We were able to stop by and visit Mike today before a nice ride in beautiful Pilot Point. We\ riding for Mike in\ ,"Pilot Point, TX"
Sat May 25 17:52:01 +0000 2019,"Currently in the tree fort of my heart'""","Maryland, USA"
Sat May 25 17:52:01 +0000 2019,In 30 years don\ you want to say \ was the best decision I ever made\,"Florida, USA"
Sat May 25 17:52:00 +0000 2019, I wonder if they have an orange jumpsuit that will fit your tall lanky ass. Hmm. If the boys on East wing ha\ ,"Land O' Lakes, FL"
Sat May 25 17:52:00 +0000 2019,MLB Update\\n\\n\ Transactions (5/24):\\nThe Mets signed Matt Kemp & Ervin Santana as free agents\\n\\n\ Today\'s Matchup to W\ ,"San Francisco, CA"
Sat May 25 17:52:00 +0000 2019,on my way to Las Vegas \,"Fontana, CA"
Sat May 25 17:52:00 +0000 2019," \ e pain am.'""","Paradise, NV"
Sat May 25 17:52:00 +0000 2019,"Why are white people so condescending?'""","West Allis, WI"
Sat May 25 17:52:00 +0000 2019," Shake Shack is the best franchise burger joint. It slaps tf out'""","East Lansing, MI"
Sat May 25 17:52:00 +0000 2019,Can\ start the day without listening to ,"Colorado Springs, CO"
Sat May 25 17:52:00 +0000 2019," Girl especially when u loved the birch'""","West Bridgewater, MA"
Sat May 25 17:52:00 +0000 2019,  \,"Hollywood, FL"
Sat May 25 17:52:00 +0000 2019,"      Pretty sure I know the second reviewer'""","Wichita, KS"
Sat May 25 17:52:00 +0000 2019,"  I didn\ think they\ fly with a broken toilet tbh what if someone needs!?!?'""","Lake Butler, FL"
Sat May 25 17:51:59 +0000 2019,"I recently read a gossip piece wherein Flavortown mayor Guy Fieri said that we\'d never dated. This confused me, as\ ",Guy Fieri's El Burro Borracho
Sat May 25 17:51:59 +0000 2019,Drinking a KONG! Russian Imperial Stout by  at  \ ,"New Hampshire, USA"
Sat May 25 17:51:59 +0000 2019,Could you imagine if being short was an intimidating feature. Like you cause a problem in a club and they bouncer w\ ,"East Lansing, MI"
Sat May 25 17:51:59 +0000 2019,Happy birthday Ted #80 ,Ottumwa Cemetary
Sat May 25 17:51:59 +0000 2019, Cool good to know! But know that I am excited that I can drive 10 minutes to you instead of 30!\,"Boerne, TX"
Sat May 25 17:51:59 +0000 2019,        Ser\ que estar\ ,"Braintree, MA"
Sat May 25 17:51:59 +0000 2019,Harrison County ,"Clarksburg, WV"
Sat May 25 17:51:59 +0000 2019," Bet'""","Baltimore, MD"
Sat May 25 17:51:59 +0000 2019,I just got the nastiest look from this bitch in Atwater for buying a strawberita at 10:50am. Can people just mind their business \,"Atwater, CA"
Sat May 25 17:51:59 +0000 2019,"don\'t brag cause soon as you brag they fail you""'","Terrytown, LA"
Sat May 25 17:51:58 +0000 2019,  In the words of Mitch Grassi ,"Virginia Beach, VA"
Sat May 25 17:51:58 +0000 2019,*parents ,"Chino Hills, CA"
Sat May 25 17:51:58 +0000 2019,"Mango Dragonfruit Starbucks Refreshers are bold and gorgeous, just like me. #StarbucksAmbassador\ ","Los Angeles, CA"
Sat May 25 17:51:58 +0000 2019,"  He loves wikileaks, now wants to be just like it\","Pennsylvania, USA"
Sat May 25 17:51:58 +0000 2019,"Goodbye black, hello color \ @ The Confidante ","Miami Beach, FL"
Sat May 25 17:51:58 +0000 2019, Thanks for the follow! Please check out my blog: \\n\\n,"Stone Ridge, VA"
Sat May 25 17:51:58 +0000 2019,When I pay all my bills and still got some money to buy Chick-fil-A ,"St Louis, MO"
Sat May 25 17:51:58 +0000 2019,"'""The Internet guitarist Steve Lacy releases his first solo studio album""  ","Arkansas, USA"
Sat May 25 17:51:58 +0000 2019," I don\ understand how anyon could be against this idea.'""","Redmond, OR"
Sat May 25 17:51:57 +0000 2019,Trying to get work done on #Caturday #simon #rescuecats ,"Raleigh, NC"
Sat May 25 17:51:57 +0000 2019," Yay! Happy Birthday!!'""","Seattle, WA"
Sat May 25 17:51:57 +0000 2019,"current weather in Carol Stream: broken clouds, 76\ humidity, wind 21mph, pressure 1014mb'""","Carol Stream, IL"
Sat May 25 17:51:57 +0000 2019," I saw ad on your video this morning.'""","Fort Worth, TX"
Sat May 25 17:51:57 +0000 2019, I am sick to death of Trump\'s lies. How do his supporters believe his crap? It probably goes like thi\ ,"Arizona, USA"
Sat May 25 17:51:57 +0000 2019," Known that for years Carrie, your late to this game'""","Eugene, OR"
Sat May 25 17:51:57 +0000 2019," That\'s good fish.""'","Georgia, USA"
Sat May 25 17:51:57 +0000 2019,"Idc how rich I get I will NEVER pay for a booth at a club in Rochester lol'""","Irondequoit, NY"
Sat May 25 17:51:57 +0000 2019,One of my favorite #perennial #vegetables Crambe maritima or Sea Kale is about to flower!  ,"Santa Fe, NM"
Sat May 25 17:51:56 +0000 2019,"    Or he\ committed a crime and looking for a pardon'""","Chicago, IL"
Sat May 25 17:51:56 +0000 2019,This horrible all around \ make me think somebody got paid off but go gators!! ,"Tallahassee, FL"
Sat May 25 17:51:56 +0000 2019, WHAT on EARTH is this TRAITOR doing here?? ,"Palm Beach Gardens, FL"
Sat May 25 17:51:56 +0000 2019,"I\ going to bake, yaay!!'""","Westchester, IL"
Sat May 25 17:51:56 +0000 2019," yes, I just found that out. I can\'t figure snap chat out so I don\'t use it. oh well.""'","Philadelphia, PA"
Sat May 25 17:51:56 +0000 2019,"I\'m at  Tavern in Cleveland, OH ","Cleveland, OH"
Sat May 25 17:51:56 +0000 2019," Couldn\ agree more. Unfortunately those who struggle to have equal opportunity rarely have a voice.'""","Iowa Falls, IA"
Sat May 25 17:51:56 +0000 2019," Especially since my car starter stopped working had to drop another $639. I\ broke broke now'""","Texas, USA"
Sat May 25 17:51:56 +0000 2019,  WTF?? Why am I added to this conversation??? ,"Albuquerque, NM"
Sat May 25 17:51:56 +0000 2019,      I think he forgot ,"Willows, CA"
Sat May 25 17:51:55 +0000 2019,"  He is!'""","Los Angeles, CA"
Sat May 25 17:51:55 +0000 2019,Horrible news. Former  HC \\n\ \ \\n#HLMBB ,"Ashwaubenon, WI"
Sat May 25 17:51:55 +0000 2019," POS!!'""","North Carolina, USA"
Sat May 25 17:51:55 +0000 2019,"i look like a prostitute today and im really feeling it'""","Texas, USA"
Sat May 25 17:51:55 +0000 2019,"you feel like heaven to me'""","Coral Springs, FL"
Sat May 25 17:51:55 +0000 2019,"Would love to hear  tell me about the decision to stay green there? Just wondering. #NASCAR'""","Wesley Chapel, NC"
Sat May 25 17:51:55 +0000 2019, can\ leave me home alone. Out come the Super Bowl 52 highlights. #GoBirds ,"Philadelphia, PA"
Sat May 25 17:51:54 +0000 2019," I\ going to remember this.'""","Los Angeles, CA"
Sat May 25 17:51:54 +0000 2019,"Mutual friendships \ >>>>>'""","Myrtle Beach, SC"
Sat May 25 17:51:54 +0000 2019,"sc; imbowy'""","Bayamn, USA"
Sat May 25 17:51:54 +0000 2019, muchas felicidades!! Mi estimado!! Bendiciones y a darle gracia a Dios porque te permite seguir val\ ,"McAllen, TX"
Sat May 25 17:51:54 +0000 2019, Myself and Jacob made the drive up from Chicago waiting to get in and hope to say hello  ,"Milwaukee, WI"
Sat May 25 17:51:54 +0000 2019,"  Exacto.... d\ perfecto!! Jaja'""","Brooklyn, NY"
Sat May 25 17:51:54 +0000 2019,   So we\ given you credibility with our response to your fake tweeter hand\ ,"Manhattan, NY"
Sat May 25 17:51:54 +0000 2019,"For God so loved the world that He gave His only begotten Son, that whoever believes i\","Chicago, IL"
Sat May 25 17:51:54 +0000 2019," If they signed straight up we could make a run with the pieces already in place.'""","Brooklyn, NY"
Sat May 25 17:51:54 +0000 2019," It\ actually the best part. Because it doesn\ hurt at all.'""","Orlando, FL"
Sat May 25 17:51:54 +0000 2019," Lmfaoo'""","Georgia, USA"
Sat May 25 17:51:54 +0000 2019,    Yeah it\'s a great game! Some fantastic creatures you can take on\ ,"San Jose, CA"
Sat May 25 17:51:54 +0000 2019,Guess that explains the fountains. ,Kauffman Stadium
Sat May 25 17:51:53 +0000 2019," Ok I\'d FAWK dat up""'","Irondequoit, NY"
Sat May 25 17:51:53 +0000 2019,About to sit with Peterborough supporters to field questions about our campaign! We won\ wait to spread the word a\ ,"Peterborough, NH"
Sat May 25 17:51:53 +0000 2019,so many cousin graduations this year and I couldn\'t be more proud \,"Oakland, CA"
Sat May 25 17:51:53 +0000 2019,"  You don\ know Spanish or what'""","Thousand Oaks, CA"
Sat May 25 17:51:53 +0000 2019," Wow at me next time'""","College Station, TX"
Sat May 25 17:51:53 +0000 2019,"Yes, a lot of voters will notice it happen.'""","Winchester, NV"
Sat May 25 17:51:53 +0000 2019,"Want to work at The Creative Group? We\'re hiring in #Boston, MA! Click the link in our bio for details on this job\ ","Boston, MA"
Sat May 25 17:51:53 +0000 2019," Where are those?'""","Illinois, USA"
Sat May 25 17:51:53 +0000 2019,Saturday morning... \ #Vegas ,Palms Casino Resort
Sat May 25 17:51:53 +0000 2019,"The amount of single moms out here crazy...might come home with a family'""","Florida, USA"
Sat May 25 17:51:53 +0000 2019,"Mark, getting a little warm in the kitchen?? ","Florida, USA"
Sat May 25 17:51:53 +0000 2019,This MF #ATL Traffic doe \,"Atlanta, GA"
Sat May 25 17:51:53 +0000 2019,"'Nervous to apply for a job like ""Registered Nurse -$500 Sign On Bonus"" at Aveanna Healthcare? Apply even if you\\\'re\ ","Norfolk, VA"
Sat May 25 17:51:53 +0000 2019,  I wonder if they have an orange jumpsuit that will fit your tall lanky ass. Hmm. If the boys on\ ,"Land O' Lakes, FL"
Sat May 25 17:51:53 +0000 2019,"   Promoting violence are you, EhSun? Good job.'""","Indianapolis, IN"
Sat May 25 17:51:53 +0000 2019,"But whoso shall offend one of these little ones which believe in me, it were better for him that a m\ ","Pearland, TX"
Sat May 25 17:51:52 +0000 2019,AS  of 1:50pm light rain os falling in parts of INDY METRO ,"Indianapolis, IN"
Sat May 25 17:51:52 +0000 2019," considering worgen remaster is coming\\nyep'""","Wisconsin, USA"
Sat May 25 17:51:52 +0000 2019,"Veritude is hiring in #Westlake, TX! Click the link in our bio to apply: (Filled) Windows Support Specialist #IT'""","Westlake, TX"
Sat May 25 17:51:52 +0000 2019,"Much more than a place to work, Panera is a place to be ourselves, and better, with plenty of opportunities for gro\ ","Berlin, VT"
Sat May 25 17:51:52 +0000 2019," what happens when I shoot 7/10'""","Alafaya, FL"
Sat May 25 17:51:52 +0000 2019,Happy Bday bro ,"Georgia, USA"
Sat May 25 17:51:52 +0000 2019,Fascinante discusi\ sobre modelos de gobernanza y gesti\ penitenciaria en Latinoam\ Con  ,"Boston, MA"
Sat May 25 17:51:52 +0000 2019,"Letsgo iv qued into 7 different fucking games and they are all bricks this is great fucking practice'""","Bronx, NY"
Sat May 25 17:51:52 +0000 2019,"All clean and done for the day. @ Knightdale, North Carolina ","Knightdale, NC"
Sat May 25 17:51:52 +0000 2019,"  Keeps it interesting. Packaging goes a long way.'""","Texas, USA"
Sat May 25 17:51:52 +0000 2019,Lookin like a fuckin snack!!! \ ,"Washington, DC"
Sat May 25 17:51:51 +0000 2019,Great shopping experience  ,"Roseville, MN"
Sat May 25 17:51:51 +0000 2019,"Ahhh humidity, the heavy, damp towel that never dries all the way \","Atlanta, GA"
Sat May 25 17:51:51 +0000 2019," Thanks so much!'""","Aventura, FL"
Sat May 25 17:51:51 +0000 2019,"Just posted a photo @ Paradise, Nevada ","Paradise, NV"
Sat May 25 17:51:51 +0000 2019,"Welcome to the land of enchantment'""","Silver City, NM"
Sat May 25 17:51:51 +0000 2019," He should ignore it.'""","Reston, VA"
Sat May 25 17:51:51 +0000 2019,"  You and your friends can buy the PPV and split the cost. There are ways to afford the purchase.'""","Nevada, USA"
Sat May 25 17:51:51 +0000 2019,Smh. ,"Phoenix, AZ"
Sat May 25 17:51:51 +0000 2019," What a moron. Trump is not good enough to kiss Lincoln\ ass.'""","Queens, NY"
Sat May 25 17:51:51 +0000 2019," De Niro > Voight'""","Everett, WA"
Sat May 25 17:51:51 +0000 2019,"Well that explains why Brennan never sued, I guess. ","Chantilly, VA"
Sat May 25 17:51:50 +0000 2019,"   I\ seen it happen... he ain\ lyin'""","Texas, USA"
Sat May 25 17:51:50 +0000 2019,I really like how Ayanna Patterson plays ball! Good showing this morning \\n\\n #USABWU16 ,"Colorado, USA"
Sat May 25 17:51:50 +0000 2019,Just watched this a couple walking down the street and the boyfriend took the girls phone and told her where to sta\ ,"Washington, DC"
Sat May 25 17:51:50 +0000 2019,Racer in need \ ,"Missouri, USA"
Sat May 25 17:51:50 +0000 2019," That\'s where I got these!! Get one that matches and come visit!""'","Mount Laurel, NJ"
Sat May 25 17:51:50 +0000 2019,I\ just havin fun w it \,"Macon, GA"
Sat May 25 17:51:50 +0000 2019,We hydrating  ? ,"Florida, USA"
Sat May 25 17:51:50 +0000 2019,"  Impeach and convict him by tweet, I say, then enjoy the hypocrisy of him whining and c\ ","Holden, MA"
Sat May 25 17:51:49 +0000 2019,"everyone is getting butthurt bc I don\ feel like hanging out anymore'""","Long Beach, CA"
Sat May 25 17:51:49 +0000 2019,Need to know the temperature right away? Have the  app on your phone for weather info wherever you are\ ,"Portsmouth, VA"
Sat May 25 17:51:49 +0000 2019,Also my anniversary. We didn\'t know it at the time. Probably because 5.25 disks were still a thing. ,"Northampton, MA"
Sat May 25 17:51:49 +0000 2019,"When he said, \ got the devil flow, nigga\ \\n\\nI was straight on my Haha Davis #OoooImOuttaHere'""","Raleigh, NC"
Sat May 25 17:51:49 +0000 2019," If my nigga randomly paying for some bitch to get his nails done I\ liable to fuck another nigga'""","San Leandro, CA"
Sat May 25 17:51:49 +0000 2019, Chillin with my dog and his doggie girlfriend who lives next-door. It\ unseasonably crappy in Napa th\ ,"Napa, CA"
Sat May 25 17:51:49 +0000 2019,"current weather in Waukesha: moderate rain, 75\ humidity, wind 11mph, pressure 1013mb'""","Waukesha, WI"
Sat May 25 17:51:49 +0000 2019,Softball falls to Chatard in the Championship.  We are going to miss our Seniors!!  Thanks ladies and good luck at\ ,"Indianapolis, IN"
Sat May 25 17:51:49 +0000 2019," Wait huh'""","Port Arthur, TX"
Sat May 25 17:51:49 +0000 2019,Great ride this morning with all these amazing athletes. They kicked my butt and I did my best to keep up.\ ,"Ohio, USA"
Sat May 25 17:51:49 +0000 2019,"See our latest #Woonsocket, RI #Marketing job opportunity and click the link in our bio to apply: Sr Director, Tran\ ","Woonsocket, RI"
Sat May 25 17:51:49 +0000 2019," Sharing about your mother\'s nuts seems a bit much. Now I\'m more intrigued.""'","Murrieta, CA"
Sat May 25 17:51:49 +0000 2019, ugh ur the loml\,"South Bend, IN"
Sat May 25 17:51:49 +0000 2019,Fort Osage High School  is in the top 11 out of 23.  12 more games to go! #fortproud #fortrespect. #STATE\ ,Concord Sand Volleyball
Sat May 25 17:51:49 +0000 2019,maybe we\'ll plant some stuff right on in there! ,"Manchester, NH"
Sat May 25 17:51:49 +0000 2019,my aspirational mood is missy elliott\ dog on a private jet ,"Los Angeles, CA"
Sat May 25 17:51:48 +0000 2019,#vamosequipo #viscabarca\ \ @ Nationals Park ,"Washington, DC"
Sat May 25 17:51:48 +0000 2019," #YOULIE!!! From a Patriot and Veteran!!! #resignorbeimpeached!!'""","Colorado Springs, CO"
Sat May 25 17:51:48 +0000 2019,nah. ,"Georgia, USA"
Sat May 25 17:51:48 +0000 2019,Hope this can bring as much joy to you as I did for us making this for you. Happy #Caturday ,"Portland, OR"
Sat May 25 17:51:48 +0000 2019, This is truly scary that they could have the power by doing this to eliminate the results of the ele\ ,"Oak Creek, AZ"
Sat May 25 17:51:48 +0000 2019,Bulls ,"Inglewood, CA"
Sat May 25 17:51:48 +0000 2019," Iwgmdsftb'""","Kenner, LA"
Sat May 25 17:51:48 +0000 2019,  I remembering hearing someone come backstage and say a drone crashed? \,"Arden-Arcade, CA"
Sat May 25 17:51:48 +0000 2019, Lmaoooooo well turn up anyway! \,"Nashville, TN"
Sat May 25 17:51:47 +0000 2019," It was, but a tad early for that'""","Tucson, AZ"
Sat May 25 17:51:47 +0000 2019,"she think the trap is romantic'""","Louisiana, USA"
Sat May 25 17:51:47 +0000 2019,Pool party vibes \  Vegas up. ,Marquee Nightclub & Dayclub
Sat May 25 17:51:47 +0000 2019,"Idk man, salami is a pretty funny word'""","Chicago, IL"
Sat May 25 17:51:47 +0000 2019," Being an RN 40+years, still licensed'""","Goodyear, AZ"
Sat May 25 17:51:47 +0000 2019,This AAC announcer keeps saying \ a slider at 96\,"Middletown, CT"
Sat May 25 17:51:47 +0000 2019,A true treasure ,"Louisville, KY"
Sat May 25 17:51:47 +0000 2019,Awesome results so far! 2-0 in Tournament play. ,"Mount Vernon, VA"
Sat May 25 17:51:47 +0000 2019, I still watch Murder She Wrote\,"Cumberland, IN"
Sat May 25 17:51:47 +0000 2019,"  Man, people are really doing high fives over a guy that looks incredibly close to a Blake bortles clone...'""","Frisco, TX"
Sat May 25 17:51:47 +0000 2019,"Want to work at Einstein Bros. Bagels? We\'re hiring in #Denver, CO! Click for details:  #Hospitality""'","Denver, CO"
Sat May 25 17:51:47 +0000 2019,"About to enter A Whole New World of enchantment, excitement and fun. I love Aladdin! (@ Regal Cinemas City North 14\ ","Chicago, IL"
Sat May 25 17:51:46 +0000 2019,Lollia and Lizz are my favorite vocaloid duet pair for this song ahhhhhhhh especially with those English adaptation\ ,"Los Angeles, CA"
Sat May 25 17:51:46 +0000 2019,"This job might be a great fit for you: Grounds Tech, Adjunct Yearbook Advisor, Lifeguard -  #Clerical #Roswell, NM'""","Roswell, NM"
Sat May 25 17:51:46 +0000 2019,"When people tell you that you\ changed, please don\ be rude and make sure to thank them for the compliment.'""","Thousand Oaks, CA"
Sat May 25 17:51:46 +0000 2019," Dude is dumb lmao'""","Bronx, NY"
Sat May 25 17:51:46 +0000 2019,Exhausted but worth it! ,"Tacoma, WA"
Sat May 25 17:51:46 +0000 2019,Just posted a photo @ National Gallery of Art ,"Washington, DC"
Sat May 25 17:51:46 +0000 2019,"'Want to land a job like ""Nursing Assistant - Evening Shift with Sign On Bonus"" at Firesteel Healthcare Center? Appl\ ","Mitchell, SD"
Sat May 25 17:51:46 +0000 2019,well damn ,"Los Angeles, CA"
Sat May 25 17:51:46 +0000 2019," go off den \ hot girl summa fr'""","North Carolina, USA"
Sat May 25 17:51:46 +0000 2019,trinamiller100 News Update: E3 2019 Conferences & Predictions #GameOn #NewsUpdate  via ,"Wichita, KS"
Sat May 25 17:51:46 +0000 2019,Put a smile in my belly! #OokiiHugo #Ippudo #Ramen @ Ippudo Westside ,"Manhattan, NY"
