Date,Tweet
Date,eet',Country
Thu Jun 27 07:46:31 +0000 2019,"never good enough'""","Texas, USA"
Thu Jun 27 07:46:31 +0000 2019,"  u'""","Oregon, USA"
Thu Jun 27 07:46:31 +0000 2019,"I would like to take a min to thank the police departments.. and the #SS..'""","Miami, FL"
Thu Jun 27 07:46:31 +0000 2019," The Wiggles'""","Pennsylvania, USA"
Thu Jun 27 07:46:50 +0000 2019,,"San Francisco, CA"
Thu Jun 27 07:46:49 +0000 2019,I always want more rings and earrings but I never know where to look for them \,"Columbus, MS"
Thu Jun 27 07:46:49 +0000 2019,I can\ stop watching this \ ,"Phoenix, AZ"
Thu Jun 27 07:46:48 +0000 2019," Who\ jack ?'""","San Diego, CA"
Thu Jun 27 07:46:48 +0000 2019, I\ getting a pet owl \,"Waipahu, HI"
Thu Jun 27 07:46:48 +0000 2019,"nothing lasts forever, remember that'""","Union City, CA"
Thu Jun 27 07:46:47 +0000 2019,"  You a damn lie. Gemini\ are one of the best signs. Definitely top 5'""","Los Angeles, CA"
Thu Jun 27 07:46:47 +0000 2019, That\ funny \,"Arizona, USA"
Thu Jun 27 07:46:47 +0000 2019,Seeing stuff like this make me remember not to complain so much. I have it easy out here. ,"Ennis, TX"
Thu Jun 27 07:46:47 +0000 2019,You prolly thought that you\ break my heart \,"Nevada, USA"
Thu Jun 27 07:46:46 +0000 2019,This niggaaaa so.. damn..FINEEEE\        But making me look stupid assss helll\ ,"Windemere, TX"
Thu Jun 27 07:46:45 +0000 2019," Recurring donation is most helpful.\\n#Warren2020'""","Peachtree City, GA"
Thu Jun 27 07:46:45 +0000 2019," \ the tough days'""","Covington, WA"
Thu Jun 27 07:46:44 +0000 2019," and  are so talented, oml\","Wisconsin, USA"
Thu Jun 27 07:46:43 +0000 2019,"can\ wait to show you guys the new stuff i\ been creating but for now this artist needs face care n sleep, goodnight all\","Richland, WA"
Thu Jun 27 07:46:43 +0000 2019," Definitely.'""","Hawaii, USA"
Thu Jun 27 07:46:43 +0000 2019,  \,"Urbandale, IA"
Thu Jun 27 07:46:43 +0000 2019,"En las malas te das cuenta de tus amigos'""","Dallas, TX"
Thu Jun 27 07:46:42 +0000 2019,"It\ 2:46 and I could nap hard rn. I hate night shift with a passion'""","North Dakota, USA"
Thu Jun 27 07:46:42 +0000 2019,"  If it looks like it is wearing a diaper, probably is wearing a diaper.'""","Silver Lakes, CA"
Thu Jun 27 07:46:42 +0000 2019,Topless photo. ,"Houston, TX"
Thu Jun 27 07:46:42 +0000 2019," Someone call a doctor!!'""","Lenoir City, TN"
Thu Jun 27 07:46:42 +0000 2019,"this nigga gets on my nerve everyday of my life. ughh'""","Stockbridge, GA"
Thu Jun 27 07:46:42 +0000 2019,"    Julian was my Mayor, not a great one. & doesn\'t even speak\ ","San Antonio, TX"
Thu Jun 27 07:46:41 +0000 2019, Di plane Di plane ,"Wichita Falls, TX"
Thu Jun 27 07:46:41 +0000 2019, LMAO he ain\ wanna catch the smoke \ ,"Garland, TX"
Thu Jun 27 07:46:41 +0000 2019,"Truth hurts but denial heals'""","Modesto, CA"
Thu Jun 27 07:46:40 +0000 2019,what\'s your concert history?\\n\\nfirst concert: Britney Spears & LFO\\nlast concert: Kim Petras\\nnext concert: Banks\\nbest\ ,"Illinois, USA"
Thu Jun 27 07:46:40 +0000 2019," Beto was really disappointing. Warren was meh. I was impressed with Castro and Booker the most. Hate Tulsi.'""","Evergreen Park, IL"
Thu Jun 27 07:46:40 +0000 2019,"  Donde est\ el amor... Pablo Albor\ y Jessy&joy'""","Princeville, HI"
Thu Jun 27 07:46:39 +0000 2019," This...this makes me very happy!! An indie book sells at least 130,000 copies!! That\'s good for EVERYONE!! \","Pennsylvania, USA"
Thu Jun 27 07:46:39 +0000 2019,"My glasses just fell behind my couch and I can\'t reach them. FML""'","Pittsfield, MI"
Thu Jun 27 07:46:38 +0000 2019," Barahin niyo. Di mananahimik yan hanggat di binabara.'""","South San Francisco, CA"
Thu Jun 27 07:46:37 +0000 2019,"Up'""","Elk Grove, CA"
Thu Jun 27 07:46:37 +0000 2019, *taste\,"University, FL"
Thu Jun 27 07:46:36 +0000 2019,"   No not really'""","Pennsylvania, USA"
Thu Jun 27 07:46:36 +0000 2019,i forgot i gave him a penny and he showed his whole fuckin family. i am literally crying thinkin about him rn. he h\ ,"Houston, TX"
Thu Jun 27 07:46:35 +0000 2019," #sabr49'""","San Diego, CA"
Thu Jun 27 07:46:35 +0000 2019," Too much of everything is just enough!!  You go girl!!'""","Tampa, FL"
Thu Jun 27 07:46:35 +0000 2019,4/10 for Child\ Play. Maybe if I was faded it would\ been like a 5\,"Montebello, CA"
Thu Jun 27 07:46:34 +0000 2019, \,"Tempe, AZ"
Thu Jun 27 07:46:34 +0000 2019,"netflix shows worth watching?'""","Georgia, USA"
Thu Jun 27 07:46:34 +0000 2019," When \ I\ never been fishing'""","Compton, CA"
Thu Jun 27 07:46:34 +0000 2019,Gn\ say y\ prayers \,"Humble, TX"
Thu Jun 27 07:46:33 +0000 2019,Live it & stay lowkey. Privacy is everything \,"Portland, OR"
Thu Jun 27 07:46:33 +0000 2019," LOGAN WHAT IS THIS  CALL LOGAN AND ASK IF THIS IS HAPPENING'""","Columbus, OH"
Thu Jun 27 07:46:32 +0000 2019,  Because she\ the most sane candidate the Dems have she refuses to play identity politic\ ,"Union City, CA"
Thu Jun 27 07:46:32 +0000 2019,"My heart is in my stomach'""","Denver, CO"
Thu Jun 27 07:46:32 +0000 2019,"When you wake up to the new day today, before you move, before you do a single thing, say the magic words, thank you'""","Sayreville, NJ"
Thu Jun 27 07:47:12 +0000 2019,"I need another go round'""","Norfolk, VA"
Thu Jun 27 07:47:12 +0000 2019,"partying is all fun and games until you can\ remember how or why you ruined your whole relationship. #neveragain #WhatHappensinKCstaysinKC'""","Louisiana, USA"
Thu Jun 27 07:47:12 +0000 2019," do ff bck G'""","Somerset, NJ"
Thu Jun 27 07:47:12 +0000 2019," DC, 22 ","Washington, DC"
Thu Jun 27 07:47:12 +0000 2019, Suspect #1 ,"Chicago, IL"
Thu Jun 27 07:47:11 +0000 2019,This shoulda been a mf shark but y\ wanna litter ,"Mesa, AZ"
Thu Jun 27 07:47:11 +0000 2019," #evadenebuula'""","Lubbock, TX"
Thu Jun 27 07:47:11 +0000 2019,"Stay on yo shit and don\ tell nobody nothing'""","Houston, TX"
Thu Jun 27 07:47:10 +0000 2019,"is 4am considered early or late'""","Seattle, WA"
Thu Jun 27 07:47:10 +0000 2019,"Seriously playing Illenium at the bar right now and I\'m in fucking tears. Wtf.""'","Boise, ID"
Thu Jun 27 07:47:09 +0000 2019,Como sabota falava \ cocaina no avi\ da fabe\,"Richmond, CA"
Thu Jun 27 07:47:09 +0000 2019,Why am I up?? \,"Bronx, NY"
Thu Jun 27 07:47:09 +0000 2019,  won because all these mfkers be biting his plans \,"Tucson, AZ"
Thu Jun 27 07:47:09 +0000 2019,on dee gang twitter beefing ass hoes \ ,"Miami, FL"
Thu Jun 27 07:47:08 +0000 2019," Wish we were close!!!'""","Scottsdale, AZ"
Thu Jun 27 07:47:08 +0000 2019,"The captain of the valley reflecting onto the calm Merced river during Autumn in Yosemite. El Capitan, Yosemite Val\ ","California, USA"
Thu Jun 27 07:47:08 +0000 2019,For real my \ overflows with love for these two powerful and wonderful ladies   ,"Los Angeles, CA"
Thu Jun 27 07:47:08 +0000 2019,"Since it\ 12:46am in la , that means it\  golden birthday ! Happy birthday to the mother goddess w\ ","Honolulu, HI"
Thu Jun 27 07:47:07 +0000 2019,current donation goal: the cost of this pc & capture card \,"Carson, CA"
Thu Jun 27 07:47:07 +0000 2019,"three liters of water a day is killing my bladder'""","Rancho Cucamonga, CA"
Thu Jun 27 07:47:06 +0000 2019, True meaning of love. \,"Pinellas Park, FL"
Thu Jun 27 07:47:05 +0000 2019," Someone picked the wrong person to have a go at.'""","Texas, USA"
Thu Jun 27 07:47:05 +0000 2019,"So my daughter is taking the no breast milk thing really well!!! Like I did not think it was gonna be this easy *knock on wood*'""","Oakland, CA"
Thu Jun 27 07:47:04 +0000 2019," doublemint, guillotine, juice'""","Lacey, WA"
Thu Jun 27 07:47:04 +0000 2019,"Hello it\ 2:47 am and I want to be cradled like a baby'""","Oxford, MS"
Thu Jun 27 07:47:04 +0000 2019," So who you going with then'""","Nashville, TN"
Thu Jun 27 07:47:03 +0000 2019,"All lanes blocked due to an accident in #I80 on I-80 EB between US 30 and Francis Rd, solid traffic back to Chicago St, delay of 45 mins'""","New Lenox, IL"
Thu Jun 27 07:47:03 +0000 2019,"  We know that you know better. \\nSeriously stop kidding around.'""","Beach Haven West, NJ"
Thu Jun 27 07:47:02 +0000 2019,The new Annabelle was kinda scary not gunna lie\,"Jennings Lodge, OR"
Thu Jun 27 07:47:02 +0000 2019, \ ,"Victoria, TX"
Thu Jun 27 07:47:01 +0000 2019," I\ single, so all the space\\nwould be mine to utilize\\n\\nI have hobbies & potential business ideas, so m\ ","Tucson, AZ"
Thu Jun 27 07:47:01 +0000 2019,"We\'re hiring! Click to apply: Restaurant Service and Kitchen Team (2853) - Pre-Open -  #RestaurantCareer #Hospitality""'","Franklin, TN"
Thu Jun 27 07:47:01 +0000 2019," RUN'""","Milwaukee, WI"
Thu Jun 27 07:47:01 +0000 2019,This is so \ ,"Hilo, HI"
Thu Jun 27 07:47:01 +0000 2019,mmmm yummmyyy\ ,"Lathrop, CA"
Thu Jun 27 07:47:00 +0000 2019,"Why was i born looking this bad omg'""","Los Angeles, CA"
Thu Jun 27 07:47:00 +0000 2019," Who dis'""","Denver, CO"
Thu Jun 27 07:47:00 +0000 2019,It was ok. I just got off work. About to head home & Netflix it till I fall asleep. ,"Hazelwood, MO"
Thu Jun 27 07:47:00 +0000 2019," Delaney\ calitalism scares the underpaid indebted libs, confirmed.\\n\\nAlso his giant, massive dong, too.'""","Washington, USA"
Thu Jun 27 07:46:59 +0000 2019,"Ghost are just like good women, they exist but they never come around'""","Emigsville, PA"
Thu Jun 27 07:46:59 +0000 2019, corn bone? ,"Laguna Niguel, CA"
Thu Jun 27 07:46:59 +0000 2019," What up'""","Port Huron, MI"
Thu Jun 27 07:46:58 +0000 2019,why have I been thinking this \ ,"Nashville, TN"
Thu Jun 27 07:46:58 +0000 2019,"A SILENT VOICE MADE ME CRY LIKE A BABY THE CINEMATICS THE CHARACTER DEVELOPMENT THE ENTIRE THING IM-'""","Lake Zurich, IL"
Thu Jun 27 07:46:58 +0000 2019," She didn\ say that, you liar!'""","New Britain, CT"
Thu Jun 27 07:46:58 +0000 2019,I got to see the loml  thanks for an amazing show! ,"Los Angeles, CA"
Thu Jun 27 07:46:58 +0000 2019," As a constituent and PROUD \ supporter, I could not be happier to being represented so excep\ ","Queens, NY"
Thu Jun 27 07:46:58 +0000 2019," I\'ve been trying to figure that out. I went outside, walked down my block. Nothing. One neighbor le\ ","Selden, NY"
Thu Jun 27 07:46:58 +0000 2019," .'""","Bellingham, WA"
Thu Jun 27 07:46:57 +0000 2019," ANYTHING  is amazing!'""","California, USA"
Thu Jun 27 07:46:57 +0000 2019,#FabFitFun ,"Ohio, USA"
Thu Jun 27 07:46:57 +0000 2019," Nah fr'""","Houston, TX"
Thu Jun 27 07:46:57 +0000 2019,"God is real and he thinks you have a cute ass'""","Belvidere, IL"
Thu Jun 27 07:46:56 +0000 2019,"MAY THOSE OF YOU WITH INNOCENT BLOOD ON YOUR HANDS, BE EXPOSED AND MEET THE WRATH OF GOD ALMIGHTY! YA ALLAH(SWT)! P\ ","Montana, USA"
Thu Jun 27 07:46:56 +0000 2019,my mother ,"Georgia, USA"
Thu Jun 27 07:46:55 +0000 2019,This tat needa heal already \,"Lafayette, LA"
Thu Jun 27 07:46:55 +0000 2019,That middle of the Knight blunt \,"Elk Grove, CA"
Thu Jun 27 07:46:55 +0000 2019," Hi'""",United States
Thu Jun 27 07:46:54 +0000 2019,"    Some times they\'re right""'","Norcross, GA"
Thu Jun 27 07:46:54 +0000 2019,"Best part, thank you!! \ #FreeSpiritLosAngeles ","Los Angeles, CA"
Thu Jun 27 07:46:54 +0000 2019,"Someone text me'""","San Antonio, TX"
Thu Jun 27 07:46:54 +0000 2019,Every time I join someone\ live they end it \,"Los Angeles, CA"
Thu Jun 27 07:46:53 +0000 2019,"Mobiathin Richard is Moby Dick\ full name'""","Los Angeles, CA"
Thu Jun 27 07:46:53 +0000 2019,"illustrate these contradictions. By means of these, Matthew denounces, and at the same time tries to correct, the s\ ","Washington, DC"
Thu Jun 27 07:46:53 +0000 2019,"need to make a trip to charlotte just to eat lol'""","Greensboro, NC"
Thu Jun 27 07:46:53 +0000 2019,Talking to a customer tonight and he said he think the deaths in DR are a serial killer \,"Merritt Island, FL"
Thu Jun 27 07:46:53 +0000 2019,"Ima get a studio in the crib'""","Beaumont, TX"
Thu Jun 27 07:46:52 +0000 2019,He got that vegan glow & maybe weekly facials is my most educated guess. ,"Milton, NY"
Thu Jun 27 07:46:51 +0000 2019,My body hurts and I get to do it all over again tomorrow. Goodnight. ,"South Beloit, IL"
Thu Jun 27 08:01:31 +0000 2019," Self explanatory, you just here to spread the story \","Santa Ana, CA"
Thu Jun 27 08:01:31 +0000 2019,so um we met  and my sister cried when she met Joe and he kept making fun of her for it and waved us ov\ ,"West Hollywood, CA"
Thu Jun 27 08:01:31 +0000 2019,Has there ever been a MLB Rookie that doesn\ win the Rookie Of The Year yet wins the MVP?!? Just asking for a frie\ ,"Los Angeles, CA"
Thu Jun 27 08:01:30 +0000 2019,when karma does her job & then some\ ,"Nebraska, USA"
Thu Jun 27 08:01:30 +0000 2019, would love these ,"Coachella, CA"
Thu Jun 27 08:01:30 +0000 2019, talking about the #HatchAct on    First time I\ ever heard of the Hatch Act was from ,"Evansville, IN"
Thu Jun 27 08:01:29 +0000 2019," We look alike, awks \","San Diego, CA"
Thu Jun 27 08:01:29 +0000 2019," \ \ \ \ \ \ \ \ \ \ \ \ .'""","New York, NY"
Thu Jun 27 08:01:29 +0000 2019,"You come to America, Learn the English language and culture. The problem lies with Mexicans who believe they have t\ ","El Monte, CA"
Thu Jun 27 08:01:28 +0000 2019,"clear sky -> fog\\ntemperature down 67\ -> 62\ up 64% -> 87%\\nwind 11mph -> 6mph'""","Diamond Bar, CA"
Thu Jun 27 08:01:28 +0000 2019,Updated: Construction on #NewJerseyTurnpikeWesternSpur SB from South of Northern Mixing Bowl to South of...,"Ridgefield, NJ"
Thu Jun 27 08:01:28 +0000 2019,Updated: Construction on #NY5 Both directions at Town of Brant; Town of Evans ,"New York, USA"
Thu Jun 27 08:01:27 +0000 2019,This girl BD done sent me a friend request Tender dick ass nigga \,"New Orleans, LA"
Thu Jun 27 08:01:27 +0000 2019,Updated: Construction on #GeorgeWashingtonBridge EB at Upper Trans Manhattan Expressway ,"Manhattan, NY"
Thu Jun 27 08:01:27 +0000 2019,Please RT - you have more followers than I do.   ,"Highlands Ranch, CO"
Thu Jun 27 08:01:27 +0000 2019,"    Look I love Rollins, preferably heel Rollins, but still and I though\ ","North Dakota, USA"
Thu Jun 27 08:01:27 +0000 2019,"Cleared: Construction on #US9 Both directions from Main Street to Dock Street'""","Yonkers, NY"
Thu Jun 27 08:01:26 +0000 2019,"Join the Boulder Community Health team! See our latest job opening here:  #Boulder, CO #Healthcare'""","Boulder, CO"
Thu Jun 27 08:01:26 +0000 2019,"'waiting for g ""the money"" bravo to respond to my mess ","Pico Rivera, CA"
Thu Jun 27 08:01:25 +0000 2019,"Am I like the rocky ground in the parable where the seed dries up or am I like a strong rock who gives stability to my brothers and sisters?'""","Washington, DC"
Thu Jun 27 08:01:25 +0000 2019," Suddenly I\'m dry heaving and am afraid to go to sleep.""'","San Francisco, CA"
Thu Jun 27 08:01:24 +0000 2019,Shut the heck up\,"McFarland, CA"
Thu Jun 27 08:01:24 +0000 2019,"  Idk bruh it\ kinda perfect'""","Los Angeles, CA"
Thu Jun 27 08:01:24 +0000 2019,"' obvio que lo tome de google para ver lo que en ""teoria"" era la razon de ser de el feminismo y no lo\ ","Los Angeles, CA"
Thu Jun 27 08:01:23 +0000 2019,Cause I just violently cried (usually do when I\'m about to start my period) and I\'m starving \ ,"Oklahoma City, OK"
Thu Jun 27 08:01:23 +0000 2019,Game changer!      #WeTeachUp ,"Murrieta, CA"
Thu Jun 27 08:01:23 +0000 2019,"Veni.Vidi.Cepi.\ (Me summarized in Latin)'""","Queens, NY"
Thu Jun 27 08:01:22 +0000 2019,"  That is a cute one but would be nice to see you come back to gh alive and well'""","Virginia, USA"
Thu Jun 27 08:01:22 +0000 2019,"We fucked so good'""","Swissvale, PA"
Thu Jun 27 08:01:22 +0000 2019,To my Birthday \ Mommy... we have fun every day and for a #puppy this is better than kibble. You are always all paw\ ,"Beverly Hills, CA"
Thu Jun 27 08:01:21 +0000 2019,Here\'s a news report from that day June 19 \ \\n\\n,"Bronx, NY"
Thu Jun 27 08:01:21 +0000 2019, Beto wants to be known as the Texas Hispanic with an Irish surname. Warren wants to be known as an Amer\ ,"Newark, CA"
Thu Jun 27 08:01:20 +0000 2019,"   \ you like your plan you can keep your plan\ Remember THAT one??'""","South Bend, IN"
Thu Jun 27 08:01:20 +0000 2019,Still haven\'t heard how those shootings near Martin Luther King Jr. Blvd will lead to solutions. The NRA doesn\'t ha\ ,"Bronx, NY"
Thu Jun 27 08:01:20 +0000 2019, BIG OOF \,"Downey, CA"
Thu Jun 27 08:01:19 +0000 2019,Before tonight\'s #DemDebate Booker talked out about the recent New Jersey shootings at reparations hearing ,"Bronx, NY"
Thu Jun 27 08:01:19 +0000 2019," lmfao I need this'""","Pueblo, CO"
Thu Jun 27 08:01:19 +0000 2019,How it should be lol ,"Dallas, TX"
Thu Jun 27 08:01:18 +0000 2019," we so pretty'""","Palm Springs, CA"
Thu Jun 27 08:01:18 +0000 2019,      40 yrs and no future sight. Our franchise is a jok\ ,"Melody Hill, IN"
Thu Jun 27 08:01:18 +0000 2019, LMFAOOOOO ,"Huntington Beach, CA"
Thu Jun 27 08:01:17 +0000 2019,With all this rain going on all I can think about is how I forgot to put the towels on my car .....................\ ,"Lambertville, MI"
Thu Jun 27 08:01:16 +0000 2019,Gonna enjoy watching the panthers collapse for a second time\ ,"Kaplan, LA"
Thu Jun 27 08:01:14 +0000 2019,"  Provo first period # About time you schedule a bunch of other teams and Games since your BYU agreement!'""","Mesquite, NV"
Thu Jun 27 08:01:14 +0000 2019,"I can\ believe I used to kick it wit some bitch made ass muthafuckas'""","Rancho Cucamonga, CA"
Thu Jun 27 08:01:14 +0000 2019,Hey    can we try this? ,"Philadelphia, PA"
Thu Jun 27 08:01:13 +0000 2019,Meeeee \ ,"Atlanta, GA"
Thu Jun 27 08:01:13 +0000 2019," i love you dee<33 same goes to you !'""","Odessa, TX"
Thu Jun 27 08:01:12 +0000 2019," sorry if this is a dumb question, I\ new to the Sleeper platform...but for your cookies, why does it co\ ","Chicago, IL"
Thu Jun 27 08:01:12 +0000 2019," Nada'""","Highland Lakes, AL"
Thu Jun 27 08:01:12 +0000 2019,synchronicities \,"Houston, TX"
Thu Jun 27 08:01:12 +0000 2019,Utiliziing Social Media as a Resource for Writers Panel \ Social Media ROCK STAR writers \ L to R: #DanielZucker\ ,City of Beverly Hills
Thu Jun 27 08:01:11 +0000 2019,*shocked*\\n-\\n-\\n-\\n-\\n-\\n-\\n-\\n#fortnite #fortnitevbucks #fortnitechallenges #fortniteleaks #fortniteaccountsforsale\ ,"Orlando, FL"
Thu Jun 27 08:01:11 +0000 2019,"  Seriously.'""","Washington, USA"
Thu Jun 27 08:01:11 +0000 2019,...& not so great #cx  gave up my room & put me @ a non  property. Luckily I called\ ,"Colorado, USA"
Thu Jun 27 08:01:11 +0000 2019,There is another kind of rock. The rock in the parable of the sower. The seed (the Word) could not grow on rock. Do\ ,"Washington, DC"
Thu Jun 27 08:01:10 +0000 2019,"  Oh, except the ostracised Gabbard, who did support Sanders.'""","San Francisco, CA"
Thu Jun 27 08:01:10 +0000 2019,nobody:\\nme at 3 in the morning ,"Houston, TX"
Thu Jun 27 08:01:09 +0000 2019,"Why do lame niggas get rewarded I don\ understand'""","Duarte, CA"
Thu Jun 27 08:01:09 +0000 2019," Thank you!'""","Mount Pleasant, MI"
Thu Jun 27 08:01:09 +0000 2019,"Cleared: Road Work - NEW BRITAIN #RT9 South at Exit 27 (CHESTNUT ST) at 6/27/2019 4:01:04 AM'""","New Britain, CT"
Thu Jun 27 08:01:09 +0000 2019,"  I know, his father is such a vulgar and messy eater.'""","Oakland, CA"
Thu Jun 27 08:01:08 +0000 2019,"Crying is exhausting but it helps me fall asleep at night.'""","Houston, TX"
Thu Jun 27 08:01:08 +0000 2019," Thanks again brother i found the love of my life thank you Jesus Christ'""","Baton Rouge, LA"
Thu Jun 27 08:01:07 +0000 2019,"  I literally sat there thinking, \ typo\ and read it myself over and over until\ ","Mesa, AZ"
Thu Jun 27 08:01:07 +0000 2019,"Y\ Out Here Having Multiple Sex Partners And Not Getting Pap-Smears.'""","North Las Vegas, NV"
Thu Jun 27 08:01:06 +0000 2019,"Romantic breakfast with  was a great idea \ you\'re not eating a giant pink donut from the Kwik E Mart,\ ",Universal Studios Hollywood
Thu Jun 27 08:01:06 +0000 2019,"I look good as a white girl too huh..\ @ Caddo, Louisiana ","Louisiana, USA"
Thu Jun 27 08:01:05 +0000 2019,"Temperature 69.8\ Falling. Humidity 92%. Wind 0.0mph ---. Heat Index 69.8\ Barometer 30.057in, Rising. Rain today 0.00 in. #NJwx'""","Burlington, NJ"
Thu Jun 27 08:01:05 +0000 2019,  #OokayForest ,"Country Club Hills, IL"
Thu Jun 27 08:01:05 +0000 2019,There weren\ any giant robot dogs :/ ,"Folsom, CA"
Thu Jun 27 08:01:04 +0000 2019,This is as comfortable as I can ever get \ ,"Paradise, NV"
Thu Jun 27 08:01:03 +0000 2019,Y\ ever stay up until 3 am because you can\ stop cleaning things that literally never even have an opportunity\ ,"Fargo, ND"
Thu Jun 27 08:01:03 +0000 2019,"       O no I\'m not offended lol all good""'","Richardson, TX"
Thu Jun 27 08:01:03 +0000 2019,This is it! Get in! \\n\\n#unicorn #beaunicorn #beyou #love #picoftheday #photooftheday #picofthenight #goodnight\ ,"Eastmont, WA"
Thu Jun 27 08:01:03 +0000 2019,Go Check This Full Cumshot Video On My Pornhub.#ebony #cumshot #Onlyfans #pornhub #pornstar #cumslut #AVNShow #BBC\ ,"Las Vegas, NV"
Thu Jun 27 08:01:03 +0000 2019,"USGS reports a M0.97 #earthquake 5km NNW of Glen Avon, CA on 6/27/19 @ 7:57:18 UTC  #quake'""","Fontana, CA"
Thu Jun 27 08:01:02 +0000 2019, bes may napansin ako kay ion \,"Los Angeles, CA"
Thu Jun 27 08:01:02 +0000 2019,"MED - MEDICAL at 100 BLOCK OF SW BROADWAY , PORTLAND, OR [Portland Fire #RP19000054090] 23:52 #pdx911'""","Portland, OR"
Thu Jun 27 08:01:02 +0000 2019,"USGS reports a M1.04 #earthquake 8km NW of The Geysers, CA on 6/27/19 @ 7:58:05 UTC  #quake'""","California, USA"
Thu Jun 27 08:01:02 +0000 2019,"AREA CHECK at SE 82ND AVE / SE FRANCIS ST [Portland Police #PP19000213919] 00:09 #pdx911'""","Portland, OR"
Thu Jun 27 08:01:02 +0000 2019,"A 1.0 magnitude earthquake occurred 3.11mi NNW of Glen Avon, CA. Details:  Map: ","Fontana, CA"
Thu Jun 27 08:01:02 +0000 2019,"THEFT - PRIORITY at SE 9TH AVE / SE CORA ST, PORTLAND, OR [Portland Police #PP19000213942] 00:38 #pdx911'""","Portland, OR"
Thu Jun 27 08:01:02 +0000 2019,#MerienneL  Okay all my precious followers I usually stay up til five here but I am old & too tired so I have 2 say\ ,"Florida, USA"
Thu Jun 27 08:01:01 +0000 2019,"143/365 - We tried to invoke something... I guess. \ @ Skagway, Alaska ","Alaska, USA"
Thu Jun 27 08:01:01 +0000 2019,I\'ll drink and Drake about a chick anytime though \,"Indianola, MS"
Thu Jun 27 08:01:01 +0000 2019,   \,"Salina, KS"
Thu Jun 27 08:01:00 +0000 2019,BRO WHERE TF DID THIS RAIN COME FROM???\,"Texas City, TX"
Thu Jun 27 08:01:00 +0000 2019,  I got it got ps4 - it\ amazing - I\ 50% through and accidentally already beat the\ ,"Poughkeepsie, NY"
Thu Jun 27 08:01:00 +0000 2019,"Access to the world will have you thinking different.'""","Manchester, NH"
Thu Jun 27 08:00:59 +0000 2019,"fuck am i doing up'""","Woodmore, MD"
Thu Jun 27 08:00:59 +0000 2019,jonathansison92 / Thursdays 6PM \ #snowglobeperspective @ Snowglobe Perspective ,"Pico Rivera, CA"
Thu Jun 27 08:00:59 +0000 2019," They don\'t make men like Steve McQueen anymore""'","Providence, RI"
Thu Jun 27 08:00:59 +0000 2019,ummm i know this is inappropriate but  this is fantastic and i might just get... #hilarity #snicker #smile #amusing ,"Virginia, USA"
Thu Jun 27 08:00:58 +0000 2019,"He\ a tall teapot, steaming and HOT. Tip him over and HEAR HIM SSSSCCCCCRRRRREEEEEEAAAMMM!!!!\ ","Oshkosh, WI"
Thu Jun 27 08:00:58 +0000 2019," You doing any events in brooklyn between da 1 and 3rd of next month. Will be there in bk and want some recommendations'""","Oakland, CA"
Thu Jun 27 08:00:58 +0000 2019,babygirl ain\ fw the anime \ ,"Los Angeles, CA"
Thu Jun 27 08:00:57 +0000 2019,& I am EVERYTHING lol ,"Huber Heights, OH"
Thu Jun 27 08:00:56 +0000 2019,WHO SAID YOU CAN\'T GO HOME? CRAZY DEE INTERVIEWED 40MINS 36SECONDS -IN \\nlisten link -  ,"Las Vegas, NV"
Thu Jun 27 08:00:56 +0000 2019,LOL \ ,"Fresno, CA"
Thu Jun 27 08:00:56 +0000 2019,"not sure why people are making fun of beto tonight. \ esta la biblioteca\ is a very inspiring campaign slogan imo'""","Tulsa, OK"
Thu Jun 27 08:00:55 +0000 2019,And my girllll...rocking that red and black\ My goodness \ ,"Goodyear, AZ"
Thu Jun 27 08:00:54 +0000 2019,"  I didn\ lie. It\ this out of touch BS that most on the left rides which can turn off potential voters.'""","Chicago, IL"
Thu Jun 27 08:00:53 +0000 2019,yeah so i can get ready n shit ,"Terrytown, LA"
Thu Jun 27 08:00:52 +0000 2019,when me and my ex are in the same room and make eye contact I can\ help but get the chills because he once looked\ ,"Clifton, TX"
Thu Jun 27 08:00:52 +0000 2019,Yummy \ ,"Pennsylvania, USA"
Thu Jun 27 08:00:52 +0000 2019,"  You\ still so shy'""","Menlo Park, CA"
Thu Jun 27 08:00:52 +0000 2019,god plz be in my favor \,"Manhattan, NY"
Thu Jun 27 08:00:50 +0000 2019,  It was a joke moron!!! \,"Blackfoot, ID"
Thu Jun 27 08:00:49 +0000 2019,Me mistaking shalgham for kachaloo ,"Seattle, WA"
Thu Jun 27 08:00:49 +0000 2019,"It\ 3 am and I can\ sleep for shit. I\ MAD.'""","Texas, USA"
Thu Jun 27 08:00:49 +0000 2019,New Post includes free guide to beer disposal in pubs with butterscotch flavoured Otter. \\n,"Brooklyn, NY"
Thu Jun 27 08:00:49 +0000 2019,"these hospital drugs ain\ no joke..... i feel crossfaded x1000 im dead asf'""",Texas Children's Hospital - West Tower
Thu Jun 27 08:00:49 +0000 2019,The moon looks so beautiful tonight\,"Dallas, TX"
Thu Jun 27 08:01:53 +0000 2019, Yup lol it did \,"Selden, NY"
Thu Jun 27 08:01:53 +0000 2019,  First thing I noticed was Beyonc\ on the wall ,"Hampton, VA"
Thu Jun 27 08:01:53 +0000 2019,"I catch myself trying hard to not be annoyed throughout riverdale bc of all the high school type of drama. Also, th\ ","Mesa, AZ"
Thu Jun 27 08:01:52 +0000 2019, He absolutely speaks truth we\'ve known it for a long time that they are taking away our freedoms &\ ,"Fort Worth, TX"
Thu Jun 27 08:01:52 +0000 2019,who tryna buy an initial ring?? ,"Texas, USA"
Thu Jun 27 08:01:50 +0000 2019,Eminem\'s Estranged Father Dead At 67 ,"Arlington Heights, PA"
Thu Jun 27 08:01:49 +0000 2019,Yooo lmaooo ,"Los Angeles, CA"
Thu Jun 27 08:01:49 +0000 2019," It looked like pandering. I don\ think it influenced any Latino votes.'""","Orlando, FL"
Thu Jun 27 08:01:49 +0000 2019,Royalzig Hand Carved Luxury & Designer Wood\  ,"Kansas, USA"
Thu Jun 27 08:01:49 +0000 2019,What a dream  \ ,STAPLES Center
Thu Jun 27 08:01:48 +0000 2019,"Hit u with dat Oscar Myer'""","Los Angeles, CA"
Thu Jun 27 08:01:48 +0000 2019,"72 deg and its going to be a hot one. Pin pos 1, ride the fwys. Blackbear and grizzly start. Rolling greens, mowing\ ","Ocean View, DE"
Thu Jun 27 08:02:12 +0000 2019,"Flirting is flirting and cheating is cheating no matter what, am I not right?'""","Taylorsville, UT"
Thu Jun 27 08:02:12 +0000 2019,"But out all them I got the baby'""","Lancaster, TX"
Thu Jun 27 08:02:11 +0000 2019,"How much money do you think I can sell my ND/SC flag for??'""","Whitney, NV"
Thu Jun 27 08:02:11 +0000 2019,"At 2:57 AM CDT, 5 SW Java [Walworth Co, SD] TRAINED SPOTTER reports HAIL of nickel size (M0.88 INCH). ALSO REPORTIN\ ","South Dakota, USA"
Thu Jun 27 08:02:11 +0000 2019," Can we ban red and black in golf?'""","Highland Lakes, AL"
Thu Jun 27 08:02:11 +0000 2019,Wait till my new shit drops \,"Tennessee, USA"
Thu Jun 27 08:02:10 +0000 2019,Gg ez gaben magic. -$60 \ ,"Golden, CO"
Thu Jun 27 08:02:09 +0000 2019,My father in law in something else \ ,"North Carolina, USA"
Thu Jun 27 08:02:09 +0000 2019,Oh how I miss  and  \ ,"West Hollywood, CA"
Thu Jun 27 08:02:09 +0000 2019,"bro a pop tart would smack rn'""","Grand Rapids, MI"
Thu Jun 27 08:02:09 +0000 2019, You got in house ... if you don\ go hop on that di...nvm \,"Las Vegas, NV"
Thu Jun 27 08:02:08 +0000 2019,"somehow i always end up lonely'""","Tallahassee, FL"
Thu Jun 27 08:02:08 +0000 2019,This drawing is such a great way to represent the feeling behind #ChayahRefashioned which launched on 4.20.19 and i\ ,"Seattle, WA"
Thu Jun 27 08:02:06 +0000 2019,      Lit. ,"Lynwood, IL"
Thu Jun 27 08:02:06 +0000 2019,Better get sum pusssy ,"Swissvale, PA"
Thu Jun 27 08:02:06 +0000 2019,      Scream! You need to release it\,"Lakewood, CO"
Thu Jun 27 08:02:06 +0000 2019,"How could someone hurt a person that is willing to do ANYTHING for them?'""","Fountainebleau, FL"
Thu Jun 27 08:02:06 +0000 2019,"The Godfather, Part III ","Manhattan, NY"
Thu Jun 27 08:02:06 +0000 2019," or literally any of the UCs lmao'""","Tulsa, OK"
Thu Jun 27 08:02:05 +0000 2019,NEXT SATURDAY JULY 6TH \ 10pm-2am #IndependenceDayWeekend \\n#YKevents brings you #Alisters2K19 \ New annexloung\ ,"Baltimore, MD"
Thu Jun 27 08:02:05 +0000 2019," Exactly, just like that #SadGit Bastard Gawker, or whatever his name is.'""","Oakland, CA"
Thu Jun 27 08:02:04 +0000 2019,"If i could love a significant other as much as i love provolone we will definitely make it .'""","Bay City, TX"
Thu Jun 27 08:02:04 +0000 2019,"Temperature 69.8\ Falling. Humidity 92%. Wind 0.0mph ---. Heat Index 69.8\ Barometer 30.059in, Rising. Rain today 0.00 in. #NJwx'""","Burlington, NJ"
Thu Jun 27 08:02:04 +0000 2019,"Some People Pictures, Photos, and Images for Facebook, Tumblr, Pinterest, and Twitter #mirth #chuckle #grin\ ","Manhattan, NY"
Thu Jun 27 08:02:04 +0000 2019," Why Dose xbox Fans Send messages to monitor Screen and it Wants to Reboot'""","Los Angeles, CA"
Thu Jun 27 08:02:03 +0000 2019,I can\'t stand when I fall asleep and my body acts like it was just a nap ..  now it\'s 4:00 am and I\'m up like I got\ ,"Florida, USA"
Thu Jun 27 08:02:03 +0000 2019,"He tomado ya como costumbre, sentarme a esperar pa\ ver si alcanz\ a tener un vistazo de tu piel, por eso sigo fiel\ ","Providence, RI"
Thu Jun 27 08:02:02 +0000 2019,My best friend laughed at me for doing this...but then she saw a story on the... #humor #snicker #smile #merry ,"Texas, USA"
Thu Jun 27 08:02:02 +0000 2019,"Frm every hoe'""","Lancaster, TX"
Thu Jun 27 08:02:02 +0000 2019,"Marty I\ scared'""","Riverside, CA"
Thu Jun 27 08:02:01 +0000 2019,Bruh I\ literally \ ,"San Antonio, TX"
Thu Jun 27 08:02:01 +0000 2019,"Cansado'""","San Marcos, TX"
Thu Jun 27 08:02:01 +0000 2019,I mean nobody in the country will catch this boy if he breaks \ ,"Washington, GA"
Thu Jun 27 08:02:00 +0000 2019,"  tiene  q parar   con esta musica  lmfaoooo @ Williamsburg, Brooklyn ","Brooklyn, NY"
Thu Jun 27 08:02:00 +0000 2019,  you mad bro? \ ,"Illinois, USA"
Thu Jun 27 08:02:00 +0000 2019,"   Trump 2020!!'""","South Bend, IN"
Thu Jun 27 08:01:59 +0000 2019,"Drop your fucking AIDS jokes, by the way. You can do better.'""","Las Vegas, NV"
Thu Jun 27 08:01:59 +0000 2019,Brilliant summation. ,"Safety Harbor, FL"
Thu Jun 27 08:01:59 +0000 2019,Done by the Gabs  is in Monday - Saturday for walkins\\nEmail or call for appointment info. \\n__\ ,"Staten Island, NY"
Thu Jun 27 08:01:59 +0000 2019,"Crazy how people can see others faults so clearly but can see their own'""","Thomasville, GA"
Thu Jun 27 08:01:58 +0000 2019,Cool; now do  bankruptcies douchebag... ,"Orchards, WA"
Thu Jun 27 08:01:58 +0000 2019," #congruencia'""","Los Angeles, CA"
Thu Jun 27 08:01:57 +0000 2019,"Had an amazing stream tonight, thanks all for coming! Goodnight  my beautiful peeps \","Manhattan, NY"
Thu Jun 27 08:01:57 +0000 2019,"    And I\'m not offended. Just surprised. It takes an awful lot to offend me.""'","North Dakota, USA"
Thu Jun 27 08:01:57 +0000 2019,"Up for no reason'""","Roanoke, VA"
Thu Jun 27 08:01:57 +0000 2019," Yeah, the next debate. But clearly issues abound while trump defies & defiles humanity & the planet!'""","Scottsdale, AZ"
Thu Jun 27 08:01:56 +0000 2019,& right now i just wanna go to sleep \,"Baton Rouge, LA"
Thu Jun 27 08:16:33 +0000 2019, Let the Throat-Ripping Begin - MacGruber  via ,"Los Angeles, CA"
Thu Jun 27 08:16:33 +0000 2019,"  Following you now.'""","San Francisco, CA"
Thu Jun 27 08:16:33 +0000 2019,"rip'""","Newport Beach, CA"
Thu Jun 27 08:16:32 +0000 2019,"  Big proud <3'""","Paradise, NV"
Thu Jun 27 08:16:31 +0000 2019,During rehearsal when I was at Santa Monica college...! @ New York City Ballet ,"Manhattan, NY"
Thu Jun 27 08:16:31 +0000 2019,"How many fake Niggas and bitxhes do I really have in my life ??'""","Louisville, KY"
Thu Jun 27 08:16:30 +0000 2019, Fingers crossed \,"Lakeside, FL"
Thu Jun 27 08:16:53 +0000 2019," Damn time just flyin.. Now faster than ever! Me no likey! \ 21 yrs... Waaaa'""","Salem, OR"
Thu Jun 27 08:16:53 +0000 2019,Today\'s #gymshirt #wwf #givehimthechair #pandas #wwe @ Planet Fitness ,"Southgate, MI"
Thu Jun 27 08:17:01 +0000 2019,Must be NICE ,"Plano, TX"
Thu Jun 27 08:17:01 +0000 2019,"Agent JS LITERALLY has 1.25/3 strikes'""","Berkeley, CA"
Thu Jun 27 08:17:01 +0000 2019,Facts. ,"Hornsby Bend, TX"
Thu Jun 27 08:17:00 +0000 2019,"Madonna - God Control (Official Music Video)  via  Watch and learn, this is not fict\ ","Hato Rey Norte, Puerto Rico"
Thu Jun 27 08:17:00 +0000 2019,"Can\ breatheeeeee'""","San Diego, CA"
Thu Jun 27 08:17:00 +0000 2019,PERIOD ,"Charleston, IL"
Thu Jun 27 08:17:00 +0000 2019,wish i had my twin brother so we can celebrate our birthday together\ ,"Harvey, IL"
Thu Jun 27 08:16:59 +0000 2019," Yeppp awful'""","Mission Bay, FL"
Thu Jun 27 08:16:59 +0000 2019,Y- what can we do to get rid of them?\\nC- talk like me.  Only beilive action.  There is a strange want to preach.  I\ ,"Laramie, WY"
Thu Jun 27 08:16:58 +0000 2019,  And there you are obsessed with uninteresting people. How interesting do you think that\ ,"Oakland, CA"
Thu Jun 27 08:16:58 +0000 2019,Hahahahahahahathatshithurtedhahahah ,"Northport, AL"
Thu Jun 27 08:16:57 +0000 2019," They\'re in hiding with the American Flag.""'","Thornton, CO"
Thu Jun 27 08:16:57 +0000 2019,"When you come from nothing you have a different grind about yourself'""","Houston, TX"
Thu Jun 27 08:16:57 +0000 2019,Where did I leave my charger \,"Isla Vista, CA"
Thu Jun 27 08:16:57 +0000 2019,i remember people use to do me so dirty and i would delete them from my social media and i would get a text later w\ ,"San Jose, CA"
Thu Jun 27 08:16:57 +0000 2019,"body is on point, my life is on point.\\nI\ livin'""","Chino, CA"
Thu Jun 27 08:16:57 +0000 2019,"It eventually gets better, without any sort of explanation, one day you just realize that you\ no longer upset. Y\ ","Shreveport, LA"
Thu Jun 27 08:16:55 +0000 2019,  I\'m excited to work w/ you too! Of course I\'ll always look out for you :) You\'re going t\ ,"Honolulu, HI"
Thu Jun 27 08:16:54 +0000 2019,"Had a panic attack in the middle of the rave. Wtf.'""","San Francisco, CA"
Thu Jun 27 08:17:21 +0000 2019,"Good morning'""","Columbus, OH"
Thu Jun 27 08:17:21 +0000 2019,"Cleared: Construction on #NY5 Both directions at Town of Brant; Town of Evans'""","New York, USA"
Thu Jun 27 08:17:21 +0000 2019,"Cleared: Construction on #GeorgeWashingtonBridge EB at Upper Trans Manhattan Expressway'""","Manhattan, NY"
Thu Jun 27 08:17:20 +0000 2019,    First sentence it says potentially committed and we both know it\ a r\ ,"Euclid, OH"
Thu Jun 27 08:17:20 +0000 2019,"Cleared: Construction on #NewJerseyTurnpikeWesternSpur SB from South of Northern Mixing Bowl to South of Interchange 15W - I-280'""","Ridgefield, NJ"
Thu Jun 27 08:17:20 +0000 2019,"My life is a movie'""","Los Angeles, CA"
Thu Jun 27 08:17:20 +0000 2019," Did you recognize them when you first saw them?'""","South River, NJ"
Thu Jun 27 08:17:19 +0000 2019,Had to block the bitch cause I really hate seeing her on my tl lmfao & all my wack ass friends fw her \,"Carencro, LA"
Thu Jun 27 08:17:19 +0000 2019,"I could never see myself investing my time into worrying about what somebody doing..'""","Houston, TX"
Thu Jun 27 08:17:19 +0000 2019,"I need to get better at expressing my frustration'""","Portland, OR"
Thu Jun 27 08:17:18 +0000 2019,"y\ really out here having people care about you??? that\ wild lmao'""","Los Angeles, CA"
Thu Jun 27 08:17:17 +0000 2019,"   In n out is only good because it\ like $3 for a burger, it\ good value,\ ","Sacramento, CA"
Thu Jun 27 08:17:17 +0000 2019,"Mindlessly scrolling twitter and the lyrics \ baby, you make me feel so alive\ pop into my head\\n\\nI\ like wtf\ ","Hazel Dell South, WA"
Thu Jun 27 08:17:17 +0000 2019,Oh and btw can someone find my baby chick?? I miss her \ ,"Los Angeles, CA"
Thu Jun 27 08:17:16 +0000 2019,"Norms\ music rn >>>'""",NORMS Restaurant
Thu Jun 27 08:17:16 +0000 2019,Lmfao @ me haha when we got an Uber in LA   ,"Malaga, CA"
Thu Jun 27 08:17:15 +0000 2019,"After the tears comes the rolling thunder of justice. #resist'""","Burbank, CA"
Thu Jun 27 08:17:15 +0000 2019,"Nov 2017 ~ June 2019, growth \ ",Hyde Lounge @ STAPLES Center
Thu Jun 27 08:17:15 +0000 2019," John, Paul, George, and Ringo'""","Boca Raton, FL"
Thu Jun 27 08:17:15 +0000 2019," We forgive to free ourselves... not because they deserve it or have asked for it. #powerful'""","Florida, USA"
Thu Jun 27 08:17:14 +0000 2019, giiiirl \,"San Bernardino, CA"
Thu Jun 27 08:17:13 +0000 2019, You can do anything sis!!! Stunt on anybody that doesn\ have faith in your vision!!!! \,"Whitehouse, TX"
Thu Jun 27 08:17:12 +0000 2019,"I\'ve never had a celebrity crush that is the same age as me  and tbh I don\'t know how to feel""'","Bakersfield, CA"
Thu Jun 27 08:17:12 +0000 2019,#NotHisType #Strong ,"Anchorage, AK"
Thu Jun 27 08:17:11 +0000 2019,In the beginning it will feel hard to do things to get to your goals. \\n\\nAs you start to do those things it will bec\ ,"Los Angeles, CA"
Thu Jun 27 08:17:11 +0000 2019," my fish market, which is next door to my tackle n bait shop Chunko\'s Tackle N Bait""'","Dunwoody, GA"
Thu Jun 27 08:17:11 +0000 2019," Haha'""","Goleta, CA"
Thu Jun 27 08:17:11 +0000 2019,"' ""Now the night slowly closes in and feel so lonely. I feel your breath touching on my skin and I pretend you still own me.""\''","Estes Park, CO"
Thu Jun 27 08:17:11 +0000 2019,Focus ,"Boca Raton, FL"
Thu Jun 27 08:17:11 +0000 2019,"Like, RT and tag  !!! He needs to see this and know that together we could break the internet!!!!\ ","Oshkosh, WI"
Thu Jun 27 08:17:10 +0000 2019,La comida con un alto nivel de colesterol siempre tendr\ un lugar especial en mi coraz\,"Los Angeles, CA"
Thu Jun 27 08:17:10 +0000 2019,"   Eso lo tiene bien claro.'""","Pembroke Pines, FL"
Thu Jun 27 08:17:09 +0000 2019,lets make it happennnn ,"Minnesota, USA"
Thu Jun 27 08:17:09 +0000 2019," Why are all the democrats pupils dilated like crackheads?'""","Dallas, TX"
Thu Jun 27 08:17:09 +0000 2019,"imagine being an expert on rocks'""","Austin, TX"
Thu Jun 27 08:17:08 +0000 2019,No sleep til I\ done.  \ #rap #editor #videoedit #urbanmusic #hawaiianislands #californiagrown\ ,"Honolulu, HI"
Thu Jun 27 08:17:08 +0000 2019,Te cambi\ siendo mejor que ella... \ ,"Kenner, LA"
Thu Jun 27 08:17:07 +0000 2019,"Of course it worked as soon as I took it off student   I want my $3 a month back'""","Statesboro, GA"
Thu Jun 27 08:17:06 +0000 2019,"3am & can\ sleep, I\ tired of this every night'""","Champaign, IL"
Thu Jun 27 08:17:06 +0000 2019, Warren\,"Honolulu, HI"
Thu Jun 27 08:17:06 +0000 2019," I did!'""","Laguna Woods, CA"
Thu Jun 27 08:17:06 +0000 2019,"Want to know a great way to prevent family separation?\\nDon\ come here illegally!'""","Frederick, MD"
Thu Jun 27 08:17:06 +0000 2019," OH!!'""","Culver City, CA"
Thu Jun 27 08:17:06 +0000 2019,"No me gusto de plano como termino el d\ a pesar de haber sido uno de los mejores en much\ tiempo'""","Los Angeles, CA"
Thu Jun 27 08:17:05 +0000 2019," THANK YOU'""","Palmdale, CA"
Thu Jun 27 08:17:05 +0000 2019,me startin out with seasoned professional photographers telling 15 year old me how crucial it is to pick a consiste\ ,"Fargo, ND"
Thu Jun 27 08:17:05 +0000 2019,"Sobrang gwapo ng fianc\ ng pinsan ko parang napangasawa nya si Cain sa Lucifer ughhh!!!!'""","New Hyde Park, NY"
Thu Jun 27 08:17:05 +0000 2019,"  \ segan doh'""","Seattle, WA"
Thu Jun 27 08:17:05 +0000 2019," Man you know that I know'""","Los Angeles, CA"
Thu Jun 27 08:17:05 +0000 2019,"Let\ get it straight girl you don\ need a nigga for nothing'""","Lancaster, TX"
Thu Jun 27 08:17:04 +0000 2019,"   So you Cuban from Miami then lol'""","Ives Estates, FL"
Thu Jun 27 08:17:03 +0000 2019,"i am very aware that my body of work is all over the place, i really got like 17 photographers in my head duking it\ ","Fargo, ND"
Thu Jun 27 08:17:02 +0000 2019, and I will always live text the debates together until the day we die and the convo is lit \ ,"Highlands Ranch, CO"
Thu Jun 27 08:17:02 +0000 2019," you\'re so pretty hope you\'re having a good night \ never forget how awesome and amazing and fearless you are""'","Lacey, WA"
Thu Jun 27 08:31:38 +0000 2019,"'You know. Sometimes it\\\'s hard for me to realize that I\\\'m not a ""lower being"" or something along those lines, but I\ ","Los Angeles, CA"
Thu Jun 27 08:31:38 +0000 2019,"   I feel like he\ going back to his old self, that\ a good thing'""","Tampa, FL"
Thu Jun 27 08:31:38 +0000 2019,Feels like it\ been forever!! Time to hit the road in a few hours. :) Should be a fun European tour. Can\ wait!\ ,"Los Angeles, CA"
Thu Jun 27 08:31:38 +0000 2019,"My students and I just finished a 4.5 hour, 21 round game of Phase 10. \","San Antonio, TX"
Thu Jun 27 08:31:37 +0000 2019,Hope this helps someone as much as it did me... @ Hollywood ,"Los Angeles, CA"
Thu Jun 27 08:31:37 +0000 2019,I hate when niggas text \ all day. Like move tf arounddddd \,"Spanish Lake, MO"
Thu Jun 27 08:31:36 +0000 2019," what time are the Foo Fighters scheduled to play?'""","Southaven, MS"
Thu Jun 27 08:31:36 +0000 2019,We are excited to celebrate and share the products our incredibly talented  students created at\ ,"Charlotte, NC"
Thu Jun 27 08:31:36 +0000 2019,"the next trip I\ going on is New York City. who\ down?'""","Dahlonega, GA"
Thu Jun 27 08:31:35 +0000 2019,We barely findin this out? \ ,"Fresno, CA"
Thu Jun 27 08:31:35 +0000 2019,"I guess being gangsta now is making videos on the gram and talkin bout shit you don\ do on the Internet'""","Bronx, NY"
Thu Jun 27 08:31:35 +0000 2019," Don\ do it!!!'""","El Paso, TX"
Thu Jun 27 08:31:35 +0000 2019,"bro i have The Worst\ cramps rn i wanna cry'""","Riverside, CA"
Thu Jun 27 08:31:35 +0000 2019, Every successful enterprise which HE didn\'t profit from: becomes a target... Losers are irresistibly draw\ ,"Honolulu, HI"
Thu Jun 27 08:31:35 +0000 2019,   I missed you! Such a great film! Did you see yours truly on the big screen? \,"Newport Beach, CA"
Thu Jun 27 08:31:34 +0000 2019,"I could go without the exceptionalism talk, but NYC\'c mayor knows how to talk.""'","Rockville, MD"
Thu Jun 27 08:31:34 +0000 2019,Members of the  \ team after its 7-on-7 game against Lodi. ,"Rancho Cordova, CA"
Thu Jun 27 08:31:34 +0000 2019,How late will I stay up tonight?!\\nTime will tell \,"Carlsbad, CA"
Thu Jun 27 08:31:33 +0000 2019,"The same problems over and over again and you refuse to try to make any change and rather just let it be, of course\ ","San Jose, CA"
Thu Jun 27 08:31:31 +0000 2019,"IK HOW TO GET A BITCHHH MADDDD'""","Lancaster, TX"
Thu Jun 27 08:31:30 +0000 2019," Whatever it is I want to help'""","Los Angeles, CA"
Thu Jun 27 08:31:30 +0000 2019,Omg haha. Just a dude threatening to kill republicans and conservatives. ,"Imperial, CA"
Thu Jun 27 08:31:30 +0000 2019,"why can\ i sleep omg'""","Los Angeles, CA"
Thu Jun 27 08:31:29 +0000 2019, \ \ \ \ \   \ \ \,"Hamtramck, MI"
Thu Jun 27 08:31:29 +0000 2019,"I wanna dye my hair again soon, but I can\ pick a color. Help \ ","Mehlville, MO"
Thu Jun 27 08:31:28 +0000 2019," i\ crying now'""","El Paso, TX"
Thu Jun 27 08:31:27 +0000 2019,"  one day my child they really said tamara rights today'""","Torrance, CA"
Thu Jun 27 08:31:27 +0000 2019,All I want right now is  Thanks a lot  \ ,"Long Beach, CA"
Thu Jun 27 08:31:27 +0000 2019,"Cleared: Construction on #I87NYSThruway NB from After Exit 8/8A (I-87) - I-287 - Route 119 - Saw Mill River Parkway to Before Exit 10...'""","Greenburgh, NY"
Thu Jun 27 08:31:27 +0000 2019,"My phone is trash and do is this app.'""","Milwaukee, WI"
Thu Jun 27 08:31:27 +0000 2019,"Cleared: Construction on #I195 EB at West of Exit 5 - US 130'""","Hamilton Square, NJ"
Thu Jun 27 08:31:27 +0000 2019," Oh please, it wasn\ a battle, it was a group interview with the media giving their point of view then ask\ ","Wichita Falls, TX"
Thu Jun 27 08:31:26 +0000 2019," 100%'""","Florida, USA"
Thu Jun 27 08:31:26 +0000 2019,"few clouds -> clear sky\\ntemperature down 97\ -> 82\ down 14% -> 11%\\nwind 9mph -> 3mph'""","Scottsdale, AZ"
Thu Jun 27 08:31:25 +0000 2019,How you gonna cry wolf when a business owner made almost the exact same shirt in 2017 & then trademark your name so\ ,"Forestbrook, SC"
Thu Jun 27 08:31:25 +0000 2019,My home is bliss. #colorado ,"Colorado, USA"
Thu Jun 27 08:31:24 +0000 2019,Tbh ,"Eunice, LA"
Thu Jun 27 08:31:24 +0000 2019,Who trynna gonin half? ,"Washington, DC"
Thu Jun 27 08:31:23 +0000 2019,"back to the money'""","Pennsylvania, USA"
Thu Jun 27 08:31:23 +0000 2019,  8\,"Los Angeles, CA"
Thu Jun 27 08:31:23 +0000 2019,"Neil and Buzz. #ApolloXI50thAnniversary @ Kennedy Nasa Space Center, Titusville, FL ","Williamsburg, FL"
Thu Jun 27 08:31:23 +0000 2019,on ft with my boyfriend and my brother yells \ him to get on i like play with him\ so he asked if he could hang\ ,"Mililani Town, HI"
Thu Jun 27 08:31:23 +0000 2019,"i should stop watching big brother i always get pissed'""","Drexel Heights, AZ"
Thu Jun 27 08:31:22 +0000 2019,   It was Rachel Maddow\'s conspiracy helmet that disrupted the audio during the debat\ ,"Houston, TX"
Thu Jun 27 08:31:21 +0000 2019,"someone ever flirted w you, n in yo head you jus like\","Euclid, OH"
Thu Jun 27 08:31:21 +0000 2019," I mean twilight series is like a 6.5/10 there are wayyyyyy better ones'""","Sacramento, CA"
Thu Jun 27 08:31:20 +0000 2019,   Whatever you say. I\ not going to do this back and forth thing with you\ ,"Staten Island, NY"
Thu Jun 27 08:31:20 +0000 2019,"Such a Father, Such a Heavy Metal Daughter\\n#acdc\ #metalfan #metalfans #instrarock #heavymetalmusic #heavymetal\ ","North Carolina, USA"
Thu Jun 27 08:31:20 +0000 2019,"Goodnight.'""","Durham, NC"
Thu Jun 27 08:31:20 +0000 2019,The older you get the more your dates start to sound like a job interview.\\n\\nAre you goal oriented?\\n\\nWhere do you se\ ,"Pittsburg, KS"
Thu Jun 27 08:31:20 +0000 2019,"Which translates to more mentally unstable'""","Tucson, AZ"
Thu Jun 27 08:31:19 +0000 2019,"I\ mad the Chris Evans ain\ gon be Captain America no more'""","Rancho Cucamonga, CA"
Thu Jun 27 08:31:19 +0000 2019,Nursing school and a diet will have me fine in no time \,"Mississippi, USA"
Thu Jun 27 08:31:19 +0000 2019,"I\ ugly crying more watching dexter than I ever did during game of thrones'""","Webster, TX"
Thu Jun 27 08:31:18 +0000 2019,"    Ugh I need a going away party lol like before poli it\ one of them party!'""","San Diego, TX"
Thu Jun 27 08:31:17 +0000 2019,1:31AM. Wya ? ,"Tacoma, WA"
Thu Jun 27 08:31:15 +0000 2019,"I could do anything I want to.\\nBump Lil Peep,\\nWhen I die,\\nI\'mma haunt you.""'","Iowa, USA"
Thu Jun 27 08:31:15 +0000 2019,"why do i get tingly when i\ drunk? am i gonna die?'""","El Paso, TX"
Thu Jun 27 08:31:15 +0000 2019," Fantasia'""","Los Angeles, CA"
Thu Jun 27 08:31:14 +0000 2019, Yes. Many people do not understand the benefit of the .556. A smaller hole then the .762  Which over penet\ ,"Thornton, CO"
Thu Jun 27 08:31:13 +0000 2019,"Ik how to go & get a bag'""","Lancaster, TX"
Thu Jun 27 08:31:13 +0000 2019,"se fue a la chingada mi summer body :('""","Visalia, CA"
Thu Jun 27 08:31:12 +0000 2019,It\'s 4:30 and boff me and my upstairs neighbor is wide awake. I wish she sit the hell down tho \,"Parkville, MD"
Thu Jun 27 08:31:12 +0000 2019," Spoken like an expert !'""","Oakland, CA"
Thu Jun 27 08:31:11 +0000 2019,Algo as\ para todos los de la selecta. ,"Henderson, NV"
Thu Jun 27 08:31:11 +0000 2019," what up cuz? I just seen your tweet.'""","Clearwater, FL"
Thu Jun 27 08:31:11 +0000 2019,Meagan Good \\n  \\nThat\ it. That\ the tweet. ,United States
Thu Jun 27 08:31:11 +0000 2019,Me at 1am cutting my bangs ,"Vicksburg, MS"
Thu Jun 27 08:31:11 +0000 2019," So what that mean?'""","Georgia, USA"
Thu Jun 27 08:31:11 +0000 2019,  Yea maybe the shooting was self-defense but the indictment against the pregnant woman for th\ ,"Las Vegas, NV"
Thu Jun 27 08:31:11 +0000 2019,"This for my niggas that\ tossed in a grave, every so often I fade deep in my thoughts and then get lost in the day\ ","Ripley, MS"
Thu Jun 27 08:31:10 +0000 2019,"Can\'t get that shit off my mind... You so fucking disrespectful and fake, don\'t ever call yourself real cause as re\ ","Conyers, GA"
Thu Jun 27 08:31:10 +0000 2019,I pray the lord protect the path I\ going \,"Little Rock, AR"
Thu Jun 27 08:31:09 +0000 2019,Suddenly I love exercise ,"Escondido, CA"
Thu Jun 27 08:31:09 +0000 2019,"  From the writer\'s I\'ve talked to, almost all had an indie project that got enough tract\ ","Philadelphia, PA"
Thu Jun 27 08:31:08 +0000 2019,"You don\ feel the pain I\ feeling'""","Fort Worth, TX"
Thu Jun 27 08:31:08 +0000 2019,"best night of my life'""","Arizona, USA"
Thu Jun 27 08:31:08 +0000 2019,"I\ tired of these fake scammers hmu lol'""","Philadelphia, PA"
Thu Jun 27 08:31:07 +0000 2019,"...humanity. The President, his entire cabinet, everyone in congress who voted to approve these measures, every ICE\ ","Bowie, MD"
Thu Jun 27 08:31:07 +0000 2019,  Like the way he talked about Pelosi while sitting in front of all the WWII graves in France?\\nTh\ ,"Culver City, CA"
Thu Jun 27 08:31:07 +0000 2019," Bro I was in Africa, Kenya, for vacation'""","Winston-Salem, NC"
Thu Jun 27 08:31:06 +0000 2019,You know what Fuck You ,"Los Angeles, CA"
Thu Jun 27 08:31:06 +0000 2019,"When I\ winning everybody with me. \\nBut when I\ the one down they laugh, leave, bring up my imperfections and all\ ","Longview, TX"
Thu Jun 27 08:31:06 +0000 2019, DOOOOOOOOOPE! #MoulinRouge #LadyMarmalade #FallonLIVE #DaisyRidley #Daisy ,"Mesa, AZ"
Thu Jun 27 08:31:06 +0000 2019,"'""Jussie Smollett you know I\\\'m gonna fuck it up"" \ ","Lemont, IL"
Thu Jun 27 08:31:05 +0000 2019,Why is my sleeping schedule so messed up!? I\ for sure gonna need coffee for work tomorrow. \,"Commerce, MI"
Thu Jun 27 08:31:04 +0000 2019,Thanks homie! ,"Omaha, NE"
Thu Jun 27 08:31:04 +0000 2019,"Anyway I\ finna text my hubby til i fall asleep \ night whores'""","Houston, TX"
Thu Jun 27 08:31:03 +0000 2019,"Correct me if I am wrong. doesn\ the defending men\  NCAA champs use   ?  If so, kindly make a sal\ ","Mountain Brook, AL"
Thu Jun 27 08:31:03 +0000 2019,#Angler Los Angeles ,"Los Angeles, CA"
Thu Jun 27 08:31:03 +0000 2019," There\ another Delaney in VA, my brother Pete. I will continue to follow you for Wx in VA.'""","Del City, OK"
Thu Jun 27 08:31:03 +0000 2019,I used  to discover Animal by Pryda. ,"Davis, CA"
Thu Jun 27 08:31:02 +0000 2019,"  Did you mean \ hillbilly boy?'""","Phoenix, AZ"
Thu Jun 27 08:31:02 +0000 2019,Save 5\ on every fill-up with Gold Status at Shell! Join the Fuel Rewards program to get started.\\n\\n ,"Pensacola, FL"
Thu Jun 27 08:31:01 +0000 2019,I lie awake most nights thinking ab this video ,"Omaha, NE"
Thu Jun 27 08:31:00 +0000 2019,Toy story is fire you gotta see that ,"Fontana, CA"
Thu Jun 27 08:30:59 +0000 2019,The only good memory of the evening. Next game #stros ,"Evergreen, CO"
Thu Jun 27 08:30:59 +0000 2019,it\ me. i\ his girl. ,"Fowler, CA"
Thu Jun 27 08:30:59 +0000 2019,When ya Ex calls \ ,"Illinois, USA"
Thu Jun 27 08:30:58 +0000 2019, Thatta daddy! \ Perfect! Condensed tinkerbell fairy dust I would\'ve said to my girly spawn! \ MY boy\ ,"Salem, OR"
Thu Jun 27 08:30:58 +0000 2019,"  here'""","Hattiesburg, MS"
Thu Jun 27 08:30:57 +0000 2019,This is me\ ,"Murfreesboro, TN"
Thu Jun 27 08:30:56 +0000 2019," Did you say the same thing when Obama did it?'""","Brawley, CA"
Thu Jun 27 08:30:56 +0000 2019,  Yeah! You can do it\ recipes come in lots of different mediums! If you are a visual lear\ ,"Carlsbad, CA"
Thu Jun 27 08:30:56 +0000 2019,"  how do y\ think I feel I\ still reeling'""","Torrance, CA"
Thu Jun 27 08:30:55 +0000 2019,"need to stop drinking coffee before bed'""","Los Angeles, CA"
Thu Jun 27 08:30:55 +0000 2019,Accurate ,"Camp Pendleton South, CA"
Thu Jun 27 08:32:07 +0000 2019,me after i win an argument against my man and we get boba ,"Los Angeles, CA"
Thu Jun 27 08:32:07 +0000 2019,bro why does anyone want kids this shit is so annoying ,"Casselberry, FL"
Thu Jun 27 08:32:06 +0000 2019,"who up?'""","Baton Rouge, LA"
Thu Jun 27 08:32:06 +0000 2019, thanks babe \,"Fresno, CA"
Thu Jun 27 08:32:05 +0000 2019," There\'s also a couple of other issues that come up now, like how it\'s suddenly a puzzle game. I know that\'s\ ","Portland, OR"
Thu Jun 27 08:32:05 +0000 2019,"    All you need to do is go look it up, don\'t watch the news go look it up.""'","El Mirage, AZ"
Thu Jun 27 08:32:05 +0000 2019," I\ well aware Trump doesn\ care about my trolling him. And it\ PRESIDENT Trump. Have some respect.'""","Hutto, TX"
Thu Jun 27 08:32:05 +0000 2019," I need this energy'""","Hillsboro, OR"
Thu Jun 27 08:32:04 +0000 2019,"Who wants a song written about them I\ bored'""","Georgia, USA"
Thu Jun 27 08:32:03 +0000 2019,"  Now im gonna tepee your apartment'""","Colorado, USA"
Thu Jun 27 08:32:03 +0000 2019,"Yes I\ a grown ass man that\ scared to see annabelle nobody gone whoop me bout it tho'""","Fontana, CA"
Thu Jun 27 08:32:02 +0000 2019,"i\'m gonna watch the big time movie on my day off work tomorrow because i deserve it #selfcare""'","Ham Lake, MN"
Thu Jun 27 08:32:02 +0000 2019,"MED - MEDICAL at 4200 BLOCK OF SE YAMHILL ST, PORTLAND, OR [Portland Fire #RP19000054099] 01:20 #pdx911'""","Portland, OR"
Thu Jun 27 08:32:02 +0000 2019,Anything... and everything? \ ,"Los Angeles, CA"
Thu Jun 27 08:32:01 +0000 2019,"' good morning girl or as Barbara calls it "" good Friday eve"" !!!\''","North Carolina, USA"
Thu Jun 27 08:32:00 +0000 2019,A page from my #CreativeArtJournal \\nNotes on going without. \\n#franckdelasmercedes #fdlm #artwork #visualdiary\ ,"Manhattan, NY"
Thu Jun 27 08:32:00 +0000 2019,"A burrito would smack rn'""","Monmouth, OR"
Thu Jun 27 08:32:00 +0000 2019,Please keep my grandma in ur prayers\,"Bedford, TX"
Thu Jun 27 08:32:00 +0000 2019,"Wat goes around, comes around'""","Eunice, LA"
Thu Jun 27 08:32:00 +0000 2019," 2024 Ivanka 2032 Don Jr #2040 Barron'""","Spring Hill, FL"
Thu Jun 27 08:32:00 +0000 2019,"I haaate that I\ always up at night smh. Especially with no one to talk to lol'""","Texas, USA"
Thu Jun 27 08:31:59 +0000 2019,I\ sobbing ,"Lake Charles, LA"
Thu Jun 27 08:31:57 +0000 2019,LOL ,"San Francisco, CA"
Thu Jun 27 08:31:57 +0000 2019," Agree'""","Dallas, TX"
Thu Jun 27 08:31:57 +0000 2019,"I be up for no reason at all'""","Baltimore, MD"
Thu Jun 27 08:31:57 +0000 2019,"  Anna oop'""","Manhattan, NY"
Thu Jun 27 08:31:56 +0000 2019,I miss him. ,"Chicago, IL"
Thu Jun 27 08:31:55 +0000 2019,"     Zgadzam sie'""","California, USA"
Thu Jun 27 08:31:55 +0000 2019,"I miss Lucy'""","Paramount, CA"
Thu Jun 27 08:31:55 +0000 2019,"Thank God President Trump is for America, because the Democrats are for Mexico and everyone else. How about the inn\ ","Middle River, MD"
Thu Jun 27 08:31:55 +0000 2019," Lmao wish I knew bro'""","Yonkers, NY"
Thu Jun 27 08:31:55 +0000 2019,Didn\ I say I was going to sleep?? Oops I forgot...goodnight fr this time \,"Los Angeles, CA"
Thu Jun 27 08:31:54 +0000 2019,"  THANK YOU WHAT LOL'""","Brooklyn, NY"
Thu Jun 27 08:31:54 +0000 2019,"Sometimes the problem is you. @ New York, New York ","Manhattan, NY"
Thu Jun 27 08:31:53 +0000 2019,"To roll up or not to roll up that is the question'""","Hartford, CT"
Thu Jun 27 08:31:52 +0000 2019,"HALL OF TWELVE\ Besser\ one of her older short stories, but still a horrific thriller, with a mix of Lo\ ","Rockford, MI"
Thu Jun 27 08:31:52 +0000 2019,Miss my gf \ if ion wake up to her soon tho \,"Chicago, IL"
Thu Jun 27 08:31:52 +0000 2019,  I watched the debate & overall I think you did a good job. BUT it was my impression that Warren\ ,"Suisun City, CA"
Thu Jun 27 08:31:52 +0000 2019,Lmao the kick back was hella fun! Throwing one again for sure next week. ,"Sunrise Manor, NV"
Thu Jun 27 08:31:52 +0000 2019,Get a load of this fool. ,"Imperial, CA"
Thu Jun 27 08:31:51 +0000 2019," Eight years old and I didn\ even know that the Kings existed'""","Reno, NV"
Thu Jun 27 08:31:50 +0000 2019,After these 4 days I only have 6 more days of work and I\ be floating and boating in Parker for 4 days celebratin\ ,"Santa Clarita, CA"
Thu Jun 27 08:31:49 +0000 2019," Louis Farrakhan? Disavow the black Trump. Or you\ toast.'""","Colorado, USA"
Thu Jun 27 08:31:49 +0000 2019,"Cory Booker doesn\ know, either!!\ ","Enterprise, NV"
Thu Jun 27 08:31:48 +0000 2019," Watching your demise  ?'""","Cape Coral, FL"
Thu Jun 27 08:31:48 +0000 2019,"that kinda night huh'""","Maryland, USA"
Thu Jun 27 08:31:47 +0000 2019,i need better followers cause why is mfs sleep tho? \,"Rockford, IL"
Thu Jun 27 08:31:47 +0000 2019, Forget that. Please come to the ,"Philadelphia, PA"
Thu Jun 27 08:31:47 +0000 2019," Ahh hah ha'""","Anchorage, AK"
Thu Jun 27 08:31:47 +0000 2019,"Sexual Relations With No Strings Attached'""","North Las Vegas, NV"
Thu Jun 27 08:31:47 +0000 2019, Have faith monster\,"Tucson, AZ"
Thu Jun 27 08:31:47 +0000 2019,Ima be like If you don\ dunk on dat LIL ASS BOY \ ,"LaGrange, GA"
Thu Jun 27 08:31:46 +0000 2019,"  POLICIA!'""","Manhattan, NY"
Thu Jun 27 08:31:45 +0000 2019,"Scott fucking Mescudi'""","Pocatello, ID"
Thu Jun 27 08:31:45 +0000 2019,"    If the Democrats that are ignoring the homeless problem in California'""","El Mirage, AZ"
Thu Jun 27 08:31:45 +0000 2019,Where my day one Bernie Slack people at? ,"South Valley Stream, NY"
Thu Jun 27 08:31:45 +0000 2019,Same lol ,"Pomona, CA"
Thu Jun 27 08:31:44 +0000 2019,"DANGGGG, if anything goin up north made him even better. Best kicker in the nation right there ladies and gents ","San Diego, CA"
Thu Jun 27 08:31:44 +0000 2019,"That\ beast'""","Bronx, NY"
Thu Jun 27 08:31:43 +0000 2019,tonight\ mood: \ ,"Woodcrest, CA"
Thu Jun 27 08:31:43 +0000 2019,"Sex is fun Idc,but I take my rounds Seriously'""","Fort Worth, TX"
Thu Jun 27 08:31:43 +0000 2019,The fact that I unintentionally picked up my husbands sleep schedule has officially pissed me off ... I really wake\ ,"Houston, TX"
Thu Jun 27 08:31:41 +0000 2019,"Like I\'m so heart broken I\'m pissed.""'","Conyers, GA"
Thu Jun 27 08:31:41 +0000 2019,"'. endorses #MedicareForAll: ""We believe #healthcare is a right for ALL people, regardless of their abil\ ","Illinois, USA"
Thu Jun 27 08:31:41 +0000 2019,Bro this really what we on out here ???? ,"Arlington, TX"
Thu Jun 27 08:31:40 +0000 2019," You know you did!!'""","Hondo, TX"
Thu Jun 27 08:31:40 +0000 2019,Sheesh!  No accountability! This is so beyond ridiculous and corrupt! ,"Oregon, USA"
Thu Jun 27 08:31:40 +0000 2019," Thank you'""","Phoenix, AZ"
Thu Jun 27 08:31:39 +0000 2019,"I forgot my hydro at work which is all the way in Saratoga and I live in east side San Jose fml'""","San Jose, CA"
Thu Jun 27 08:46:48 +0000 2019,"Remember when everyone wanted/had a G-Shock?'""","Brooklyn Park, MN"
Thu Jun 27 08:46:47 +0000 2019,"'TIME TO GET ""CHOMPED!!"" ","Montana, USA"
Thu Jun 27 08:46:46 +0000 2019,#imjustsaying \\n#fuk #her #mind #not #her #pussy #brainpower \\n that\'s called #foreplay.... can I get mind..geeezz  ,"Irondale, GA"
Thu Jun 27 08:46:46 +0000 2019,She gone ask me why i be coming to work early lol to seee you fool \,"Oakland, CA"
Thu Jun 27 08:46:44 +0000 2019,Aye this mf legit no cap it just blessed my cashapp on the gang ,"New Albany, IN"
Thu Jun 27 08:46:43 +0000 2019,"you got exactly what you wanted tho'""","Louisiana, USA"
Thu Jun 27 08:46:43 +0000 2019,Please do this ,"McLeansville, NC"
Thu Jun 27 08:46:43 +0000 2019,"People have so many dreams and aspirations but also don\ give a damn about anything at all.\\n\\nI am people.'""","Fremont, CA"
Thu Jun 27 08:46:42 +0000 2019,Y\ got MONEY\ ,"Chino, CA"
Thu Jun 27 08:46:42 +0000 2019," What a disgusting excuse for a human.'""","Cathedral City, CA"
Thu Jun 27 08:46:42 +0000 2019," Being buried alive. Always and forever.'""","Los Angeles, CA"
Thu Jun 27 08:46:42 +0000 2019,You can get it all here at Hoy\ #fox29goodday ,"Stone Harbor, NJ"
Thu Jun 27 08:46:40 +0000 2019,Birthmark-akon\,"Spokane, WA"
Thu Jun 27 08:46:40 +0000 2019,     Nice. Let\ catch up sometime. Safe travels to\ ,"Virginia, USA"
Thu Jun 27 08:46:39 +0000 2019,Modern day Au of my OCs Angey and Connor. Moments of their relationship captured in photographs. #oc #AU #Art\ ,"Bostonia, CA"
Thu Jun 27 08:46:39 +0000 2019,I can\ stand her bro \ ,"Houston, TX"
Thu Jun 27 08:46:39 +0000 2019,"i def love myself'""","California, USA"
Thu Jun 27 08:46:39 +0000 2019," Lol right ?'""","Ellenton, FL"
Thu Jun 27 08:46:38 +0000 2019," I swear I love you. I\ do anything for ya'""","Virginia Beach, VA"
Thu Jun 27 08:46:37 +0000 2019,"Court in the morning'""","Dallas, TX"
Thu Jun 27 08:46:37 +0000 2019,"  I would serve them so well.'""","Tampa, FL"
Thu Jun 27 08:46:37 +0000 2019," This sounds wonderful, however from donation to application it would be nice to know how it\ alloc\ ","Garland, TX"
Thu Jun 27 08:46:36 +0000 2019,#WomenWhoLead: \ is the faith that leads to achievement. Nothing can be done without hope and confidence.\ ,"Columbus, OH"
Thu Jun 27 08:46:36 +0000 2019," Bruh these are gold!'""","Brooklyn, NY"
Thu Jun 27 08:46:35 +0000 2019,  That\ called projection and if it helps you get through your day; be delusional. Drugs much? \,"Goldsboro, NC"
Thu Jun 27 08:46:35 +0000 2019,"#ANTIFAKE the tape, the letter is out now \\n\\nAZ underground is full of some real ass mf\ and we can see right thru\ ","Phoenix, AZ"
Thu Jun 27 08:46:34 +0000 2019,looked at my gross pay vs my net pay then quickly changed my tax info to 9 dependents. if anybody ask imma step dad\ ,"Greenville, SC"
Thu Jun 27 08:46:34 +0000 2019,"They were going to be acting irrational because of what they did do..homefull+'""","Ohio, USA"
Thu Jun 27 08:46:33 +0000 2019,"thank u to everyone who came out tonight shit was beautiful \\n\\nbig shout out to  shes about to take over'""","Los Angeles, CA"
Thu Jun 27 08:46:33 +0000 2019," why don\ you guys play Tourette\ ...that song is all time'""","San Francisco, CA"
Thu Jun 27 08:46:32 +0000 2019,"Today was such a good day. Fuck, I feel good. Not just cause I\ high. But really like I\ been in a good fucking mood all day.'""","Chino Hills, CA"
Thu Jun 27 08:46:32 +0000 2019,"       Chick fil a all the way'""","Miami, FL"
Thu Jun 27 08:46:31 +0000 2019," How is answering this putting money in my pocket?'""","Hagerstown, MD"
Thu Jun 27 08:46:31 +0000 2019,"and I miss my mans'""","Virginia, USA"
Thu Jun 27 08:46:31 +0000 2019,"Manchester United \'meet with the agent of Portugal midfielder Bruno Fernandes\', 24, to try to secure his \ move\ ","Arcadia, CA"
Thu Jun 27 08:46:30 +0000 2019," Think of all the schools that wish they could be there!! GO BLUE!!'""","Michigan, USA"
Thu Jun 27 08:46:30 +0000 2019,Bro got social media now? ,"Frisco, TX"
Thu Jun 27 08:46:29 +0000 2019, Mannnn I ain\ ready for all this\,"Troy, AL"
Thu Jun 27 08:46:28 +0000 2019, He was horrible and honestly he second have of the debate wasn\ moderated well at all \\nBut Castro sho\ ,"Croton-on-Hudson, NY"
Thu Jun 27 08:46:28 +0000 2019,"Also, I\ been on a skincare binge as of late and am just LOVING all the products !!!'""","Portland, OR"
Thu Jun 27 08:46:27 +0000 2019,"Qu\ pedo con mi suerte este mes? P\ servicio'""","California, USA"
Thu Jun 27 08:46:26 +0000 2019,Closed due to accident on I 71 Both NB/SB south of OH-97 #traffic ,"Ohio, USA"
Thu Jun 27 08:46:25 +0000 2019,"  Yes it is'""","Ellenton, FL"
Thu Jun 27 08:46:25 +0000 2019,Why am I awake at 4:45 am? Whyyyyyy??? ,"Washington, DC"
Thu Jun 27 08:46:25 +0000 2019,"   Driving is a privilege and owning guns is a right.'""","Indiana, USA"
Thu Jun 27 08:46:25 +0000 2019,"Cleared: Construction on #UnionStreetBridge EB from Bond Street to Nevins Street'""","Brooklyn, NY"
Thu Jun 27 08:46:25 +0000 2019," Honey, you\'re in my prayers. Only good vibes sent ur way. This exact thing will eventually happen to m\ ","North Dakota, USA"
Thu Jun 27 08:46:25 +0000 2019,"Cleared: Closure on #BeltSystemCrossIslandParkway SB at END ROUTE Belt System - Cross Island Parkway; I-678 Whitestone Expressway'""","Queens, NY"
Thu Jun 27 08:46:25 +0000 2019,Up like I\ the one that had to be to work early this morning \,"South Carolina, USA"
Thu Jun 27 08:46:24 +0000 2019,"Cleared: Construction on #I278 Both directions from Exit 26 - Hamilton Avenue to 4th Avenue; 64th Street'""","Brooklyn, NY"
Thu Jun 27 08:47:08 +0000 2019," I never unfollow. That\'s just rude""'","Ohio, USA"
Thu Jun 27 08:47:06 +0000 2019,#sssssqqqqquuuuaaaaaaadddddd \ ,"Illinois, USA"
Thu Jun 27 08:47:05 +0000 2019,Entonces\\ncomo en mis sue\ \\nella lleg\ \\nquer\ leer \\nlas lineas de mis manos\\nc\ decirle \\nqu\ ya no ten\ lineas\ ,"Chicago, IL"
Thu Jun 27 08:47:04 +0000 2019," I\'m trustworthy... Oh that\'s a lie. I\'m moderately irresponsible but extra honest""'","Santa Ana, CA"
Thu Jun 27 08:47:03 +0000 2019,i uhhhhhhhh lOVE HIM ,"Kent, WA"
Thu Jun 27 08:47:03 +0000 2019,From Discover on Google ,"Atlanta, GA"
Thu Jun 27 08:47:03 +0000 2019," Coolio. You too.'""","Colorado, USA"
Thu Jun 27 08:47:03 +0000 2019,"Listening to The Rolling Stones for the first time in a MINUTE'""","Ontario, CA"
Thu Jun 27 08:47:02 +0000 2019," Yeah I just wanted to talk to u'""","Los Angeles, CA"
Thu Jun 27 08:47:29 +0000 2019," Or, one does not care what happened in the Holocaust!'""","Washington Park, IL"
Thu Jun 27 08:47:29 +0000 2019," No. Instead, read Yang\ Tweets and laugh \","New York, USA"
Thu Jun 27 08:47:29 +0000 2019,"Imagine grinding a 6\'5 to 99""'","Eugene, OR"
Thu Jun 27 08:47:28 +0000 2019," DM me screenshots'""","New York, USA"
Thu Jun 27 08:47:28 +0000 2019, Absolutely had to miss that mf \,"Tempe, AZ"
Thu Jun 27 08:47:28 +0000 2019," A little bit really'""","Massanetta Springs, VA"
Thu Jun 27 08:47:27 +0000 2019," You haven\ seen a7x?!'""","Tipp City, OH"
Thu Jun 27 08:47:26 +0000 2019," Your state has some of the strictest gun laws and you won\ catch me in Trenton.'""","Indiana, USA"
Thu Jun 27 08:47:26 +0000 2019,"    What of his policies are you against?'""","Hudson, NC"
Thu Jun 27 08:47:26 +0000 2019,"Pittsburgh, such a unique destination for my son\ 1st trip! > He loves interacting with people while walking in hi\ ",Downtown Pittsburgh
Thu Jun 27 08:47:25 +0000 2019, Just cause u mad doesn\ mean u have to take it out on the animal post ,"Atlanta, GA"
Thu Jun 27 08:47:24 +0000 2019,Para vivir en paz y entrar al reino de Dios perdona has lo te sentir\ mejor en el fondo de tu coraz\ ser humilde\ ,"Mayagez, Puerto Rico"
Thu Jun 27 08:47:24 +0000 2019, \\n \\nWtf o.O ,"Hialeah, FL"
Thu Jun 27 08:47:24 +0000 2019," Where at?'""","Biloxi, MS"
Thu Jun 27 08:47:24 +0000 2019,"THE YOUNG MEN WILL SEE VISIONS THE OLD MEN WILL DREAM DREAMS ASK A PREACHER NEAR YOU'""","Corsicana, TX"
Thu Jun 27 08:47:22 +0000 2019,"N E W ! 6 Maanden Goodiebox: de favourites.    #blogtijd'""","Manhattan, NY"
Thu Jun 27 08:47:22 +0000 2019," Beautiful America!'""","Sterling Heights, MI"
Thu Jun 27 08:47:22 +0000 2019,"I refuse to go bacc to my old self'""","Georgia, USA"
Thu Jun 27 08:47:22 +0000 2019,"I\ so ready to square up with my patients tonight. Guy just called me a bitch cus it\ cold.'""","Kingman, AZ"
Thu Jun 27 08:47:21 +0000 2019," Hate to hear that brotha'""","Texas, USA"
Thu Jun 27 08:47:21 +0000 2019,"  And to add, according to your former staffer from your wildly successful bid for mayor, you spe\ ","Miami, FL"
Thu Jun 27 08:47:20 +0000 2019,Go follow the new account\ Fortnite content only\ Cold Controller player\ ,"Goodyear, AZ"
Thu Jun 27 08:47:20 +0000 2019,06/27/19 \,"Chesapeake, VA"
Thu Jun 27 08:47:20 +0000 2019,MEA Karl presenting MEA Richard with a got your back award. Safety is Personal  ,"Glenwood, FL"
Thu Jun 27 08:47:20 +0000 2019,Thank you  \ ,"Solana Beach, CA"
Thu Jun 27 08:47:20 +0000 2019," I agree , I\ not sure when her husband will be here but for now she has a new bff lol'""","Ellenton, FL"
Thu Jun 27 08:47:20 +0000 2019, Yeaaah gurl! Gotta love that discount at ulta ! \,"Portland, OR"
Thu Jun 27 08:47:18 +0000 2019, Good morning and happy #Fursday Sheila!\,"Pennsylvania, USA"
Thu Jun 27 08:47:18 +0000 2019," Chris Evans will probably actually see this and respond at this rate too.'""","Baytown, TX"
Thu Jun 27 08:47:16 +0000 2019," Stupid is as stupid does, Sir'""","Lester, PA"
Thu Jun 27 08:47:16 +0000 2019,WHY CAN\ I SLEEP ,"El Paso, TX"
Thu Jun 27 08:47:16 +0000 2019,"Salutations!'""","Providence, RI"
Thu Jun 27 08:47:16 +0000 2019,Google maps > Apple maps ,"Eugene, OR"
Thu Jun 27 08:47:16 +0000 2019,"i\ never understand but it is what it is.'""","Nacogdoches, TX"
Thu Jun 27 08:47:15 +0000 2019,No Comment. \ #1919LIVE #Prohibition ,"Esperance, WA"
Thu Jun 27 08:47:15 +0000 2019,"Sak Noel, Lil Jon - Demasiado Loca ft. El Chevo, Aarpa  via ","Miami, FL"
Thu Jun 27 08:47:15 +0000 2019,"And God said, Let us make man in our image, after our likeness: and let them have dominion over the fish of the sea\ ","Miami Beach, FL"
Thu Jun 27 08:47:15 +0000 2019, AS-SALAAM ALAIKUM YOUR HIGHNESS SHEIKH Mohammed. can i please have a training job . ,"Brooklyn, NY"
Thu Jun 27 08:47:14 +0000 2019, Sounds good \,"Victoria, TX"
Thu Jun 27 08:47:14 +0000 2019,"   I saw Nagle\ Tweet. What\ happening with Joe? Recently talked with him.'""","Orangevale, CA"
Thu Jun 27 08:47:14 +0000 2019,"Charlotte I hope you\ ready because our very own millennial voice mr_finance has a word JUST FOR YOU. Sunday, Jun\ ","Charlotte, NC"
Thu Jun 27 08:47:14 +0000 2019," papasexy sya oh'""","Ketchikan, AK"
Thu Jun 27 08:47:13 +0000 2019," And... Her daddy PROBABLY had a stroke last night watching her be all... \ there!'""","Midland, TX"
Thu Jun 27 08:47:13 +0000 2019,They turned always when they try to enter legally. ,"Sacramento, CA"
Thu Jun 27 08:47:13 +0000 2019, If only they would have demonstrated a real debate! ,"Wichita Falls, TX"
Thu Jun 27 08:47:13 +0000 2019," Be very very careful. Get only sealed drinks from reputable stores'""","Gloucester, MA"
Thu Jun 27 08:47:13 +0000 2019,I miss having a girl \,"Queens, NY"
Thu Jun 27 08:47:12 +0000 2019," Every single ones let\ goo!'""","Manhattan, NY"
Thu Jun 27 08:47:12 +0000 2019,Grinding #GoBlue ,"Michigan, USA"
Thu Jun 27 08:47:12 +0000 2019,"Manager duties are upon me thanks to  again. PONY TAIL CASINO IN FULL EFFECT'""","Nevada, USA"
Thu Jun 27 08:47:11 +0000 2019,If you had said in a GOP debate that you had served in the military like Gabbard (26 June 2019) did you would get a\ ,"Frederick, MD"
Thu Jun 27 08:47:11 +0000 2019,#BTSWorld me after I sat in jungkooks banna milk in the boys nasty ass dorm ,"Los Angeles, CA"
Thu Jun 27 08:47:11 +0000 2019,      Have you ever thought about taking an anger\ ,"San Francisco, CA"
Thu Jun 27 08:47:11 +0000 2019,Join Us on Tuesday July 2nd! @ Amarachi ,"Brooklyn, NY"
Thu Jun 27 08:47:10 +0000 2019,"Cleared: Road Work - NEWTOWN #I84 East at Exit 9 (RTE 25) at 6/27/2019 4:47:03 AM'""","Newtown, CT"
Thu Jun 27 08:47:10 +0000 2019,"I been blessed with much as expected'""","Huntington Park, CA"
Thu Jun 27 08:47:10 +0000 2019,"  And my username says \ in it because I\ fucking brown. Not white. Not black. BROWN.'""","Houston, TX"
Thu Jun 27 08:47:09 +0000 2019,17 hour shift done \,"Hampton, VA"
Thu Jun 27 09:01:53 +0000 2019,When your man that ain\ your man hangin on some other girl. \\n\\n ,"Las Vegas, NV"
Thu Jun 27 09:01:52 +0000 2019,Time for me to drop 45 lbs ,"Montebello, CA"
Thu Jun 27 09:01:52 +0000 2019,Structure fire on Colonial Dr Both EB/WB near Pne Hills Rd #traffic ,"Orlando, FL"
Thu Jun 27 09:01:51 +0000 2019,"  Be that as it may, I never put any restrictions, although fortnite almost got restricted by me. Lmao'""","Arizona, USA"
Thu Jun 27 09:01:51 +0000 2019," LOL DELETE'""","Los Angeles, CA"
Thu Jun 27 09:01:51 +0000 2019,"Alot of these rap niggas cap!'""","Conshohocken, PA"
Thu Jun 27 09:01:50 +0000 2019,Me too ,"Langhorne, PA"
Thu Jun 27 09:01:50 +0000 2019,I definitely messed up and should\ went to London for this \  ,"Queens, NY"
Thu Jun 27 09:01:50 +0000 2019,  I work in human linguist and that\ actually not true communication & health were the sport\ ,"Compton, CA"
Thu Jun 27 09:01:48 +0000 2019,Ok but I really wanna see  in concert \,"Weslaco, TX"
Thu Jun 27 09:01:47 +0000 2019," It wasn\'t a joke.  lol   It was bad and sad.""'","Washington, DC"
Thu Jun 27 09:01:46 +0000 2019,Boo in a Box ,"Los Angeles, CA"
Thu Jun 27 09:01:46 +0000 2019,"   Dollar spot pressure is thru the roof right now.'""","Connecticut, USA"
Thu Jun 27 09:01:45 +0000 2019,"10hr work days be tiring as hell, but that deposit errry Friday be looking gorgeous'""","Independence, OH"
Thu Jun 27 09:01:45 +0000 2019,He\'s going to die. ,"Georgia, USA"
Thu Jun 27 09:01:43 +0000 2019,"BOO HURT HIS ANKLE OMFG MY HEART JUMPED'""","Los Angeles, CA"
Thu Jun 27 09:01:41 +0000 2019,sounds like  when he does his voice overs on the Log ,"National City, CA"
Thu Jun 27 09:01:41 +0000 2019,Accident :/ ,"West Sacramento, CA"
Thu Jun 27 09:01:40 +0000 2019,"Damn Dave&Busters is popping on a Wednesday.'""","Honolulu, HI"
Thu Jun 27 09:01:39 +0000 2019,"Got me fucked all the way up'""","New Orleans, LA"
Thu Jun 27 09:01:39 +0000 2019,"    And flamBOYE-ant'""","Bronx, NY"
Thu Jun 27 09:01:38 +0000 2019,Lmfao the Altima ,"Jurupa Valley, CA"
Thu Jun 27 09:01:38 +0000 2019,"Cleared: Incident on #CLine from Utica Avenue Station to Hoyt-Schermerhorn Station'""","Brooklyn, NY"
Thu Jun 27 09:01:38 +0000 2019,"High cloud 9 where I resigned'""","Yakima, WA"
Thu Jun 27 09:01:38 +0000 2019,"Cleared: Incident on #CLine from 125th Street Station to 59th Street-Columbus Circle Station'""","Manhattan, NY"
Thu Jun 27 09:01:37 +0000 2019,"Cleared: Incident on #6Line from 42nd Street-Grand Central Station to Brooklyn Bridge-City Hall Station'""","Manhattan, NY"
Thu Jun 27 09:01:37 +0000 2019,"Cleared: Incident on #GLine at 4th Avenue Station'""","Brooklyn, NY"
Thu Jun 27 09:01:37 +0000 2019,"When they want you to leave she ain\ want you lol she just uses you then gets bored and on to the next omm I shoulda listened to my people'""","Corpus Christi, TX"
Thu Jun 27 09:01:37 +0000 2019,"Cleared: Incident on #QLine at 28th St, 23rd St, 8th St-NYC & Prince St'""","Manhattan, NY"
Thu Jun 27 09:01:37 +0000 2019,"Cleared: Incident on #3Line from 42nd Street-Times Square Station to 96th Street Station'""","Manhattan, NY"
Thu Jun 27 09:01:37 +0000 2019,"Cleared: Construction on #ALine Manhattan bound from Utica Avenue Station to Hoyt-Schermerhorn Station'""","Brooklyn, NY"
Thu Jun 27 09:01:37 +0000 2019,"Updated: Incident on #QLine at 28th St, 23rd St, 8th St-NYC & Prince St ","Manhattan, NY"
Thu Jun 27 09:01:36 +0000 2019,"I miss it'""","Eagle Pass, TX"
Thu Jun 27 09:01:36 +0000 2019,"Cleared: Construction on #ALine Queens bound from 125th Street Station to 59th Street-Columbus Circle Station'""","Manhattan, NY"
Thu Jun 27 09:01:36 +0000 2019,"what is wrong with me'""","San Marcos, TX"
Thu Jun 27 09:01:36 +0000 2019,Can\ believe phat sleep before me \,"Ashburn, GA"
Thu Jun 27 09:01:36 +0000 2019,Updated: Construction on #NY104 Both directions at North Goodman Street; CR 108 ,"Irondequoit, NY"
Thu Jun 27 09:01:36 +0000 2019,"Cleared: Construction on #4Line SB from 42nd Street-Grand Central Station to Brooklyn Bridge-City Hall Station'""","Manhattan, NY"
Thu Jun 27 09:01:36 +0000 2019,"Cleared: Construction on #FLine SB at 4th Avenue Station'""","Brooklyn, NY"
Thu Jun 27 09:01:36 +0000 2019,Updated: Construction on #NewJerseyTurnpikeHudsonCountyExtension WB from East of Newark Bay Bridge to East of...,"New Jersey, USA"
Thu Jun 27 09:01:36 +0000 2019,"Cleared: Construction on #RLine BothDir/BothDir from Forest Hills-71st Avenue Station to Queens Plaza Station'""","Queens, NY"
Thu Jun 27 09:01:36 +0000 2019,Updated: Construction on #I295 SB from South of Exit 26S - NJ 42/I-76/I-676 to South of Exit 26N - I-76/I-676 ,"Bellmawr, NJ"
Thu Jun 27 09:01:36 +0000 2019,I\'m at Brown Family Home in AR ,"Arkansas, USA"
Thu Jun 27 09:01:36 +0000 2019," BEEN sudden. Lol'""","Fremont, CA"
