Date,Tweet
Date,eet',Country
Mon Jun 24 08:19:03 +0000 2019, Cuties \,"Chico, CA"
Mon Jun 24 08:19:02 +0000 2019,Shhhh you to loud \ ,"Dallas, TX"
Mon Jun 24 08:19:02 +0000 2019," I\ just chilling. I don\ think I\ be able to go back to sleep.'""","Lake Charles, LA"
Mon Jun 24 08:19:02 +0000 2019,Oluwacuppy! \ #BETAwards19 ,"Los Angeles, CA"
Mon Jun 24 08:19:01 +0000 2019,"UNWANTED PERSON at 2000 BLOCK OF NE 7TH AVE, PORTLAND, OR [Portland Police #PP19000210133] 00:53 #pdx911'""","Portland, OR"
Mon Jun 24 08:19:01 +0000 2019,MY REACTION VIDEO IS OUT #CNCOdeCero  #cnco  ,"San Jose, CA"
Mon Jun 24 08:19:01 +0000 2019,Same sis ,"Brooklyn, NY"
Mon Jun 24 08:19:01 +0000 2019,Love is love. ,"Clarksburg, WV"
Mon Jun 24 08:19:00 +0000 2019,"  Independentes? Sei...'""","Florida, USA"
Mon Jun 24 08:19:00 +0000 2019,"I be off da percs Vibin to melly I love his music'""","Bedford, OH"
Mon Jun 24 08:19:00 +0000 2019,"  Let me know how it goes!'""","Boston, MA"
Mon Jun 24 08:18:59 +0000 2019,"All these love songs lose meaning when you\'re listening to them without someone to relate it to""'","Stockton, CA"
Mon Jun 24 08:18:59 +0000 2019,I love inspirational stories \,"Burlington, NC"
Mon Jun 24 08:18:59 +0000 2019, Do they realize that if they make everyone millionaires then everyone would be broke? Cali is a go\ ,"South Carolina, USA"
Mon Jun 24 08:18:58 +0000 2019,"just dropped hot fries crumbs in my eye, burn so bad.'""","Jefferson, LA"
Mon Jun 24 08:18:57 +0000 2019,Kittens for days ,"Los Angeles, CA"
Mon Jun 24 08:18:57 +0000 2019,Fuck School And Fuck Rapping Bih I Made It Off Rapping\,"Round Rock, TX"
Mon Jun 24 08:18:56 +0000 2019,best game ever ,"Visalia, CA"
Mon Jun 24 08:18:55 +0000 2019,"  I mean, she has not seen him wearing it na. \","Pittsburgh, PA"
Mon Jun 24 08:18:55 +0000 2019,"Oh god i texted my ex kill me'""","Canyon, TX"
Mon Jun 24 08:18:55 +0000 2019,,"Los Angeles, CA"
Mon Jun 24 08:18:54 +0000 2019, \,"Killeen, TX"
Mon Jun 24 08:18:54 +0000 2019,"whew somebody picked up my shift tomorrow\ look at God.'""","Newark, NJ"
Mon Jun 24 08:18:54 +0000 2019," Where do they find these crazies?'""","Newport News, VA"
Mon Jun 24 08:18:54 +0000 2019," Agreed. During \'90s a man ran onto the field at Cincinnati(?) & beat 1B coach, & in 80s(?) an umpire w\ ","Downey, CA"
Mon Jun 24 08:18:53 +0000 2019, Lol. I know people like that \,"Kingsford, MI"
Mon Jun 24 08:18:51 +0000 2019,"Who let me have extremely long hair in high school lmao'""","Texas, USA"
Mon Jun 24 08:18:51 +0000 2019,Pnbrock got a long ass neck bruh ,"Hayward, CA"
Mon Jun 24 08:18:49 +0000 2019,"You don\ like me but you looking at this post. Why you on my page? Weirdos.'""","Shreveport, LA"
Mon Jun 24 08:18:48 +0000 2019," The water pump on my truck went out last week....I can\ prove it,but I\ pretty darn sure, \ ","Texas, USA"
Mon Jun 24 08:18:48 +0000 2019,"I like being left-handed.\\n9 out of 10 people,know I\'m right.""'","Houston, TX"
Mon Jun 24 08:18:47 +0000 2019,This is why I can\ nap because it\ 1 in the morning and I\ still awake \,"Salida, CA"
Mon Jun 24 08:18:47 +0000 2019,No cap somebody tell me the ways of how to get into StockX I\ tryna work there so bad man\,"Detroit, MI"
Mon Jun 24 08:18:47 +0000 2019," Lmao no'""","Mansfield, OH"
Mon Jun 24 08:19:25 +0000 2019,New TaoTao Fluxx MW1 350 Watt Electric Dirt bike \\n #350Watt ,"Arlington, TX"
Mon Jun 24 08:19:25 +0000 2019,"  I took care of my mom solo for >8 years, by myself, 24/7. I eventually broke and became ill, so\ ","Bronx, NY"
Mon Jun 24 08:19:25 +0000 2019,"Thanks Detroit for an awesome time, way better then the last one @ Broadway In Detroit - The Fisher Theatre and mor\ ","Detroit, MI"
Mon Jun 24 08:19:25 +0000 2019,"I also would like to add, we have to disconnect battery after we\'re done driving or a short in the circuitry KILLS the battery, SO""'","Alaska, USA"
Mon Jun 24 08:19:24 +0000 2019,"I didn\ watch the Kardashian\ or the BET awards. Go me.'""","Charlotte, NC"
Mon Jun 24 08:19:24 +0000 2019,Amen! #jojo #vibe #fab #love ,"Malden, MA"
Mon Jun 24 08:19:24 +0000 2019,Been on the road nonstop for the past two days. Tell me why these last few hours feel eternal???? \,"Dallas, TX"
Mon Jun 24 08:19:24 +0000 2019," 11,12,8,2'""","Springdale, AR"
Mon Jun 24 08:19:23 +0000 2019," all of them'""","Allentown, PA"
Mon Jun 24 08:19:23 +0000 2019," I agree, Hillary !   This is outrageous!!  America is a whole lot better than this!!'""","Arkansas, USA"
Mon Jun 24 08:19:22 +0000 2019," Can\'t wait for the next 2 appointees.  They\'re running out of activist judges that make up their own laws.""'","Queens, NY"
Mon Jun 24 08:19:22 +0000 2019,Nature\ Touch Frozen Foods (West) Inc. Voluntarily Recalls Signature Select Avocado Chunks Due to Potential Lister\ ,"Alaska, USA"
Mon Jun 24 08:19:22 +0000 2019,"On god..... once I\ at 0 .. I\ gonna be unstoppable.. and I\ not fucking with anyone. I\ going all the way these next few months.'""","Hialeah, FL"
Mon Jun 24 08:19:22 +0000 2019,Stargazing \,"Tracyton, WA"
Mon Jun 24 08:19:22 +0000 2019,"Awesome, right after I pay mine off? Are you tryna start a #war? Bernie Sanders set to unveil plan to cancel all $1\ ","Broadlands, VA"
Mon Jun 24 08:19:21 +0000 2019,life is like a trap to some and a beach to others\ #zebradetroit @ Detroit Golf Club ,"Detroit, MI"
Mon Jun 24 08:19:21 +0000 2019,"those 6 hour naps fr be hittin different bc now I feel like a piece of shit'""","Tucson Estates, AZ"
Mon Jun 24 08:19:19 +0000 2019,I\ drunk and have a metting tomorrow well today \,"Hot Springs, AR"
Mon Jun 24 08:19:19 +0000 2019,credit:  \ MUSIC OTW!!!\ #theonejp #ghettomassproductions #missinglinkrecordings\ ,"Lakeway, TX"
Mon Jun 24 08:19:19 +0000 2019,LA\,"Los Angeles, CA"
Mon Jun 24 08:19:18 +0000 2019,"Join the Spartanburg Medical Center team! See our latest job opening here:  #Healthcare #Spartanburg, SC'""","Spartanburg, SC"
Mon Jun 24 08:19:17 +0000 2019," Big Mac, you want fries wth that fat boy?'""","Decatur, TX"
Mon Jun 24 08:19:17 +0000 2019," Naw they ain\ fake them mfs just on sale like hell'""","Atlanta, GA"
Mon Jun 24 08:19:17 +0000 2019,"I love the sound of thunder'""","Huntsville, TX"
Mon Jun 24 08:19:17 +0000 2019," Number 2'""","Abington, MA"
Mon Jun 24 08:19:16 +0000 2019,Whew the feeling with going out with ppl and everybody can split the bill Evenly without any complaints or rebuttals .  \,"Texas, USA"
Mon Jun 24 08:19:16 +0000 2019,   Correction:They won\ give him the money so they can blame him and take the li\ ,"Evanston, WY"
Mon Jun 24 08:19:16 +0000 2019,"thought issa was gonna hold the juul for me but he just took a hit and left me hanging'""","Los Angeles, CA"
Mon Jun 24 08:19:15 +0000 2019," Come, Lord Jesus!'""","Gastonia, NC"
Mon Jun 24 08:19:15 +0000 2019,They put sugar or that sweet shit in the mixture this time didn\ they.?! the mosquitoes are eatting u..most people\ ,"Miami, FL"
Mon Jun 24 08:19:14 +0000 2019,"Big E suicide dives are amazing and terrifying at the same time. #WWEStompingGrounds'""","North Las Vegas, NV"
Mon Jun 24 08:19:13 +0000 2019,"Lose yourself in the love you create with somebody, not in them! If you do lose yourself in them you will never fin\ ","Manhattan, NY"
Mon Jun 24 08:19:12 +0000 2019,"Now show them collection'""","San Antonio, TX"
Mon Jun 24 08:19:11 +0000 2019,OEM Factory new Air Filter for cinema projector NC900C\\n\\n#air_filter #cinema #projector_filter #projector_cinema\\n\ ,"Berkeley, CA"
Mon Jun 24 08:19:11 +0000 2019,uggh it drives me nuts when all these soap stars change roles and go back and forth. I\'m excited for Michelle Staff\ ,"Mill Creek, WA"
Mon Jun 24 08:19:10 +0000 2019,Smo \,"Papillion, NE"
Mon Jun 24 08:19:09 +0000 2019,That\ my Dawg\ ,"Monroe, LA"
Mon Jun 24 08:19:09 +0000 2019,"  Hi there. Lol, yes the plaque next to the teacher\ apple. Two important pieces as I\ ","Norwalk, CA"
Mon Jun 24 08:19:08 +0000 2019,"If you\'re looking for work in Westchester, IL, check out this job:  #restaurantlife #Hospitality""'","Westchester, IL"
Mon Jun 24 08:19:07 +0000 2019,"near bsgstblender: 199aad2c-287e-4be2-8656-d147a5a741fa'""","Pittsburgh, PA"
Mon Jun 24 08:19:07 +0000 2019,imma let jessica sleep this crazy because she got work in three hours but best believe i\ going stoopid later on f\ ,"Mississippi, USA"
Mon Jun 24 08:19:07 +0000 2019,"I need a foot massage they are my fav'""","Honolulu, HI"
Mon Jun 24 08:19:06 +0000 2019,Stand back \\nClap back \\nStay cool. ,"Port St Lucie, FL"
Mon Jun 24 08:19:45 +0000 2019,I love my brothers. Times are tough but we\ get through this. What ever y\ need I got you. \,"San Jose, CA"
Mon Jun 24 08:19:45 +0000 2019,"Don\ try and switch on me'""","Mesa, AZ"
Mon Jun 24 08:19:45 +0000 2019,"   What makes them Trump\'s?""'","Plano, TX"
Mon Jun 24 08:19:45 +0000 2019," Thanks for such a profound an a amazing speech, you have paved the way for so many people of color. I w\ ","Newark, NJ"
Mon Jun 24 08:19:44 +0000 2019,Reflets dans The Vessel #igersnewyork #igersusa #newyork #newyorkcity #igersnewyork #igersnyc #thevessel #fz1000\ ,"Manhattan, NY"
Mon Jun 24 08:19:44 +0000 2019,"Bagging dust going to 2/4k on Tuesday, still far from the #MOLA  ","Las Vegas, NV"
Mon Jun 24 08:19:42 +0000 2019," But he\'s DEFINITELY higher than 6-7 (where many rank him) because unlike Harden, Curry (no did 2 Ste\ ","Adelanto, CA"
Mon Jun 24 08:19:42 +0000 2019,"Time to climb the hill again.'""","Fort Washington, PA"
Mon Jun 24 08:19:42 +0000 2019,"'   Or, see Matthew 18:16, where I talk about those who ""cause little ones to stumble.""\''","Chicago, IL"
Mon Jun 24 08:19:41 +0000 2019,"i think you too loyal'""","Mansfield, TX"
Mon Jun 24 08:19:41 +0000 2019,  Pass this one on to management will you?  WWE steel cage matches suck.  No where as good\ ,"Excelsior Springs, MO"
Mon Jun 24 08:19:41 +0000 2019,I feel like a  \ ,"Smyrna, GA"
Mon Jun 24 08:19:41 +0000 2019,"God.. thank you.'""","Hope Mills, NC"
Mon Jun 24 08:34:13 +0000 2019,"I didn\ have to do any driving so winning!!!'""","Myrtle Beach, SC"
Mon Jun 24 08:34:13 +0000 2019,my biweekly tweet about my heart feeling heavy <\,"Murfreesboro, TN"
Mon Jun 24 08:34:13 +0000 2019,Plate-loaded leg workout. ,Xsport Fitness
Mon Jun 24 08:34:12 +0000 2019, \ \ \ \ \ \ \ \ \ \ \ \ \,United States
Mon Jun 24 08:34:12 +0000 2019,We are the only people infatuated with entertainers and athletes!!!\ ,"Newport News, VA"
Mon Jun 24 08:34:11 +0000 2019,Fuck this grind \ ,San Bernaghetto
Mon Jun 24 08:34:11 +0000 2019," target!!!'""","Tucson Estates, AZ"
Mon Jun 24 08:34:11 +0000 2019,All of this. ,"South Haven, MI"
Mon Jun 24 08:34:11 +0000 2019, sooo now I follow you on    and now finally ,"Anaheim, CA"
Mon Jun 24 08:34:10 +0000 2019,Llegando de la playa...bien borracho \,"Camuy, USA"
Mon Jun 24 08:34:10 +0000 2019,   Ending legalized murder.\\nEnforcing border and citizenship laws properly.\\n\\nThose\ ,"Turlock, CA"
Mon Jun 24 08:34:09 +0000 2019,"Whoever runs Tijuana has access to the biggest $ & drug trade markets on the hemisphere, i.e., Southern California\ ","Fresno, CA"
Mon Jun 24 08:34:09 +0000 2019,"If he had the cash, why is he flying coach? ","New Jersey, USA"
Mon Jun 24 08:34:09 +0000 2019,I could be married 30 years and I\ still ask \ you like me still\,"Queens, NY"
Mon Jun 24 08:34:08 +0000 2019,"Im finna sleep so good tn'""","Ontario, CA"
Mon Jun 24 08:34:07 +0000 2019,We are 73 days away from the start of a new  season! AAAH OOOH AAAH  OOOH AAAH OOOH   ,"Georgia, USA"
Mon Jun 24 08:34:07 +0000 2019,"near bsgstblender: c8c347cb-91da-43a4-8fde-0c4421bab97a'""","Pittsburgh, PA"
Mon Jun 24 08:34:05 +0000 2019,We are happy to announce the Jeffrey Osborne All Star Comedy Explosion line up this year featuring  ,"Warwick, RI"
Mon Jun 24 08:34:05 +0000 2019,Kilonwi gan ,"Parkville, MD"
Mon Jun 24 08:34:05 +0000 2019," Gotta make that money !!'""","New Mexico, USA"
Mon Jun 24 08:34:05 +0000 2019,We recently visited renowned #muralist  opening exhibit  at  and instantly became a f\ ,"San Clemente, CA"
Mon Jun 24 08:34:03 +0000 2019,"Just posted a photo @ Brighton, Syracuse, New York ","Syracuse, NY"
Mon Jun 24 08:34:02 +0000 2019,   Good morning Angie  hope  everything  is ok been praying for you  this is breaking n\ ,"Fairfax, VA"
Mon Jun 24 08:34:02 +0000 2019,"  Love it.  His big head would be perfect.'""","Los Angeles, CA"
Mon Jun 24 08:34:02 +0000 2019,"Anything you fucken want hun'""","Oxnard, CA"
Mon Jun 24 08:34:02 +0000 2019,"  he\'s right.  What Kerry is doing is treason!""'","Milford, CT"
Mon Jun 24 08:34:01 +0000 2019,"  Aw man, what a sweet story and I\'m sorry for your loss.  Lost my dad in January and when P!NK said\ ","South Carolina, USA"
Mon Jun 24 08:34:01 +0000 2019,"'I swear nobody paid as much attention to JT\\\'s ""I think that she knows"" interlude as me... shit brings me back\''","Bethel, AK"
Mon Jun 24 08:34:00 +0000 2019, I am literally so disgusted. I haven\'t even graduated and this god forsaken institution is already HA\ ,"Hanover, NH"
Mon Jun 24 08:34:00 +0000 2019,"The ride really wasn\ that bad but it definitely was long!!'""","Myrtle Beach, SC"
Mon Jun 24 08:33:59 +0000 2019," you dumb Democrats\\nMake stuff up so bad, dont come here illegally, it\'s not hard,""'","Hudson, WI"
Mon Jun 24 08:33:58 +0000 2019," it\ private stories on snap? lol'""","Newark, NJ"
Mon Jun 24 08:33:58 +0000 2019,me cawuen na \,"Susúa Baja, Puerto Rico"
Mon Jun 24 08:33:58 +0000 2019," I ate the curry one of these.......it made me cry T^T I still have a couple somewhere on a shelf xD'""","Roanoke Rapids, NC"
Mon Jun 24 08:33:57 +0000 2019,"Especially if you burned me on time once before.'""","California, USA"
Mon Jun 24 08:33:57 +0000 2019,"I be up at crackhead hours. Like wtf is sleep.'""","Las Vegas, NV"
Mon Jun 24 08:33:56 +0000 2019,"If I lend you money, you say you will have my cash on a certain day... then talk about buying a ticket to  ","California, USA"
Mon Jun 24 08:33:56 +0000 2019, Great to meet you too!  Wonderful weekend all around! -\,"Los Angeles, CA"
Mon Jun 24 08:33:56 +0000 2019," yikes'""","Mission Bend, TX"
Mon Jun 24 08:33:55 +0000 2019," This would be one of those campaign promises that would NEVER happen. And if it did, that just means the sc\ ","Pleasant Prairie, WI"
Mon Jun 24 08:33:55 +0000 2019," No! A taurus \ thats a taxidermy of a scorpion btw'""","Manhattan, NY"
Mon Jun 24 08:33:55 +0000 2019,"Learning lessons from the master... an icon of the business and a tremendous leader...  superstar, the\ ","Manhattan, NY"
Mon Jun 24 08:33:55 +0000 2019,"To whom it may concern... If u try to bag me and I tell u I got a girlfriend that means I\ not interested.'""","Manhattan, NY"
Mon Jun 24 08:33:55 +0000 2019,Oh my gosh I love her so much. @ South Bronx ,"Bronx, NY"
Mon Jun 24 08:33:54 +0000 2019,might have been possessed while tweeting this ,"Fullerton, CA"
Mon Jun 24 08:33:54 +0000 2019,i have to realize i deal with hood niggas so some shit im just not going to experience until i change that \,"Merrydale, LA"
Mon Jun 24 08:33:54 +0000 2019,"when you with your maggot ass friends don\'t discuss me""'","Florida, USA"
Mon Jun 24 08:33:54 +0000 2019, i have a  reaction to can\'t get you outta my hair coming out in few hours be p\ ,"West Virginia, USA"
Mon Jun 24 08:33:54 +0000 2019,And another one for you George \\nAnd another one for you George \\nAnd another one for you George \\nAnd another one for\ ,"Ann Arbor, MI"
Mon Jun 24 08:33:54 +0000 2019,"I wonder what Meagan doin'""","Louisiana, USA"
Mon Jun 24 08:33:53 +0000 2019,Bruh I can\ find my tv remote and the app on my phone is tripping \,"Houston, TX"
Mon Jun 24 08:34:35 +0000 2019, Of course \,"Rio Rancho, NM"
Mon Jun 24 08:34:34 +0000 2019," You driving thru NM?'""","New Mexico, USA"
Mon Jun 24 08:34:34 +0000 2019,"My own bed would slap rn'""","Roseburg, OR"
Mon Jun 24 08:34:32 +0000 2019,"Goodbye, tanker \ VOYAGER! Have a great time in Los Angeles!'""","San Francisco, CA"
Mon Jun 24 08:34:30 +0000 2019,   \,"Los Angeles, CA"
Mon Jun 24 08:34:30 +0000 2019,"Okay I gotta go watch Toy Story 4 soon, still haven\ watched Aladdin either'""","Los Angeles, CA"
Mon Jun 24 08:34:30 +0000 2019,"  You\ the one torching time you have to add back lmfao and you would never play for more then 5 lol'""","Artondale, WA"
Mon Jun 24 08:34:30 +0000 2019,No  my driver is not here and no he\ not departing in 5 mins because it\ going to take him at least 7 to get\ ,"California, USA"
Mon Jun 24 08:34:29 +0000 2019,"don\ watch me watch youtube or sum'""","Rio Pinar, FL"
Mon Jun 24 08:34:29 +0000 2019,"Totally done entertaining people Im finna just live my life tomorrow isnt promised to no1'""","Gallatin, TN"
Mon Jun 24 08:34:29 +0000 2019,"men are trash and men love trash'""","Ohio, USA"
Mon Jun 24 08:34:27 +0000 2019,Here is to today #SundayFunday at aquatica  thanks for having us ,"Aquatica San Diego, SeaWorld's Water Park"
Mon Jun 24 08:34:27 +0000 2019, Dude I\ be smelling a skunk outside my window like around 5pm whenever I\ home playing CoD. Like go\ ,"Fremont, CA"
Mon Jun 24 08:34:27 +0000 2019,Before 2020 I\ like to remind democrat to come to a mutual decision. We don\ need to be undecided on democratic c\ ,"Manhattan, NY"
Mon Jun 24 08:34:26 +0000 2019,"Once I throw on this, it\ over boy'""","Queens, NY"
Mon Jun 24 08:34:25 +0000 2019,"marijuana affects the brain'""","Murray, UT"
Mon Jun 24 08:34:23 +0000 2019,"Ah man entershop down looks like we back to cvvuni'""","Brooklyn, NY"
Mon Jun 24 08:34:23 +0000 2019,Updated: Incident on #I287CrossWestchesterExpwy WB from After Exit 8W/8/8E (I-287) Bloomingdale Rd - Harrison -...,"Harrison, NY"
Mon Jun 24 08:34:22 +0000 2019, just got a Cameo from  \\n\\n#cameofameo #wwe \\n\\nWATCH:  \\n\\nvia\ ,"Carterville, IL"
Mon Jun 24 08:34:22 +0000 2019,"Cleared: Construction on #I95N NB at Exit 34 (US 1(BRIDGEPORT AVE))'""","Milford, CT"
Mon Jun 24 08:34:21 +0000 2019,  Bon si c\ Katy alors ! \ ,"Los Angeles, CA"
Mon Jun 24 08:34:20 +0000 2019,Dam I\ really yatted wtf \,"Jersey City, NJ"
Mon Jun 24 08:34:19 +0000 2019,"'  They\\\'re playing the ""sexualized"" card. Which is dumb bc while lots of filmkrs do this... its not a\ ","Security, CO"
Mon Jun 24 08:34:18 +0000 2019,#ImAlwaysApologizingFor just looking intelligent \,"Los Angeles, CA"
Mon Jun 24 08:34:18 +0000 2019," Me.'""","Nacogdoches, TX"
Mon Jun 24 08:34:16 +0000 2019,"' Hi Much Love, What\\\'s up? And yeah true, he does, like #RoddyPiper always said ""...Just when you th\ ","Kentucky, USA"
Mon Jun 24 08:34:15 +0000 2019," I watched this Lull episode  what is wrong with your coding skills in 2019, this is a garbage fire.\ ","Davis, CA"
Mon Jun 24 08:34:14 +0000 2019,  Super sexy \,"Los Angeles, CA"
Mon Jun 24 08:34:14 +0000 2019,Deport her now ,"Texas, USA"
Mon Jun 24 08:35:00 +0000 2019,"Another busy Sunday (@ Shiki Japanese Cuisine in Half Moon Bay, CA) ","Half Moon Bay, CA"
Mon Jun 24 08:34:59 +0000 2019," I\ been like this all day\ as soon as I get up to eat, I lay back down bc I get nauseous'""","Rialto, CA"
Mon Jun 24 08:34:59 +0000 2019,this gonna be a long week \,"Newark, NJ"
Mon Jun 24 08:34:59 +0000 2019," hav u gotten more blowjobs than intercourse?'""",Starlets Gentlemen's Club
Mon Jun 24 08:34:59 +0000 2019," IS BAEEE, the show was lit tonite #DEAD2THEWORLDTOUR ",House Of Blues
Mon Jun 24 08:34:58 +0000 2019," When was any time a building had to shortened?'""","Los Angeles, CA"
Mon Jun 24 08:34:58 +0000 2019,"bro i found my airpods, put them on my keys in a case then dropped my keys down an elevator shaft'""","Manhattan, NY"
Mon Jun 24 08:34:57 +0000 2019,There will be more lol but these are mine from tonight. I love my paint tonight and don\'t care what you think! Xoxo\ ,"Chicago, IL"
Mon Jun 24 08:34:55 +0000 2019," Jim is right....Kings-Warriors.'""","San Marcos, CA"
Mon Jun 24 08:34:55 +0000 2019,"I think I\ gonna go buy some new canvases tmw and make some paintings for my room.'""","Georgia, USA"
Mon Jun 24 08:34:55 +0000 2019,Finally Us Minus My Nico \ @ Tom Bradley International Terminal - Los Angeles International Airport ,"Los Angeles, CA"
Mon Jun 24 08:34:53 +0000 2019,Nobody. Cuz I doubt anyone would tell me ,"Fort Lauderdale, FL"
Mon Jun 24 08:34:52 +0000 2019,"     No one knows for sure, but we\'re going to hear it debated every\ ","Culver City, CA"
Mon Jun 24 08:34:52 +0000 2019," Get that person out your house now'""","Manhattan, NY"
Mon Jun 24 08:34:51 +0000 2019,Good boys eat their veggies!  ,"California, USA"
Mon Jun 24 08:34:51 +0000 2019,  Has absolutely nothing to do with anything but I figured we could use a smile ,"Los Angeles, CA"
Mon Jun 24 08:34:50 +0000 2019,     #stophiringlegals #saveh2b #everify #level3wages\ ,"Frisco, TX"
Mon Jun 24 08:34:50 +0000 2019,"And Im gone live it up baby fuck it.'""","Gallatin, TN"
Mon Jun 24 08:34:50 +0000 2019,Memperingati hari bidan nasional nemu info pengobatan tradisional di beberapa daerah. Info ttg kekayaan budaya itu\ ,"Missouri, USA"
Mon Jun 24 08:34:49 +0000 2019,"*sights'""","Butte, MT"
Mon Jun 24 08:34:48 +0000 2019,"Need some beats to get on with  and Jairus King. I\'m tryna work all summer""'","Lafayette, LA"
Mon Jun 24 08:34:48 +0000 2019,My very first thought every morning after waking up... ,"Los Angeles, CA"
Mon Jun 24 08:34:48 +0000 2019,I need a break.... Back in a lil while! Enjoy!!\ ,"Carterville, IL"
Mon Jun 24 08:34:47 +0000 2019,I still cannot believe that I broke my iPhone\ screen \,"Phoenix, AZ"
Mon Jun 24 08:34:46 +0000 2019,All this does is maje Trump Supporters go more quiet. Accept in the ballot booth. Then the left will be in shock fo\ ,"Port Hueneme, CA"
Mon Jun 24 08:34:46 +0000 2019,"  The company man!!!\\nKeep being the face, man.'""","Mississippi, USA"
Mon Jun 24 08:34:45 +0000 2019,"Working six days at my job. blessed, and weekly pay too.'""","Cerritos, CA"
Mon Jun 24 08:34:44 +0000 2019,"Fox Sports TV show PCB - June 23, 2019 - production work @ Mandalay Bay Convention Center ","Paradise, NV"
Mon Jun 24 08:34:44 +0000 2019,Hey  forgot to tell you I have a #TasteTest planned for later this morning... \\n\\n #NotSorry ,WBAL-TV 11
Mon Jun 24 08:34:43 +0000 2019,"Great weekend camping, biking, kayaking in Eastern Shore MD: the birthplace of Ms Harriet Tubman  Thanks to Marylan\ ","Maryland, USA"
Mon Jun 24 08:34:42 +0000 2019," Not all heroes wear capes.'""","Chicago, IL"
Mon Jun 24 08:34:41 +0000 2019,"What\ good? Ayee we watching Toy Story 4 today!!!!'""","Stockton, CA"
Mon Jun 24 08:34:41 +0000 2019," She can taste mine anytime.'""","Warrenville, IL"
Mon Jun 24 08:34:39 +0000 2019,"  Lovely'""","Los Angeles, CA"
Mon Jun 24 08:34:39 +0000 2019," I said the same thing ... lol'""","Wichita, KS"
Mon Jun 24 08:34:38 +0000 2019,"That Beyonc\ assistant shit was hilarious & well thought out.'""","Los Angeles, CA"
Mon Jun 24 08:34:38 +0000 2019,"I jus rode and smoked and took shots!!!'""","Myrtle Beach, SC"
Mon Jun 24 08:34:38 +0000 2019,"overcast clouds -> light rain\\ntemperature down 54\ -> 53\ up 71% -> 76%'""","Seattle, WA"
Mon Jun 24 08:34:36 +0000 2019,"So I blacked out. But I made it home with everything I left with. ALL GOOD'""","San Diego, CA"
Mon Jun 24 08:34:36 +0000 2019, answer when I ask them when the next available flight to Louisville is (after they canceled my orig\ ,"Glenview Hills, KY"
Mon Jun 24 08:34:35 +0000 2019,"Ayuda un insectito me esta atacando por escribir este tuit!!!'""","Douglas, AZ"
Mon Jun 24 08:49:30 +0000 2019,Earth\ salt water is my hair\ best friend @ Island of Oahu ,"Hawaii, USA"
Mon Jun 24 08:49:30 +0000 2019,Beat Sun Up \\n\\n#BSU #10X #BoBa\\n\\n    ,"Financial District, Manhattan"
Mon Jun 24 08:49:30 +0000 2019,"His rival it seems, had broken his dreams\\nBy stealing the girl of his fancy\\nHer name was Magill, but she called her\ ","Austin, TX"
Mon Jun 24 08:49:30 +0000 2019,"I just finished day 175 of my Bible Reading for this year.\\n2 John 1; 3 John 1; Jude 1;\\n1 Chronicles 13,14.\\nIf we kn\ ","Essex, MD"
Mon Jun 24 08:49:30 +0000 2019,"  That HOLE been work overtime'""","Coral Hills, MD"
Mon Jun 24 08:49:29 +0000 2019,  I fucks with the baddest Virgo!  ,"Salinas, CA"
Mon Jun 24 08:49:29 +0000 2019," Shelia Gray!'""","Covington, KY"
Mon Jun 24 08:49:29 +0000 2019, Check out our #dog inspired #diamond #pendant #necklace.  Show your love for them!\\n ,"San Francisco, CA"
Mon Jun 24 08:49:27 +0000 2019, \ drunk and stupid is no way to go through life son\,"Tennessee, USA"
Mon Jun 24 08:49:26 +0000 2019,"       libs are the new communists and open borders lovers'""","Milford, CT"
Mon Jun 24 08:49:26 +0000 2019," Dads always get kids riled up by playing before bedtime. It\ some kinda law.'""","Kentucky, USA"
Mon Jun 24 08:49:26 +0000 2019,"First day back to work and I wanna off myself'""","Fall River, MA"
Mon Jun 24 08:49:26 +0000 2019,#NipseyHussle Rip King \ ,Slauson Av & Crenshaw Bl
Mon Jun 24 08:49:25 +0000 2019,"  It\ an \ don\ care, do you?\ jacket equivalency, really. Very un-Christian.'""","West Hollywood, CA"
Mon Jun 24 08:49:24 +0000 2019,"again, tobin heath could punch me in the face and i\ say thank you'""","Los Angeles, CA"
Mon Jun 24 08:49:24 +0000 2019,"Cleared: Construction on #I90NYSThruway WB from After Exit 53 (I-90) - Buffalo (Downtown) - Canada (I-190) to Exit 54 (I-90) - West...'""","Cheektowaga, NY"
Mon Jun 24 08:49:23 +0000 2019," IM SCARED HE LOOKS LIKE HES LOOKING INTO YOUR SOUL SKSKSK'""","San Antonio, TX"
Mon Jun 24 08:49:23 +0000 2019,The good news effect\\n,"Los Angeles, CA"
Mon Jun 24 08:49:23 +0000 2019,"I\ five foot something and I\ royalty\\n#ShortKingsAnthem'""","Fairfield, CA"
Mon Jun 24 08:49:49 +0000 2019,This nigga two weeks from now  ,"Chicago, IL"
Mon Jun 24 08:49:49 +0000 2019,  Yo disfruto mucho ese tipo de pel\ nunca quiero perder eso de mi ! \,"Los Angeles, CA"
Mon Jun 24 08:49:49 +0000 2019,We\ back bitches! #nofilterneeded #neededoutlet #gocheckusoutonfacebook \ @ Washington ,"Washington, USA"
Mon Jun 24 08:49:49 +0000 2019,"I bought a stapler at Staples but the irony was entirely lost on the cashier.'""","Aptos, CA"
Mon Jun 24 08:49:47 +0000 2019,Y\ ain\ about it ,"Providence Village, TX"
Mon Jun 24 08:49:47 +0000 2019,"I\ kind of just over life at this point'""","Irvine, CA"
Mon Jun 24 08:49:47 +0000 2019, #KetozolReviews #FatBurner #WeightLossPills #KetozolBenefits ,United States
Mon Jun 24 08:49:47 +0000 2019,I wish I had someone who\ be down to workout with me at home or sum bc going to the gym isn\ a option bc of my bby \,"Fort Worth, TX"
Mon Jun 24 08:49:47 +0000 2019,Can somebody with no how investigate the federal government on this life line program why is nobody still out there\ ,"Tulsa, OK"
Mon Jun 24 08:49:45 +0000 2019,He Told Me He Love Me Today Now He Really Stuck With Me\,"Philadelphia, PA"
Mon Jun 24 08:49:45 +0000 2019," Link? I need one'""","Kaneohe Station, HI"
Mon Jun 24 08:49:45 +0000 2019," I only know it secondhand, but on an unrelated note, I\'m really curious if my new boots can break all the bones in a human foot.""'","Chicago, IL"
Mon Jun 24 08:49:45 +0000 2019,"Never trust girls that pose in front of their stock cars.'""","Sunnyside, OR"
Mon Jun 24 08:49:45 +0000 2019,"When you wake up before your 5am alarm.  Back to the grind \ @ Anytime Fitness - Farragut, TN ","Farragut, TN"
Mon Jun 24 08:49:44 +0000 2019,   He\ on grandma\ time\,"Farragut, TN"
Mon Jun 24 08:49:44 +0000 2019,at some point we gotta realize that you gone outgrow all yo friends at some point.. everybody gone be older on they\ ,"Conyers, GA"
Mon Jun 24 08:49:44 +0000 2019,"      This looks dope'""","Alabama, USA"
Mon Jun 24 08:49:43 +0000 2019,  are people who are in need of clean water to keep their chil\ ,"Elizabeth, NJ"
Mon Jun 24 08:49:43 +0000 2019,"  Did someone actually hire her?'""","South Carolina, USA"
Mon Jun 24 08:49:42 +0000 2019," Yankee fans will complain about DJ LeMahieu if he goes 0-10.   Heck, even Mariano Rivera was booed. It\ ","Teaneck, NJ"
Mon Jun 24 08:49:41 +0000 2019,"Damn I\ cute as fuck'""","Alhambra, CA"
Mon Jun 24 08:49:41 +0000 2019,Jesus is the only one that can keep us right with God. God expects us to do His work He way. God will allow our nam\ ,"Essex, MD"
Mon Jun 24 08:49:41 +0000 2019,I choose to #THRIVE #MatthewBellamy #WordOfTheDay\ #Goals #Grind #Gains #GETAFTERIT #BeBetterThanYesterday\ ,"Ohio, USA"
Mon Jun 24 08:49:40 +0000 2019,Truth. ,"Fitzgerald, GA"
Mon Jun 24 08:49:39 +0000 2019,      Hahahahah you think you\'re being disc\ ,"San Antonio, TX"
Mon Jun 24 08:49:39 +0000 2019,"  Because then people would pull there money from American countries to avoid the tax. Now you get no help.'""","Medford, NJ"
Mon Jun 24 08:49:37 +0000 2019,I love my daughter but she is THE worst sleeper of all three. By miles and miles and miles. ,"Brooklyn, NY"
Mon Jun 24 08:49:37 +0000 2019,"rodeo go hard ngl'""","Atlanta, GA"
Mon Jun 24 08:49:37 +0000 2019, I\ weak \,"Los Angeles, CA"
Mon Jun 24 08:49:36 +0000 2019,"Gonna regret being up'""","Fairborn, OH"
Mon Jun 24 08:49:36 +0000 2019,i love hawaii\\n\\nit\ 80F and raining at night lmao ,"Honolulu, HI"
Mon Jun 24 08:49:35 +0000 2019," In this case, advertising is going to hurt her business. \","Indiana, USA"
Mon Jun 24 08:49:35 +0000 2019," Ya esta. Me gustaria verlo jugar en las selecciones inferiores de Estados Unidos, ya me dijo que el esc\ ","Nacogdoches, TX"
Mon Jun 24 08:49:35 +0000 2019,"Dead ahh woke up looking crazy , mouth dry from the weed . Smh ","Jackson, MS"
Mon Jun 24 08:49:32 +0000 2019," NONE'""","Maine, USA"
Mon Jun 24 09:04:29 +0000 2019," You\ so far committed, I love it!'""","Apopka, FL"
Mon Jun 24 09:04:29 +0000 2019," Exactly correct!!!'""","West Bend, WI"
Mon Jun 24 09:04:28 +0000 2019,"NUTT&RIDE 104 AUG 2 @ Dayton, Ohio ","Dayton, OH"
Mon Jun 24 09:04:26 +0000 2019," Bravo por ambos y la  Fiesta  Taurina'""","San Juan, USA"
Mon Jun 24 09:04:26 +0000 2019,So crazy to think that it\ been two years since I first performed sketch comedy on the Pack Theater stage with one\ ,"Los Angeles, CA"
Mon Jun 24 09:04:25 +0000 2019,Congrats to VV alum Nate Boyle on his new journey! D1 baseball at VCU\ Way to go #spartanpride \ ,"Germantown, OH"
Mon Jun 24 09:04:24 +0000 2019,"Monday June 24 - Today\'s Headlines:     California golf course dispute sparks shooting, fire; 5 dead;      Ethiopia\ ","Lorain, OH"
Mon Jun 24 09:04:24 +0000 2019,Natalie Imbruglia - Torn lyrics  via  107.9 the Mixx Augusta Waterville Maine. New c\ ,"Maine, USA"
Mon Jun 24 09:04:24 +0000 2019," The UK has it best'""","San Martin, CA"
Mon Jun 24 09:04:24 +0000 2019, I usually don\'t get shinys in the wild but I got 2 and shared with my twin sister. I hope u get one soo\ ,"Socastee, SC"
Mon Jun 24 09:04:24 +0000 2019,"Why am I always the damn problem solver in my family? #libraprobs'""","Fort Worth, TX"
Mon Jun 24 09:04:23 +0000 2019,"Be safe'""","South Whittier, CA"
Mon Jun 24 09:04:23 +0000 2019,Have to be awake in 5 hours ,"Riverside, CA"
Mon Jun 24 09:04:23 +0000 2019," Good domain!'""","Makaha, HI"
Mon Jun 24 09:04:22 +0000 2019," Congratulations  mia'""","Branchburg, NJ"
Mon Jun 24 09:04:22 +0000 2019," Wya...I got u'""","Carolina, Puerto Rico"
Mon Jun 24 09:04:21 +0000 2019,Ebb and flow\\nIt\ one of the most frequent patterns you see in nature. \\nExpansion and contraction\\nSpread and recede\ ,"Miami, FL"
Mon Jun 24 09:04:20 +0000 2019,Shit I watch when I cannot sleep: \\n\\nRudest Auditions EVER on X Factor Global!  via ,"Bronx, NY"
Mon Jun 24 09:04:19 +0000 2019,"Cleared: Construction on #M4Bus SB from Broadway:W 135th Street to Broadway:W 120th Street'""","Manhattan, NY"
Mon Jun 24 09:04:19 +0000 2019,"Cleared: Construction on #I190NiagaraThruway NB from Before Exit N17 (I-190) - River Rd (Rte 266) to Before Exit N18A (I-190) - Grand...'""","Tonawanda, NY"
Mon Jun 24 09:04:19 +0000 2019,"Cleared: Construction on #I84E EB at Exit 63 (RTES 30 & 83)'""","Manchester, CT"
Mon Jun 24 09:04:18 +0000 2019,"Bomb in horror land'""","San Antonio, TX"
Mon Jun 24 09:04:18 +0000 2019,"  obama supporter get schooled'""","Lorain, OH"
Mon Jun 24 09:04:18 +0000 2019,"Nights like these suck'""","Torrington, CT"
Mon Jun 24 09:04:17 +0000 2019,  \,"Duncan, SC"
Mon Jun 24 09:04:16 +0000 2019,#Repost from best.quotes.ig. Focus on your goals. There is much more in life than relationship \ TRUE let\ ,"Texas, USA"
Mon Jun 24 09:04:16 +0000 2019," Love it! Sounds like breakfast sandwich time'""","Portland, OR"
Mon Jun 24 09:04:15 +0000 2019," February 5th, Aquarius please \","California, USA"
Mon Jun 24 09:04:15 +0000 2019,Working in the ER \ is different from prehospital but I love it and it feels fulfilling \,"Georgia, USA"
Mon Jun 24 09:04:15 +0000 2019," wowww thats slightly terrifying lmao im glad they dont stay around anymore, that\'s sketchhhy""'","Pico Rivera, CA"
Mon Jun 24 09:04:14 +0000 2019,  hurry......GET THE RAZOR!!!!! ,"Lakemore, OH"
Mon Jun 24 09:04:13 +0000 2019,I HATE YALL\ ,"Fort Valley, GA"
Mon Jun 24 09:04:12 +0000 2019,This tweet aged well \ ,"Bangor, ME"
Mon Jun 24 09:04:10 +0000 2019," Everything will heal, it just takes time'""","Los Angeles, CA"
Mon Jun 24 09:04:10 +0000 2019,"Over everything and everyone..'""","Hialeah, FL"
Mon Jun 24 09:04:09 +0000 2019," It just happened \ idk lol'""","Commerce City, CO"
Mon Jun 24 09:04:09 +0000 2019,Worth the wait. Would wait again. 10/10\\n\\n_____________________________________________________________\\n#fujifilm\ ,"Haleiwa, HI"
Mon Jun 24 09:04:09 +0000 2019,      The physical significance of quantum complexity is\ ,"Mountain View, CA"
Mon Jun 24 09:04:09 +0000 2019,"Bummer about #Samsung #note10 \\nNo headphone Jack\\nMeh display\\nNO SD card slot\\n#nevermind\\n#Pass'""","St Cloud, FL"
Mon Jun 24 09:04:09 +0000 2019, I know I am\,"North Carolina, USA"
Mon Jun 24 09:04:09 +0000 2019," Congrats!'""","Mason, MI"
Mon Jun 24 09:04:09 +0000 2019,"None of the girls I liked/dated from age 15-20 cute anymore. Did I just like and date uglies or these chicks just falling off?'""","Detroit, MI"
Mon Jun 24 09:04:08 +0000 2019,"I need to go to Miami. I\ going next week fuck it'""","Greensboro, NC"
Mon Jun 24 09:04:07 +0000 2019,"Allonabitchhh'""","Los Angeles, CA"
Mon Jun 24 09:04:07 +0000 2019,This little ballerina though!!!! She had her first \ at 3 and was to die for cute! #nailedit #ea\ ,"Experiment, GA"
Mon Jun 24 09:04:07 +0000 2019,"near bsgstblender: cb573aa1-f92c-4210-bf74-9566b12a132d'""","Pittsburgh, PA"
Mon Jun 24 09:04:07 +0000 2019,"Stay 1hunnit to the grave i aint ever gonn change'""","Terrell Hills, TX"
Mon Jun 24 09:04:07 +0000 2019,"Eat a dicc'""","Anaheim, CA"
Mon Jun 24 09:04:06 +0000 2019,is feeling happy \ Code Black Belts attended the International Instructor Co\ ,"Las Vegas, NV"
Mon Jun 24 09:04:06 +0000 2019," Yes we have.'""","Brooklyn, NY"
Mon Jun 24 09:04:06 +0000 2019,4 hours... ,"Sacramento, CA"
Mon Jun 24 09:04:05 +0000 2019,Honeyyyyy JWOI ... Imma get real nasty with oomf \ ,"Georgia, USA"
Mon Jun 24 09:04:05 +0000 2019,"Can you recommend anyone for this job? Coating Shop Technician - Equipment (Midland, TX) -  ","Midland, TX"
Mon Jun 24 09:04:05 +0000 2019," Personally, I just click through. Also, the live videos that take FOREVER, they get skipped. \ i\ ","Mesa, AZ"
Mon Jun 24 09:04:03 +0000 2019,"I asked her to bring me an orange juice, she came back with a birthday cupcake and this big ass orange juice \ if\ ","Los Angeles, CA"
Mon Jun 24 09:04:02 +0000 2019,  This is amazing \,"Apopka, FL"
Mon Jun 24 09:04:01 +0000 2019,"Anyone who\ had issues never said it to my face, in this town'""","Bakersfield, CA"
Mon Jun 24 09:04:01 +0000 2019,These two wonderful human beings are expecting a 2nd baby girl in November   #Dodgers\ ,"Los Angeles, CA"
Mon Jun 24 09:03:59 +0000 2019, Good morning _ Happy Monday \,"Arkansas, USA"
Mon Jun 24 09:03:59 +0000 2019,You know why these girls love me? Cause lil baby don\ gaf \,"New Orleans, LA"
Mon Jun 24 09:03:58 +0000 2019,    I\ a Dolphins fan and I would have given that seat up with a quickness. \,"Tallahassee, FL"
Mon Jun 24 09:03:57 +0000 2019,Ewwww I\'m so fucking in love idk wtf.   \ Like how? I want my soul back \ ,"Palm Bay, FL"
Mon Jun 24 09:03:56 +0000 2019,Como manda 1/3 dos brasileiros de nave da Xuxa pro planeta jesus pra respirar apenas com f\ no cora\ ? ,"Queens, NY"
Mon Jun 24 09:03:56 +0000 2019," Thank you Patricia. Yes it\ very had but I have all these years of amazing memories to comfort me'""","Bee Cave, TX"
Mon Jun 24 09:03:54 +0000 2019,   I don\'t know you or follow you but I have to like an comment on this\ ,"Alabama, USA"
Mon Jun 24 09:03:54 +0000 2019,"Incident cleared in #Brooklyn on I-278 WB at The Prospect Expwy, stop and go traffic back to The Gowanus Canal, delay of 2 mins #traffic'""","Brooklyn, NY"
Mon Jun 24 09:03:54 +0000 2019,       Morning peeps!\ ,"Florida, USA"
Mon Jun 24 09:03:53 +0000 2019,Me: Punch her \\nNobody...\\nJamie: I AM!!!!!!!!!!!!!!!!! ,"Tonyville, CA"
Mon Jun 24 09:03:52 +0000 2019," Ellam nadakum.... If u had a spend ur life with someone, no one can stop it. The best part of gettin\ ","Clearbrook Park, NJ"
Mon Jun 24 09:03:52 +0000 2019,      Di ko nga alam kung pinagpasapasahan ba sya ng\ ,"Fairbanks, AK"
Mon Jun 24 09:03:51 +0000 2019,I just finished day 13 of the  plan \'Power Thoughts Devotional\'. Check it out here:\\n,"Taylors, SC"
Mon Jun 24 09:03:50 +0000 2019," $1moneyinthebank'""","Camp Springs, MD"
Mon Jun 24 09:03:49 +0000 2019, Many prayers\,"Kentucky, USA"
Mon Jun 24 09:03:49 +0000 2019,"Monkeys copys when you\'re doing it right, right eeet.""'","Paradise, NV"
Mon Jun 24 09:03:48 +0000 2019, Don\ believe everything you see on Twitter \ ,"San Juan Capistrano, CA"
Mon Jun 24 09:03:47 +0000 2019,But you get to snuggle me so it makes up for it \ ,"Los Angeles, CA"
Mon Jun 24 09:03:47 +0000 2019,"  Yay!!! You made my day.  Oddly she has a bigger following here in SC than I expected.'""","South Carolina, USA"
Mon Jun 24 09:03:46 +0000 2019,how you gonna up and leave like that when i gave you all i had\,"Waipahu, HI"
Mon Jun 24 09:03:45 +0000 2019,"Via MK Ultra technology.'""","Kendall, FL"
Mon Jun 24 09:03:45 +0000 2019, Mr Nance. You\ making \ Election\ arguments during a primary.  Get me an official Democrati\ ,"Owasso, OK"
Mon Jun 24 09:03:44 +0000 2019,"Muhhhh fuckin birds chirping'""","Detroit, MI"
Mon Jun 24 09:03:44 +0000 2019,"Suwoop I sip real red'""","Fontana, CA"
Mon Jun 24 09:03:43 +0000 2019,i got work in 3 hours lol ,"Sacramento, CA"
Mon Jun 24 09:03:43 +0000 2019," Oh she and I would have a serious come to Jesus meeting if that were to happen'""","North Carolina, USA"
Mon Jun 24 09:03:43 +0000 2019,"Scrolling thru a meme thread, one picture was literally a man shitting into another mans mouth, I am logging of this fucking website adios'""","Salt Lake City, UT"
Mon Jun 24 09:03:42 +0000 2019,"U showed me evrything t sar'""","San Antonio, TX"
Mon Jun 24 09:03:42 +0000 2019,  Pada mau yaa? Kerjaaa !!\,"New York, USA"
Mon Jun 24 09:03:41 +0000 2019,  Sleep be so fye afterwards \,"Florida, USA"
Mon Jun 24 09:03:41 +0000 2019,"Lunes linero! Ac\ se trabaja ! Feliz semana lleno de metas Salud y buen genio!'""","Florida, USA"
Mon Jun 24 09:03:41 +0000 2019,#betexperience2019 #betexperience #fanfest #imafan #bet #blackentertainmenttelevision laconventioncenter #dtla\ ,"Los Angeles, CA"
Mon Jun 24 09:03:41 +0000 2019," Let\ switch jobs and you\ get exactly that'""","Bedford Park, IL"
Mon Jun 24 09:03:40 +0000 2019," I Have'""","North Carolina, USA"
Mon Jun 24 09:03:39 +0000 2019,White people love letting their kids wander tho lol ,"Fort Lauderdale, FL"
Mon Jun 24 09:03:38 +0000 2019,I\ so happy for  .. ,"Boston, MA"
Mon Jun 24 09:03:36 +0000 2019," This chick is crazy.'""","North Carolina, USA"
Mon Jun 24 09:03:36 +0000 2019, Bekledi\ tweet:\\nB\ de\ bug\ #her\ ,"Boston, MA"
Mon Jun 24 09:03:36 +0000 2019,  Ily \,"Richardson, TX"
Mon Jun 24 09:03:36 +0000 2019,"| my sister & I are looking through our old myspace pages & high school videos/msgs.. I was srsly such a clown, we\ ","Los Angeles, CA"
Mon Jun 24 09:03:35 +0000 2019, Why would you imagine that Sly\,"Jersey City, NJ"
Mon Jun 24 09:03:35 +0000 2019,"      Yo, i\'m done having this conversati\ ","San Antonio, TX"
Mon Jun 24 09:03:34 +0000 2019,"#FamilyHart #Highland #Pocatello #Idaho #WX 03:00Mtn,58.2\ Bar29.656inFalling,Max61.0\","Idaho, USA"
Mon Jun 24 09:03:34 +0000 2019,Tornado debris signature showing up on 7StormVision HD radar in southern Yazoo County prompting a Tornado Warning t\ ,"Lake Charles, LA"
Mon Jun 24 09:03:34 +0000 2019,"Mark your calendars for July 9th and catch me on #TheNextBigThing  @ Los Angeles, California ","Los Angeles, CA"
Mon Jun 24 09:03:33 +0000 2019, it took tricia 3 times to raise anne frank from the dead.  we keep trying to call jesus here.  he doesn\'\ ,"Pittsburgh, PA"
Mon Jun 24 09:03:33 +0000 2019," Wow'""","Alabama, USA"
Mon Jun 24 09:03:33 +0000 2019," guh stop lying, im not gay'""","Lafayette, LA"
Mon Jun 24 09:03:32 +0000 2019,"Insomnia'""","Lilburn, GA"
Mon Jun 24 09:03:31 +0000 2019,"it\'s not stretchy except for maybe a little on the bias (diagonally), and that\'s really all it needs to be i think""'","San Francisco, CA"
Mon Jun 24 09:03:30 +0000 2019,Trump and the Admin needs to be charged with #CrimesAgainstHumanity ,"Indiana, USA"
Mon Jun 24 09:03:30 +0000 2019,"Dawg LOL day drinking is forever undefeated'""","East Los Angeles, CA"
Mon Jun 24 09:03:30 +0000 2019," SHOOTEM HOLDEN!'""","Philadelphia, PA"
Mon Jun 24 09:03:29 +0000 2019,i wish cats were really built like this life would be so good ,"Lowell, MA"
Mon Jun 24 09:03:29 +0000 2019,"      ewan ko ba. High ata ko non? HAHAHAHHA'""","Fairbanks, AK"
Mon Jun 24 09:03:29 +0000 2019,"Where all the freaks at? Lol'""","Bronx, NY"
Mon Jun 24 09:03:28 +0000 2019,YOLO BITCHES!!! \ ,"Illinois, USA"
Mon Jun 24 09:03:28 +0000 2019,"    It happens'""","Framingham, MA"
Mon Jun 24 09:03:27 +0000 2019,"Og\ tellin us that we cant hang , if i ever run into these opps we gone bang'""","Terrell Hills, TX"
Mon Jun 24 09:03:27 +0000 2019," how long have you been following me/how have i not noticed that you\ pretty swell and followed you back?'""","Oakland, CA"
Mon Jun 24 09:03:26 +0000 2019,The Council of 5 has sent you an ultimatum. ,"Kendall, FL"
Mon Jun 24 09:03:26 +0000 2019,I\ so annoying \,"Salinas, CA"
Mon Jun 24 09:03:25 +0000 2019,"You ever have a dream and you wake up and the dream really just has you thinking? Stuff is crazy'""","Cincinnati, OH"
Mon Jun 24 09:03:25 +0000 2019,Tuesday Im going to check out the gym in my apartments\,"Gallatin, TN"
Mon Jun 24 09:04:53 +0000 2019,"Fell in love with money its gon stay wit me regardless'""","Terrell Hills, TX"
Mon Jun 24 09:04:52 +0000 2019,SORRY\,"Lahaina, HI"
Mon Jun 24 09:04:52 +0000 2019,"Heute war leider der letzte Tag in Kalifornien. In 2,5 Std muss ich ... aufstehen.. haha ja, finde den Fehler. Heut\ ","Los Angeles, CA"
Mon Jun 24 09:04:51 +0000 2019,"Sigh'""","Lakewood, CA"
Mon Jun 24 09:04:51 +0000 2019," This is the worst thing ever. Gus does the same...'""","Austin, TX"
Mon Jun 24 09:04:49 +0000 2019,"Frank Lampard \'to be appointed Chelsea manager in the next 48 hours\', with Jody Morris as his assistant and tasked\ ","Arcadia, CA"
Mon Jun 24 09:04:48 +0000 2019,Numbers Come Along Way Just Since March 1st! #Whitey #WhiteBoy #Hustlers #BossUp #KingMe #DagoPush #DaygoPush\ ,"Fairfield, CA"
Mon Jun 24 09:04:48 +0000 2019, The world is yours \,"Tennessee, USA"
Mon Jun 24 09:04:47 +0000 2019," I love this'""","Alabama, USA"
Mon Jun 24 09:04:46 +0000 2019," Great'""","Illinois, USA"
Mon Jun 24 09:04:45 +0000 2019,Build wall  ,"Staten Island, NY"
Mon Jun 24 09:04:45 +0000 2019, The ambient sound was a sample I tweaked....and FM8 Lead w/glide \,"Gilroy, CA"
Mon Jun 24 09:04:44 +0000 2019,... ,"Fontana, CA"
Mon Jun 24 09:04:44 +0000 2019," Awe Kelly, thank you sweetie for the kind words! \","Seabrook, NH"
Mon Jun 24 09:04:44 +0000 2019," Like my love for you. I love you Halsey'""","Miami, FL"
Mon Jun 24 09:04:44 +0000 2019,When #NewYork going downhill and everyone #fights to make #money because the #cripplepeople can\'t get #Disability a\ ,"New York, USA"
Mon Jun 24 09:04:43 +0000 2019,LMFAOOOOOOO!!!!!!!! My trade lookin buddy \ ,"Pomona, CA"
Mon Jun 24 09:04:41 +0000 2019,Lovely backyard activity for  in Del Ray. ,Del Ray Gardens
Mon Jun 24 09:04:41 +0000 2019,If you\'re up with me right now our time is coming to an end ,"Houston, TX"
Mon Jun 24 09:04:41 +0000 2019,  Fine. Then all these other countries can take on all the illegals. Bet ya they wont. Know\ ,"Medford, NJ"
Mon Jun 24 09:04:41 +0000 2019,Lmaooo \ ,"Bakersfield, CA"
Mon Jun 24 09:04:40 +0000 2019,"I\ always surprised that I\ not the only one up on here'""","Tallahassee, FL"
Mon Jun 24 09:04:40 +0000 2019,"my life is so great but also such a disaster at the same time lmao'""","Downingtown, PA"
Mon Jun 24 09:04:40 +0000 2019,Pence is a clueless sycophant!!! ,"Trinity, FL"
Mon Jun 24 09:04:39 +0000 2019,"So happy for you AJ, you deserve the world and much more sis\ ","Tennessee, USA"
Mon Jun 24 09:04:39 +0000 2019,Let\ #prayfortheseven families of these great #Marines so tragically lost in a senseless New Hampshire accident. S\ ,"Chatham, IL"
Mon Jun 24 09:04:39 +0000 2019,Dodgers continue to shine.  Dodger pregame dugout.  PopScout Professional Sports Photography ,"Los Angeles, CA"
Mon Jun 24 09:04:37 +0000 2019,"Who in LA?'""","Los Angeles, CA"
Mon Jun 24 09:04:37 +0000 2019,"It\ true. The blue carpet is a great nod to commemorate our fallen king, but it\ also turning our black queens as\ ","Alabama, USA"
Mon Jun 24 09:04:37 +0000 2019,"And by the way I went with  haaaa'""","Chicago, IL"
Mon Jun 24 09:04:36 +0000 2019,   Veera intha nakkal iruke \,"Clearbrook Park, NJ"
Mon Jun 24 09:04:36 +0000 2019,"Greetings, #5amwritersclub! Let\ make this week rock! #amwriting #amrevising #writingcommunity\ ","Vermont, USA"
Mon Jun 24 09:04:36 +0000 2019,"Damn, it says 100% chance of rain today.. Hate to see it'""","Columbus, OH"
Mon Jun 24 09:04:35 +0000 2019," Soo cute'""","Corona, CA"
Mon Jun 24 09:04:34 +0000 2019,Magic Carpet. Some bright spark finds a fix for VR sickness and I\'m pitching a remake instantly. ,"Irvine, CA"
Mon Jun 24 09:04:34 +0000 2019,"      Ayaw ng high maintenance jowa. Charot haha'""","Fairbanks, AK"
Mon Jun 24 09:04:33 +0000 2019,"When it hits the fan are you still a fan?'""","Florida, USA"
Mon Jun 24 09:04:33 +0000 2019,"The  4 a.m. Wake-Up Club was awakened by tornado sirens. Nothing says Monday quite like that.'""","Madison, MS"
Mon Jun 24 09:04:32 +0000 2019,"Tombokan dr bapake krn jam kerja excuse ke Bank, mayan lah. Tp keduanya rasanya ga enak,jd dikasi ke org lain lg \ ","Los Angeles, CA"
Mon Jun 24 09:04:31 +0000 2019, There\ Nothing At All Classy About Any Of You People Who Think They\ Waiting Their Asses Off Just To\ ,Frameline 40 at the Castro Theater
Mon Jun 24 09:05:22 +0000 2019,"  It should be a jail. Lol. That\'s what happens when you do something illegal.""'","Medford, NJ"
Mon Jun 24 09:05:21 +0000 2019,yessir\ ,"Kansas City, MO"
Mon Jun 24 09:05:20 +0000 2019," Thank you!'""","Kentucky, USA"
Mon Jun 24 09:05:20 +0000 2019," He will be carrying a note from Jared reminding the Crown Prince that he never paid for the first bone saw'""","Eugene, OR"
Mon Jun 24 09:05:19 +0000 2019," #TheyrDeathCamps.'""","Highland City, FL"
Mon Jun 24 09:05:19 +0000 2019,"   Never stops amazing me'""","St Pete Beach, FL"
Mon Jun 24 09:05:19 +0000 2019,I was sleeping good \,"Texas, USA"
Mon Jun 24 09:05:19 +0000 2019,This is literally and actually me. ,"Los Angeles, CA"
Mon Jun 24 09:05:19 +0000 2019,"  Girl we don\ reply to trolls. Fuck em all.'""","Houston, TX"
Mon Jun 24 09:05:18 +0000 2019,"On to the next one'""","League City, TX"
Mon Jun 24 09:05:17 +0000 2019,"Don\ say shit just keep everything noted.'""","Cleveland, OH"
Mon Jun 24 09:05:17 +0000 2019,"At the end of the day truth will prevail.... Kmedia is doing a fine job participating in the obvious witch-hunt on YG Entertainment.'""","New York, NY"
Mon Jun 24 09:05:16 +0000 2019,Global Warming? You Liar!\\nAntarctic sea ice levels have shrunk to record low levels for late June\ ,"Palm Beach, FL"
Mon Jun 24 09:05:15 +0000 2019,Oms\ ,"Florida, USA"
Mon Jun 24 09:05:14 +0000 2019,"Check gone be good af for the next 2 weeks tho'""","Florida, USA"
Mon Jun 24 09:05:14 +0000 2019,"  Thats the truth. Football season needs to hurry up and get here.'""","Gaithersburg, MD"
Mon Jun 24 09:19:40 +0000 2019," You dig?'""","Pasadena, CA"
Mon Jun 24 09:19:39 +0000 2019,Down for meeee \,"Columbus, OH"
Mon Jun 24 09:19:39 +0000 2019," Yes. Already had 2 with her.'""","Philadelphia, PA"
Mon Jun 24 09:19:39 +0000 2019,I Lost My Momma So Ion Mind Losing You Ungrateful Bitches. ,"Savannah, GA"
Mon Jun 24 09:19:39 +0000 2019,Are you KIDDING me ?? \  is so talented! \ ,"Eau Claire, WI"
Mon Jun 24 09:19:38 +0000 2019," Oh and Happy Birthday!'""","Sewell, NJ"
Mon Jun 24 09:19:37 +0000 2019,Greetings\ ,"Los Angeles, CA"
Mon Jun 24 09:19:37 +0000 2019,Pregunta del a\ Que yo hago despierto a esta hora?. \,"Manhattan, NY"
Mon Jun 24 09:19:36 +0000 2019,"when in doubt, shuffle play Ian Ewing ","Rutherford, TN"
Mon Jun 24 09:19:36 +0000 2019, I love you more \,"Houston, TX"
Mon Jun 24 09:19:35 +0000 2019," Tell him to introduce me to a cousin, brother etc. Those genes have to be strong. \ \\nLOVE YOU TIFF. Happy you are happy. \","Massachusetts, USA"
Mon Jun 24 09:19:35 +0000 2019," Always go with your gut feeling'""","Houston, TX"
Mon Jun 24 09:19:35 +0000 2019,"current weather in Pittsfield: clear sky, 55\ humidity, wind 2mph, pressure 1012mb'""","Pittsfield, MA"
Mon Jun 24 09:19:35 +0000 2019," real chad depressive degen right here'""","Pottsgrove, PA"
Mon Jun 24 09:19:35 +0000 2019,"I have nothing in my heart but love, even if u hating'""","Ko Olina, HI"
Mon Jun 24 09:19:35 +0000 2019, That fool blocked me. Fuck him! He\'s blocked so many people his block list must be insane. He\'s a fucking\ ,Masonboro Island
Mon Jun 24 09:19:34 +0000 2019," k tony tall to later'""","Florida, USA"
Mon Jun 24 09:19:33 +0000 2019,Good Morning Monmouth @ Cobbosseecontee Lake ,"Maine, USA"
Mon Jun 24 09:19:32 +0000 2019," Thank you.'""","Brooklyn, NY"
Mon Jun 24 09:19:31 +0000 2019,"I\ awake but tired of this schedule'""","San Antonio, TX"
Mon Jun 24 09:19:31 +0000 2019,"     Here\'s to double secret call and The Decade With Dave.""'","Fearrington Village, NC"
Mon Jun 24 09:19:30 +0000 2019,"Birds out..I got a clear view. You can\ see me but I can see you.'""","Clovis, CA"
Mon Jun 24 09:19:29 +0000 2019," Nice I\ very one customized now. I love it'""","Georgia, USA"
Mon Jun 24 09:19:29 +0000 2019,"Nigga I am HOT'""","Laguna, CA"
Mon Jun 24 09:19:29 +0000 2019," Use both baby'""","Arvin, CA"
Mon Jun 24 09:19:28 +0000 2019,Off-ramp blocked in #Bronx on I-87 SB at Cross Bronx #traffic ,"Bronx, NY"
Mon Jun 24 09:19:28 +0000 2019,"Accident, two lanes blocked in #Harrison on I-287 WB at X8w, stop and go traffic back to X8e, delay of 2 mins\ ","Harrison, NY"
Mon Jun 24 09:19:27 +0000 2019,Ugh not again... \ ,North Hills Hospital
Mon Jun 24 09:19:27 +0000 2019,"current weather in Hartford: few clouds, 58\ humidity, wind 3mph, pressure 1011mb'""","Hartford, CT"
Mon Jun 24 09:19:26 +0000 2019,#HoldPublicHearingsNow ,"Morgan Hill, CA"
Mon Jun 24 09:19:25 +0000 2019,"It\ 4am and I am balling my eyes out'""","Villa Park, IL"
Mon Jun 24 09:19:24 +0000 2019," Make it so'""","Las Vegas, NV"
Mon Jun 24 09:19:23 +0000 2019,"Cuando se dice que en Nyc todo puede pasar, es real... todo puede pasar.'""","Manhattan, NY"
Mon Jun 24 09:19:22 +0000 2019,It\ gym Monday BACK day. Doing the  thing and lifting the morning I play golf. Let\ do this! #fit60\ ,"Pennsylvania, USA"
Mon Jun 24 09:19:22 +0000 2019,"Cleared: Construction on #NJ18 Both directions at US 1'""","East Brunswick, NJ"
Mon Jun 24 09:19:21 +0000 2019,"  This is an unalloyed evil and yet there are huge numbers of people who are somehow defending it :-/'""","Gilbert, AZ"
Mon Jun 24 09:19:21 +0000 2019,"I have to be up in 3 hours and I\ not even tired fr'""","North Las Vegas, NV"
Mon Jun 24 09:19:21 +0000 2019,"I\ even had one cop illegally search my trunk while I was handcuffed in a squad car, then call me an \ ","Boston, MA"
Mon Jun 24 09:19:20 +0000 2019,woke up with a headache and I feel like shit. I wanna call out of work so bad \,"North Carolina, USA"
Mon Jun 24 09:19:20 +0000 2019,"Ml 3.6 earthquake (automatic) occured at 2019-06-24T09:04:22 UTC, 51km SW of North Nenana, Alaska ","Alaska, USA"
Mon Jun 24 09:19:19 +0000 2019," Yes. And disgusting.'""","Kentucky, USA"
Mon Jun 24 09:19:19 +0000 2019,Sometimes the American in me comes out and I just want to scream at these Brexiteers who bleat on and on about the\ ,"North Carolina, USA"
Mon Jun 24 09:19:19 +0000 2019,"current weather in East Hartford: few clouds, 58\ humidity, wind 3mph, pressure 1011mb'""","East Hartford, CT"
Mon Jun 24 09:19:19 +0000 2019,"raise ur hand if u still haven\'t unpacked from e3""'","Addison, IL"
Mon Jun 24 09:19:18 +0000 2019, Good Morning Rich \,"Pennsylvania, USA"
Mon Jun 24 09:19:18 +0000 2019," in \ Unchained\ might still be one of my favorite movie roles EVER \ #inthebighouse?'""","Paradise, NV"
Mon Jun 24 09:19:17 +0000 2019," Thank you, Elon!!\","Virginia Beach, VA"
Mon Jun 24 09:19:16 +0000 2019,"There are AMERICAN GODS slot machines popping up in Las Vegas, and we loooove them. There\ even a Czernobog & Mad\ ",Palms Casino Resort
Mon Jun 24 09:19:16 +0000 2019, Ma\,"Virginia, USA"
Mon Jun 24 09:19:15 +0000 2019,"I\ mad I didn\ take pics yesterday'""","Houston, TX"
Mon Jun 24 09:19:15 +0000 2019,"I layed in bed from 12 until now & haven\ gotten a single second of sleep...should be a fun day at work.'""","Delaware, USA"
Mon Jun 24 09:19:14 +0000 2019,"When one of the best characters on The Wire RT\'s you, you are going to have a good day ","Annapolis, MD"
Mon Jun 24 09:19:14 +0000 2019,#beyourself #loveoneanother #bekindtoyourself #bekindtoothers #hudsonpier #thepier #vouge #poses #pride #nycparty\ ,"Manhattan, NY"
Mon Jun 24 09:19:12 +0000 2019,"   It still wasn\'t good enough, but nobody cares anymore. Once we won the lott\ ","New Orleans, LA"
Mon Jun 24 09:19:12 +0000 2019,It is here. ,"Texas, USA"
Mon Jun 24 09:19:11 +0000 2019,"West Haven: 5:19am: sunrise\\nsunset will be at 8:28pm'""","West Haven, CT"
Mon Jun 24 09:19:10 +0000 2019,"Good morning beautiful people!!!\ begins with you\ #goodafternoon #positivevibes'""","Newark, NJ"
Mon Jun 24 09:19:10 +0000 2019,Lmao I\ boffum depending on the friend ,"College Park, GA"
Mon Jun 24 09:19:09 +0000 2019,Calm 68 degrees to start our day...\\n#oceancitycool #loveoc #ocmd @ Ocean City Boardwalk ,"Ocean City, MD"
Mon Jun 24 09:19:09 +0000 2019,I\ got a headache \,"Cambridge, MD"
Mon Jun 24 09:19:08 +0000 2019,"sad'""","Flowing Wells, AZ"
Mon Jun 24 09:19:08 +0000 2019,"Now, I won\ be able to sleep'""","Severn, MD"
Mon Jun 24 09:19:07 +0000 2019,MONEY FETISH \,"Bronx, NY"
Mon Jun 24 09:19:07 +0000 2019,"near bsgstblender: cb66bb84-29b7-4c47-abed-60770350eb3a'""","Pittsburgh, PA"
Mon Jun 24 09:19:05 +0000 2019,I need recourse \,"Ann Arbor, MI"
Mon Jun 24 09:19:05 +0000 2019, Lol no my spell check has a narrative. Often concerned with my sexuality and likes to offer things I\ ,"San Clemente, CA"
Mon Jun 24 09:19:05 +0000 2019,Just finished the first season of #HowToGetAwayWithMurder! And let me tell you I am speechless to the twist and tur\ ,"Pomona, CA"
Mon Jun 24 09:19:04 +0000 2019, Feliz Cumplea\ \ Genio Gracias Por Existir ! Muchas Bendiciones!!! ,"Las Vegas, NV"
Mon Jun 24 09:19:03 +0000 2019,"current weather in Springfield: few clouds, 58\ humidity, wind 7mph, pressure 1011mb'""","Springfield, MA"
Mon Jun 24 09:19:03 +0000 2019, Ew omg no gross \,"Florida, USA"
Mon Jun 24 09:19:02 +0000 2019,This happened for me ,"Los Angeles, CA"
Mon Jun 24 09:19:02 +0000 2019,The one and only eminem                   #Repost from allaboutslimshady. Eminem \ #slimshady\ ,"Texas, USA"
Mon Jun 24 09:19:01 +0000 2019,  Isn\ nothing? So there is something I can do about it? \,"California, USA"
Mon Jun 24 09:19:01 +0000 2019,"Without consciousness the stream of ions becomes poetry.'""","Tucson, AZ"
Mon Jun 24 09:19:00 +0000 2019,!! ,"Cleveland, OH"
Mon Jun 24 09:18:59 +0000 2019,me too ,"Los Angeles, CA"
Mon Jun 24 09:18:59 +0000 2019,"Lakers, Knicks & Celtics lol ","Carmichael, CA"
Mon Jun 24 09:18:59 +0000 2019,*Cough Cough* Cardi \ ,"North Carolina, USA"
Mon Jun 24 09:18:58 +0000 2019,#Copenhagen #mint ,"Fort Valley, GA"
Mon Jun 24 09:18:58 +0000 2019,I did it ,"Knoxville, TN"
Mon Jun 24 09:18:58 +0000 2019,  Igual mi Vany feliz y productivo lunes \,"Los Angeles, CA"
Mon Jun 24 09:18:57 +0000 2019,"Overturned vehicle, caution in #HastingsCharterTownship on M-37 at E Sager Rd #traffic ","Michigan, USA"
Mon Jun 24 09:18:57 +0000 2019,I wanna know more people on Twitter \,"San Diego, CA"
Mon Jun 24 09:18:56 +0000 2019," blankets, medicine, water, sanitation products, food, counselors all of this is needed for the Texas\ ","Dallas, TX"
Mon Jun 24 09:18:55 +0000 2019, If you look at the way NFL quarterbacks and prominent NBA stars are judged on championships and playoff\ ,"Westport, WI"
Mon Jun 24 09:18:55 +0000 2019,"Cancel that lady Sallie Mae please #BernieSanders'""","Georgia, USA"
Mon Jun 24 09:18:54 +0000 2019," Boring'""","Glastonbury, CT"
Mon Jun 24 09:18:54 +0000 2019,Listen if there are demons like Crowley in hell..... I\'m packing my bags right now.... ,"Independence, MO"
Mon Jun 24 09:18:53 +0000 2019," :('""","El Monte, CA"
Mon Jun 24 09:18:52 +0000 2019,  Why haven\ I ever seen this angle ? \,"Roselle, NJ"
Mon Jun 24 09:18:52 +0000 2019,"Stay outta my town, I don\ need y\ Anchorage ppl bringing bad energy here\","Fairbanks, AK"
Mon Jun 24 09:18:52 +0000 2019,"  This lovely lady has charisma out the ass! I bet she farts confidence!'""","Hamilton, OH"
Mon Jun 24 09:18:51 +0000 2019, \\nAlka Tone Keto #1 Weight Loss Supplement For All Ages. #alkatone #alkatoneinfo\ ,United States
Mon Jun 24 09:18:51 +0000 2019,Just because... ,"Eastchester, NY"
Mon Jun 24 09:18:51 +0000 2019,"'Lmfao ""use photosynthesis"" ","San Martin, CA"
Mon Jun 24 09:18:48 +0000 2019," Aww, poor girl, hope she feels better soon.'""","Concord, NH"
Mon Jun 24 09:18:47 +0000 2019, so me being happy because i just got back from my second t\ show this weekend is making him cry? \ ,"San Antonio, TX"
Mon Jun 24 09:18:46 +0000 2019,# 6 and that\ TILL DIS DAY!!! ,"Rogers, AR"
Mon Jun 24 09:18:46 +0000 2019,"On my life im so tired of mfer man'""","Georgia, USA"
Mon Jun 24 09:18:46 +0000 2019," Thank you for your service. RIP officer #TaraOsullivan. #OfficerDown #neverforgotten'""","Queens, NY"
Mon Jun 24 09:18:46 +0000 2019,"good morning, i want friend. so alone'""","Pottsgrove, PA"
Mon Jun 24 09:18:46 +0000 2019,"It\ five in the morning and I\ craving chocolate ice cream'""","Columbus, OH"
Mon Jun 24 09:18:45 +0000 2019,"AUS-DFW (@ Austin Bergstrom International Airport -  in Austin, TX) ","Austin, TX"
Mon Jun 24 09:18:45 +0000 2019,My best friend \ ,"Enterprise, NV"
Mon Jun 24 09:18:45 +0000 2019,My first pride parade ever was S\ Paulo 2006. My little-exchange-student-from-rural-Arizona heart could barely tak\ ,"San Francisco, CA"
Mon Jun 24 09:18:45 +0000 2019,So who wants to do my hw \,"Berkeley, CA"
Mon Jun 24 09:18:45 +0000 2019,"Why must anything I tweet this niggas think is about WiZkid ?niggas get a life me and bro are kool.'""","Fairland, MD"
Mon Jun 24 09:18:44 +0000 2019,   I had such a wonderful day. Just hated that I couldn\ be there Frida\ ,"South Carolina, USA"
Mon Jun 24 09:18:43 +0000 2019,Dese hoez guud\ ,"Inglewood, CA"
Mon Jun 24 09:18:43 +0000 2019, He needs your encouragement ,"Vermont, USA"
Mon Jun 24 09:18:43 +0000 2019,"  Dem beats don\ make no sense'""","Hattiesburg, MS"
Mon Jun 24 09:18:42 +0000 2019,Excelente!! #miupr ,"Pueblo Viejo, Puerto Rico"
Mon Jun 24 09:18:42 +0000 2019," Y\'all need to get a life. This is all you have to report?""'","Detroit, MI"
Mon Jun 24 09:18:41 +0000 2019,"Why is my kid back to not sleeping through the night.........'""","Stagecoach, TX"
Mon Jun 24 09:18:41 +0000 2019,"Sneak'""","Lancaster, OH"
Mon Jun 24 09:18:40 +0000 2019,"#ImAlwaysApologizingFor Your inability to apologize to people'""","Aptos, CA"
Mon Jun 24 09:18:39 +0000 2019,Thanks boy \ ,"Ohio, USA"
Mon Jun 24 09:18:39 +0000 2019,No bullshit. \ ,"Milwaukee, WI"
Mon Jun 24 09:18:39 +0000 2019,wonder if you look both ways when you cross my mind \,"Uvalde, TX"
Mon Jun 24 09:18:37 +0000 2019,"After I get my bachelors degree probably going back for a photography degree'""","Hazel Crest, IL"
Mon Jun 24 09:20:02 +0000 2019,"   Thank you Ramona'""","West Chicago, IL"
Mon Jun 24 09:20:02 +0000 2019,    I was gonna say the math is off but the point still stands. I\ ,"Apopka, FL"
Mon Jun 24 09:20:02 +0000 2019,none of them look somali \ ,"San Diego, CA"
Mon Jun 24 09:20:02 +0000 2019,"Wind 0 mph --. Barometer 29.92 in, Falling. Temperature 78.8 \ Rain today 0.00 in. Humidity 94%'""","Alabama, USA"
Mon Jun 24 09:20:02 +0000 2019,"#USGS07342500 - S Sulphur Rv nr Cooper, TX\\nHeight: 21.06ft \ (16ft)\\nFlow: 4840cfs\\n","Texas, USA"
Mon Jun 24 09:20:01 +0000 2019,Gooooood morning peeps!! \ #workoutsanddisney #makeithappen \ @ Victoria L. Johnson ,"Westchase, FL"
Mon Jun 24 09:20:00 +0000 2019," Wait are you call dan white? Lol'""","Tempe, AZ"
Mon Jun 24 09:19:59 +0000 2019,Here at the Tulsa airport. Looks like they will have a direct flight to Fort Smith at 6 a.m. So maybe there is hope\ ,"Tulsa, OK"
Mon Jun 24 09:19:59 +0000 2019,Is deportation week going to be like the super bowl now we televise all of it new olimpics sport runing from ice so\ ,"Galveston, TX"
Mon Jun 24 09:19:59 +0000 2019,"Got my name saved in ha phone As a bitch name .'""","Atmore, AL"
Mon Jun 24 09:19:58 +0000 2019,6/24 \,"Riverside, CA"
Mon Jun 24 09:19:58 +0000 2019,Good night love bugs\ hope that everyone had a safe weekend \ @ The Moon ,"Long Beach, CA"
Mon Jun 24 09:19:58 +0000 2019, Happy Monday Andrew \,"Pennsylvania, USA"
Mon Jun 24 09:19:58 +0000 2019,"'  \ \ \ \ \ ""\ \","Seattle, WA"
Mon Jun 24 09:19:57 +0000 2019, Lmaooo especially when we had gym and all we had to do was show up. we be walking in when the period almost over \,"Buffalo, NY"
Mon Jun 24 09:19:56 +0000 2019,  um wikk u marry ne\,"Florida, USA"
Mon Jun 24 09:19:55 +0000 2019,I guess this is the world we live in...u know if he dies his aunt gonna take all the blame...\ she better be an\ ,"Ruston, LA"
Mon Jun 24 09:19:55 +0000 2019,JoJo Let\ Link \\n\\nJoJo : ,"New Orleans, LA"
Mon Jun 24 09:19:54 +0000 2019,"Googling how to defeat dragons.'""","Louisville, CO"
Mon Jun 24 09:19:54 +0000 2019,#10K is literally so cute!! \,"Manhattan, NY"
Mon Jun 24 09:19:54 +0000 2019,"lol'""","Philadelphia, PA"
Mon Jun 24 09:19:53 +0000 2019,  #TRAPPER! While I don\ agree with all your political views& takes! I will keep you i\ ,"Los Angeles, CA"
Mon Jun 24 09:19:53 +0000 2019,"Good Morning New Jersey #mondaymotivation #newjersey @ Short Hills, New Jersey ","Millburn, NJ"
Mon Jun 24 09:19:53 +0000 2019,"Don\ compare to ya ex, cuz we not the same.'""","Atlanta, GA"
Mon Jun 24 09:19:53 +0000 2019,"If Bernie Sanders wins presidency in 2020, I won\ dropout out of SDSU LMFAOO ","San Diego, CA"
Mon Jun 24 09:19:52 +0000 2019,"Bullock, Sestak, Moulton, Hickenlooper, I need a life... *sobs quietly* ","Texas, USA"
Mon Jun 24 09:19:52 +0000 2019, Funny the first person quoted in this article is George soros and then call him a self made billionaire. N\ ,"Medford, NJ"
Mon Jun 24 09:19:52 +0000 2019,"Why is it when Niggas wylin, they go for a lampshade on the head? Fuck the lampshade, I want the couch on my shit.'""","Mountain House, CA"
Mon Jun 24 09:19:52 +0000 2019," Migos'""","Baltimore, MD"
Mon Jun 24 09:19:51 +0000 2019,"Full TRANSPARENCY IS THE ONLY WAY  . It might hurt a little, but life has sucked so far. Turn the #rv on now please. ","Kentucky, USA"
Mon Jun 24 09:19:50 +0000 2019,"We miss you. @ Waterford, New York ","Waterford, NY"
Mon Jun 24 09:19:49 +0000 2019," As in guy it\ so annoying'""","Houston, TX"
Mon Jun 24 09:19:49 +0000 2019," March 16'""","Highland, CA"
Mon Jun 24 09:19:48 +0000 2019,"If I gave you y everything just know you deserved it'""","Holland, MI"
Mon Jun 24 09:19:48 +0000 2019,AM workout opportunity is canceled this morning due to power outage. See you tonite   ,"Indiana, USA"
Mon Jun 24 09:19:46 +0000 2019,"You know it\ a bad night when Tyler and I both wake up at 4am from a nightmare'""","Fort Walton Beach, FL"
Mon Jun 24 09:19:46 +0000 2019,It\ 5 am and people are drinking at the airport bar.. like who hurt y\,"Cleveland, OH"
Mon Jun 24 09:19:45 +0000 2019,Putting some iron in my diet. #noexcuses #discipline #veganathlete #plantstrong #gymtime #veganstrong #vegan\ ,"Mooresville, NC"
Mon Jun 24 09:20:25 +0000 2019,**Ghanaian and you already know the answer to this \ abeg ,"New Orleans, LA"
Mon Jun 24 09:20:25 +0000 2019,Such a great day celebrating blissnerd and bigbillymins. I can\ wait for baby Liam\ arrival \ he is going to be\ ,"Ramsey, NJ"
Mon Jun 24 09:20:25 +0000 2019, I can buy a lot of much needed supplies with a lot less than a BILLION dollars.  I\ sure companies\ ,"Dallas, TX"
Mon Jun 24 09:20:25 +0000 2019,"thrilled to see my parents next week'""","Los Angeles, CA"
Mon Jun 24 09:20:24 +0000 2019," and I butchered ur last name cuz Im just used to a few of my jewish buddies having a T before the Z'""","Lakewood, OH"
Mon Jun 24 09:20:24 +0000 2019,"I always feel like I do so much for people ..'""","West Covina, CA"
Mon Jun 24 09:20:22 +0000 2019,It\ 2019 and I can\ believe this is something that is actually going on. This is inhumane. ,"Montclair, VA"
Mon Jun 24 09:20:22 +0000 2019,pachanga_casino45 at pachanga loving #collosalslot great game. @ Pechanga Resort Casino ,"California, USA"
Mon Jun 24 09:20:21 +0000 2019,#dallas  ,"San Antonio, TX"
Mon Jun 24 09:20:21 +0000 2019," It\ ok, I wouldn\ do that either.'""","Stephens Crossroads, SC"
Mon Jun 24 09:20:20 +0000 2019,"current weather in Troy: scattered clouds, 55\ humidity, wind 3mph, pressure 1012mb'""","Troy, NY"
Mon Jun 24 09:20:20 +0000 2019,"Cleared: Construction on #B24Bus Both directions at 48th Street : Brooklyn Queens Expressway'""","Queens, NY"
Mon Jun 24 09:20:20 +0000 2019,"I\'m at GetGo in Plainfield, IN ","Plainfield, IN"
Mon Jun 24 09:20:19 +0000 2019, AND MY GIRL JANIS WOULD\' VE LOVED BETTE\'S PERFORMANCE IN THE ROSE!\ I CAN HEAR HER WICKED CACKLE WHIL\ ,"Scottsboro, AL"
Mon Jun 24 09:20:19 +0000 2019,"  Mine was over $2,000.00 US currency'""","Georgia, USA"
Mon Jun 24 09:20:19 +0000 2019," Whoever said tht didn\ pay attention lol'""","Los Angeles, CA"
Mon Jun 24 09:20:17 +0000 2019,Unbelievable! ,"Maine, USA"
Mon Jun 24 09:20:17 +0000 2019," This was pretty great...'""","Philadelphia, PA"
Mon Jun 24 09:20:17 +0000 2019," I relate too much'""","Laguna, CA"
Mon Jun 24 09:20:16 +0000 2019,"I remember thinking, God I am frustrated but I TRUST you!'""","Massachusetts, USA"
Mon Jun 24 09:20:16 +0000 2019,"Thinking about girls my brain hurty'""","Boise, ID"
Mon Jun 24 09:20:15 +0000 2019,"I got my hopes up after the New Day vs Owens & Zayn, Heavy Machinery vs Bryan & Rowan and 205 Live matches. And the\ ","Las Vegas, NV"
Mon Jun 24 09:20:15 +0000 2019,"  That includes Alaska and Hawaii.'""","Michigan, USA"
Mon Jun 24 09:20:15 +0000 2019,"I just worked for 19 hours and I go back in an hour. Tokusatsu, give me your strength.'""","Baltimore, MD"
Mon Jun 24 09:20:15 +0000 2019,"getting whiplash from seeing guujical quotes on my timeline'""","Huntsville, TX"
Mon Jun 24 09:20:15 +0000 2019,The toxicity! \ ,"North Reading, MA"
Mon Jun 24 09:20:15 +0000 2019," talk*'""","Florida, USA"
Mon Jun 24 09:20:14 +0000 2019,Day 172: Composition - Rule of Odds. \ #ruleofodds #birdbath #bandw #blackandwhite #blackandwhitephotography\ ,"Petersburg, VA"
Mon Jun 24 09:20:14 +0000 2019," His confession of his sins'""","Texas, USA"
Mon Jun 24 09:20:13 +0000 2019,you ARE my whole entire heart... I know I am not perfect but I will continue to try to be a better person for you <\ ,"Chula Vista, CA"
Mon Jun 24 09:20:13 +0000 2019,"damn if i had a dollar for every time i got in a random persons car drunk'""","Anchorage, AK"
Mon Jun 24 09:20:13 +0000 2019,"Gwen stefani fuckin Garth brooks'""","Lindenhurst, NY"
Mon Jun 24 09:20:13 +0000 2019,"current weather in New Britain: clear sky, 59\ humidity, wind 7mph, pressure 1011mb'""","New Britain, CT"
Mon Jun 24 09:20:12 +0000 2019,"TEST_GEO_Hierarchy: 44f9f55c-baeb-4e18-ae30-9b0ec30eb0c1'""","California, USA"
Mon Jun 24 09:20:12 +0000 2019,"TEST_GEO_Hierarchy: ba274c4e-c0a3-417e-916e-a8acc24196bb'""","Los Angeles, CA"
Mon Jun 24 09:20:11 +0000 2019,Why you need #AngularJSDeveloper for Best #frontendDevelopment and #Design solutions?\\n\\nBehind\ ,United States
Mon Jun 24 09:20:11 +0000 2019, Culture: ,"Brooklyn, NY"
Mon Jun 24 09:20:11 +0000 2019,Congratulations!!! ,"Norfolk, VA"
Mon Jun 24 09:20:11 +0000 2019, \ \ \ \,"Los Angeles, CA"
Mon Jun 24 09:20:10 +0000 2019," Speaker Pelosi, please do not just talk, agree to fix... no, fix the immigration laws.  If you do no\ ","Arden-Arcade, CA"
Mon Jun 24 09:20:10 +0000 2019,"I\ been followed by a fictional character from a  series and, oddly, I find that comforting...\ ","Georgia, USA"
Mon Jun 24 09:20:10 +0000 2019,"  True that'""","Philadelphia, PA"
Mon Jun 24 09:20:10 +0000 2019, I was exhausted just watching from the outside. \,"Chicago, IL"
Mon Jun 24 09:20:09 +0000 2019,"  Too bad virtually NO ONE with healthcare can, or will be, approved for this expensive procedure.'""","Florida, USA"
Mon Jun 24 09:20:07 +0000 2019,"  Oh but it\ be lovely if it was her'""","Gilbert, AZ"
Mon Jun 24 09:20:07 +0000 2019,"A country led by an extraordinary example of kindness, exceptance and love becomes a country of kindness, exceptenc\ ","Cookeville, TN"
Mon Jun 24 09:20:06 +0000 2019," THANKS! It clearly needs work, rough on the edges and sizing is problematic. But it serves its purpose'""","Reno, NV"
Mon Jun 24 09:20:06 +0000 2019,I couldn\'t agree more \ ,"Florida, USA"
Mon Jun 24 09:20:05 +0000 2019,Happy birthday to my mother. I love you to death. Thank you for everything you\ done for me and bringing me into\ ,"Paradise, NV"
Mon Jun 24 09:20:04 +0000 2019,"I live for the nights where if I die, I\ okay with it cuz I\ HAPPY.'""","Los Angeles, CA"
Mon Jun 24 09:20:04 +0000 2019," Yooooooooo!'""","Feasterville, PA"
Mon Jun 24 09:20:04 +0000 2019,"Graffiti Tracking: 337 W Tichenor St'""","Compton, CA"
Mon Jun 24 09:20:04 +0000 2019,"#USGS08104500 - Little Rv nr Little River, TX \\nHeavy Rain (1.56 in/hr) over the last 15 minutes \\n","Texas, USA"
Mon Jun 24 09:20:03 +0000 2019,"#USGS08019000 - Lake Fk Ck nr Quitman, TX\\nHeight: 17.16ft \ (16ft)\\nFlow: 5490cfs\\n","Texas, USA"
Mon Jun 24 09:20:03 +0000 2019," No don\'t shave! I\'m a sucker for a beard! Maybe trim it up a bit!""'","Warren, OH"
Mon Jun 24 09:20:03 +0000 2019,"Who got basketball jerseys I\ trying to cop'""","Oakland, CA"
Mon Jun 24 09:20:03 +0000 2019,"#USGS08018500 - Sabine Rv nr Mineola, TX\\nHeight: 16.01ft \ (14ft)\\nFlow: 3700cfs\\n","Texas, USA"
Mon Jun 24 09:20:03 +0000 2019,"#ADB opens 1st conference on public-private partnership held in #Tbilisi\\n\\n #Georgia'""","Darien, CT"
Mon Jun 24 09:34:48 +0000 2019,"toast'""","South Carolina, USA"
Mon Jun 24 09:34:48 +0000 2019,And the Hill provides cover. ,"Tampa, FL"
Mon Jun 24 09:34:47 +0000 2019,NAPA CO SHERIFF: American Canyon: Flosden Rd from city limit to Via Bellagio closed for vehicle accident / lines do\ ,"Napa, CA"
Mon Jun 24 09:34:47 +0000 2019, like u are paralyzed and cannot move. you\ aware and \ but  u just can\ move and it\ scary\ ,"Los Angeles, CA"
Mon Jun 24 09:34:46 +0000 2019,Fake Meat Will Save Us ,"Durham, NC"
Mon Jun 24 09:34:46 +0000 2019,"I just want Tony Soprano to punch me in the face'""","Tucson, AZ"
Mon Jun 24 09:34:46 +0000 2019," L'""","San Bernardino, CA"
