Date,Tweet
Date,eet',Country
Thu May 09 09:49:14 +0000 2019,"  Well said'""","New Jersey, USA"
Thu May 09 09:49:13 +0000 2019,"3 a\ pasaron para esta foto, cuanto se puede extra\ a alguien por Dios!, gracias mama,papa y a Dios por el mome\ ","Boynton Beach, FL"
Thu May 09 09:49:13 +0000 2019," I\ OK with that! MKE needs this and deserves it!!'""","Northampton, MA"
Thu May 09 09:49:13 +0000 2019,"I\'m at GM Flint Engine Operations in Flint, MI ","Flint, MI"
Thu May 09 09:49:13 +0000 2019,Can\ wait to read \ ,"Brooklyn, NY"
Thu May 09 09:49:13 +0000 2019,      Really?  US    su\ ,"Georgia, USA"
Thu May 09 09:49:12 +0000 2019,Excellent thread. Many of these points apply equally well to Autistic people working in autism & disability policy.\ ,"Somerville, MA"
Thu May 09 09:49:12 +0000 2019,Anyone trying to delay this urgent safety issue after the airport and Parkland tragedies is playing politics.\ ,"Florida, USA"
Thu May 09 09:49:11 +0000 2019,"My dreams are so complicated'""","Kentucky, USA"
Thu May 09 09:49:11 +0000 2019," It works really well'""","Indiana, USA"
Thu May 09 09:49:09 +0000 2019,Traveling light @ Manchester-Boston Regional Airport ,"Londonderry, NH"
Thu May 09 09:49:09 +0000 2019,  An investigation where they didn\ speak to the accused or the accuser... is that really a t\ ,"Spokane, WA"
Thu May 09 09:49:09 +0000 2019,"It\'s more acceptable now (relatively speaking) not to have children than even ten years ago. However, anecdotes and\ ","Kentwood, MI"
Thu May 09 09:49:09 +0000 2019," 11/10'""","Cullowhee, NC"
Thu May 09 09:49:08 +0000 2019,"I\ always giving people credit for the wild shit that I think about.'""","Raleigh, NC"
Thu May 09 09:49:08 +0000 2019,    \ \ \ \ \ \ \ \ \ \ \ \,"Brooklyn, NY"
Thu May 09 09:49:08 +0000 2019,,"Huntsville, AL"
Thu May 09 09:49:07 +0000 2019, i luv u sweetcheeks ,"Texas, USA"
Thu May 09 09:49:07 +0000 2019,"I never asked you for anything just yo honesty..'""","Washington, USA"
Thu May 09 09:49:06 +0000 2019,Tied in lots of love! It\ my personal new favorite top... just so flattering on so many figures. \ to\ ,"Providence, RI"
Thu May 09 09:49:04 +0000 2019,The Brandon Chargers Boys and Girls track teams host the Princess Anne Panthers today at home. The track meet start\ ,"Virginia Beach, VA"
Thu May 09 09:49:03 +0000 2019," Them yellow ones hot.'""","Los Angeles, CA"
Thu May 09 09:49:03 +0000 2019,"Ugh. Awake at 5.30am. Presenting my paper at 10am. Please now to sleep. #kzoo2019'""","Westwood, MI"
Thu May 09 09:49:03 +0000 2019, \,"Philadelphia, PA"
Thu May 09 09:49:03 +0000 2019," Very much so. Stars couldn\ find lanes to shoot. Blues are just currently a better team'""","Tyler, TX"
Thu May 09 09:49:02 +0000 2019,"Ill rob you blind an burn the money like the fuckin joker'""","Daleville, IN"
Thu May 09 09:49:01 +0000 2019,How I sleep when the sun comes up: ,"Guttenberg, NJ"
Thu May 09 09:49:01 +0000 2019,Say it one more time \ ,"Louisville, KY"
Thu May 09 09:48:59 +0000 2019,#REACTION Uber & Lyft drivers in several cities went on strike yesterday demanding more compensation and benefits..\ ,"Florida, USA"
Thu May 09 09:48:58 +0000 2019,"The 70s were pretty good, I mean, that\ when I joined the human race, so I have a favorable opinion of that partic\ ","Decatur, AL"
Thu May 09 09:48:58 +0000 2019,It\ about that time where its STEM majors vs the rest of the majors again\,"Greensboro, NC"
Thu May 09 09:48:58 +0000 2019,"  If y\ are free in August lemme know I want to do something local'""","Los Angeles, CA"
Thu May 09 09:48:57 +0000 2019,Enjoy your Meal with a $25 Chick-fil-A Gift Card. Enter now for a chance to win Chik-fil-A Gift Card by submitting\ ,United States
Thu May 09 09:48:57 +0000 2019,"I really hope Kyrie leaves my Celtics...'""","Raleigh, NC"
Thu May 09 09:48:57 +0000 2019,Additional chain laws on I-70 and Loveland Pass \ \,"Colorado, USA"
Thu May 09 09:48:57 +0000 2019," If my daughter\ lunch fund balance is negative, the only stipulation her district puts on her is that sh\ ","Highland Park, TX"
Thu May 09 09:48:56 +0000 2019,"'I\\\'m not really ""like that"" like that, ya know?\''","Burbank, CA"
Thu May 09 09:48:55 +0000 2019,People do weird things:( ,"Carlsbad, CA"
Thu May 09 09:48:54 +0000 2019,Let\'s be friends on  add me I\'ll add u back ,"Chino, CA"
Thu May 09 09:48:54 +0000 2019," A restauranteur, at most, is able to make money off bad food if he or she knows how to market bad f\ ","Manhattan, NY"
Thu May 09 09:48:54 +0000 2019,Behold the faces of white children being raised in a culture failing to address \\n whiteness. ,"Texas, USA"
Thu May 09 09:48:52 +0000 2019,"The airport is a fucking mess rn and i wanna kms'""","Oviedo, FL"
Thu May 09 09:48:52 +0000 2019,"With all this rain around us...soon they\'ll open the gates at the dam and flood this whole area again.""'","Texas, USA"
Thu May 09 09:48:52 +0000 2019,"current weather in Westfield: clear sky, 42\ humidity, wind 5mph, pressure 1028mb'""","Westfield, MA"
Thu May 09 09:48:52 +0000 2019,Need June to get here quick\,"Georgia, USA"
Thu May 09 09:48:52 +0000 2019,  Sup ,"Cleveland, OH"
Thu May 09 09:48:52 +0000 2019,"  Inita, Buenos d\ \","Vallejo, CA"
Thu May 09 09:48:51 +0000 2019,Idgaf how long it takes imma get my degree \ Period\,"Macon, GA"
Thu May 09 09:48:50 +0000 2019," Awesome....'""","Burlington, MA"
Thu May 09 09:48:50 +0000 2019, My dad used to serve rabbit for Easter dinner. \,"Honolulu, HI"
Thu May 09 09:48:49 +0000 2019," Move to a higher floor!'""","St Cloud, MN"
Thu May 09 09:48:48 +0000 2019,"    Wow!!! Super honored by this shout out!!! Thank you, Ann! :)'""","Houston, TX"
Thu May 09 09:48:48 +0000 2019,Just about had it with Fortnite ,"Anchorage, AK"
Thu May 09 09:48:48 +0000 2019,looks like i\ gonna have to cross over the bridge sometime this week to visit _bitch_fist_ \ pop up shop in SoHo\ ,"Manhattan, NY"
Thu May 09 09:48:47 +0000 2019,"near bsgstblender: b6406e79-24f5-4529-8f57-5f57d62147eb'""","Pittsburgh, PA"
Thu May 09 09:48:47 +0000 2019,I\'m not a scam have only give two of my babies what they wanted.... I want to be your sugar daddy don\'t want sex or\ ,"Atlanta, GA"
Thu May 09 09:48:47 +0000 2019,I just be talking \,"Ypsilanti, MI"
Thu May 09 09:48:47 +0000 2019,One of the only opinions that matter \,"St Augustine, FL"
Thu May 09 09:48:47 +0000 2019,"  That\'s a car""'","Knoxville, TN"
Thu May 09 09:48:47 +0000 2019," Hahahahahahahahahahaahahahahahahahahahahahhahaaha'""","Louisville, KY"
Thu May 09 09:48:47 +0000 2019,Not to mention I lost my lighter and was looking for it for a good 10min... finally got picked up by my UBER and sh\ ,"Allouez, WI"
Thu May 09 09:48:45 +0000 2019,  ONLY THE LILY WHITE RICH REPUBLICANS ARE O.K. WITH SOMEONE AS VILE AS  HE\ ,"Weymouth, MA"
Thu May 09 09:48:45 +0000 2019,"asking else caught in the /askreddit void on youtube?'""","Pearl City, HI"
Thu May 09 09:48:45 +0000 2019," Thats cuz they belice the floating guy in the sky will save us all'""","Staten Island, NY"
Thu May 09 09:48:45 +0000 2019,  The Trump & family members in the White House have been compromised by foreign governments.\ ,"The Acreage, FL"
Thu May 09 09:48:45 +0000 2019, ooh did  miss it? ,"Lopatcong Overlook, NJ"
Thu May 09 09:48:44 +0000 2019,Moss all day obj ain\ there yet ,"North Carolina, USA"
Thu May 09 09:48:43 +0000 2019,"Good morning! Also, there\'s snow on my windshield. \","Wyoming, MN"
Thu May 09 09:48:43 +0000 2019,"This those \ you or break you \ hrs.'""","Houston, TX"
Thu May 09 09:48:42 +0000 2019,"Denver got so many cannabis shop you don\ even need a weed man'""","Edgewater, CO"
Thu May 09 09:48:41 +0000 2019, Yep. Been there done that. God will bring bold people to help you fight the battle and support you.\ ,"Coats, NC"
Thu May 09 09:48:41 +0000 2019,ion mind seeing you happy w someone else I never hated\,"Baton Rouge, LA"
Thu May 09 09:48:41 +0000 2019,  This is complete BS \ They continue to try to silence conservatives which is wrong \,"Port St Lucie, FL"
Thu May 09 09:48:39 +0000 2019," The man is intense, you have no idea.'""","Davis, CA"
Thu May 09 09:48:39 +0000 2019,I\'m telling you this guy doesn\'t have a soul. ,"Dallas, TX"
Thu May 09 09:48:38 +0000 2019,Congratulations on winning game 5 ,"Oakland, CA"
Thu May 09 09:48:38 +0000 2019,Art supplies are expensive but making art is the only thing i actually enjoy these days. Even tho it\ pretty ugly\ ,"Dallas, TX"
Thu May 09 09:48:38 +0000 2019,"Wedding Crashers is an absolute classic'""","Indiana, USA"
Thu May 09 09:48:38 +0000 2019,Congrats \ ,"Carlisle, PA"
Thu May 09 09:48:38 +0000 2019,"  Crazy right!'""","Georgia, USA"
Thu May 09 09:48:37 +0000 2019,"First of all, what the. Second of all, fuck?!?! ","Garden Grove, CA"
Thu May 09 09:48:37 +0000 2019,"I cannot sleep when you\'re not laying by my side.""'","Modesto, CA"
Thu May 09 09:48:36 +0000 2019,I believe the patient has a fever. #Risk ,"Black Mountain, NC"
Thu May 09 09:48:33 +0000 2019," second one in 5 days, Rocket Man tells the failure Supertrampy to go f*** himself. Trum\ ","Sparks, NV"
Thu May 09 09:48:33 +0000 2019,Training with the TVA for any emergency! @ TVA Cumberland Fossil Plant ,"Tennessee, USA"
Thu May 09 09:48:33 +0000 2019,"current weather in Amherst Center: few clouds, 38\ humidity, wind 7mph, pressure 1028mb'""","Amherst, MA"
Thu May 09 09:48:33 +0000 2019,Me: Ok time to stay home & save money. \ ,"Honolulu, HI"
Thu May 09 09:48:32 +0000 2019, Poor furbabies..\,"Burlington, MA"
Thu May 09 09:48:31 +0000 2019,New Age Girl - Dead Eye Dick W/ Lyrics  via ,"Maine, USA"
Thu May 09 09:48:30 +0000 2019,"  \\nWe know you don\'t read, so have someone read THIS:\\n","Chicopee, MA"
Thu May 09 09:48:28 +0000 2019," Got that right. Gotta be us EK.'""","Greensburg, PA"
Thu May 09 09:48:28 +0000 2019,"We\'re going, are you!?\\n ","Georgia, USA"
Thu May 09 09:48:28 +0000 2019,I see a ringworm... ,"Old Westbury, NY"
Thu May 09 09:48:26 +0000 2019,"I\'m at My Bed in Makawao, HI ","Makawao, HI"
Thu May 09 09:48:26 +0000 2019,The  ?? \ still stink\ - Joe\\n\\nThx Joe ,"Arizona, USA"
Thu May 09 09:48:24 +0000 2019," ????'""","Southfield, MI"
Thu May 09 09:48:24 +0000 2019,"   Except CNN who only cares about the baby\ racial makeup.'""","Memphis, TN"
Thu May 09 09:48:23 +0000 2019, Pipooooo!!! Buenos d\ \,"Vallejo, CA"
Thu May 09 09:48:21 +0000 2019,"Tee hee'""","Anchorage, AK"
Thu May 09 09:48:21 +0000 2019, Yeee brotha I got you \,"Georgia, USA"
Thu May 09 09:48:20 +0000 2019, a Super Happy Birthday to you\ ,"Anchorage, KY"
Thu May 09 09:48:20 +0000 2019," No I only love Wiggins when he is facing the Thunder, Lakers, or Cavs'""","Moorpark, CA"
Thu May 09 09:48:20 +0000 2019,All of the teams that discarded Melo seem to be unable to score buckets when it counts. #Interesting #Rockets\ ,"Plainfield, NJ"
Thu May 09 09:48:20 +0000 2019,"Please listen to parents, teachers and students. #NoSTAARonHB3.     ","Krugerville, TX"
Thu May 09 09:48:20 +0000 2019,This is got to be the realest post I\'ve seen on the internet\ ,"South Carolina, USA"
Thu May 09 09:48:20 +0000 2019,Dancing  with suebaby14 at Tarde Latina in Bar-J in Occoquan. Way to go sexy ma! \ your Calendars!\\nSaturday!\ ,"Virginia, USA"
Thu May 09 09:48:20 +0000 2019,"Filling in on the #MorningReport again \ Good morning, Maine!  says it should be nice and sunny all ove\ ","Portland, ME"
Thu May 09 09:48:20 +0000 2019,"Vegas in a week \ i need to get off this island already shietttt'""","Ewa Villages, HI"
Thu May 09 09:48:20 +0000 2019,"  Mitch Hyatt and Hunter Renfrow were worth more than 20% of Clemson\'s offensive production last year?""'","Utica, NY"
Thu May 09 09:48:19 +0000 2019,"  This is a more silly reason than wanting to look good for male attention lol'""","Cambridge, MA"
Thu May 09 09:48:19 +0000 2019," Crazy.'""","Brooklyn, NY"
Thu May 09 09:48:19 +0000 2019,Updated: Incident on #I278 EB from 86th Street to Exit 28B - Brooklyn Bridge ,"Brooklyn, NY"
Thu May 09 09:48:19 +0000 2019,A touch of frost in South Natick.   ,"Massachusetts, USA"
Thu May 09 09:48:18 +0000 2019,Tomorrow should be my last day at Walmart \,"Springdale, AR"
Thu May 09 09:48:18 +0000 2019, if there\ not a smile on your face before you go to sleep at night then i haven\ fulfilled one of t\ ,"Texas, USA"
Thu May 09 09:48:16 +0000 2019," Oh trust me I\ hip'""","Huber Heights, OH"
Thu May 09 09:48:16 +0000 2019," Do it! I went to Vegas alone and I don\ regret it.'""","Colorado Springs, CO"
Thu May 09 09:48:16 +0000 2019,Congrats Shaun! ,"Philadelphia, PA"
Thu May 09 09:48:15 +0000 2019," But kids still don\ eat'""","Lorain, OH"
Thu May 09 09:48:15 +0000 2019," I bet Claudia lives in Florida.'""","Orlando, FL"
Thu May 09 09:48:13 +0000 2019, \ \,"Attleboro, MA"
Thu May 09 09:48:13 +0000 2019,"I LOVE BEING CATHOLIC, I GOD AND I LOVE THE CHURCH HE LEFT FOR US ALL! ","California, PA"
Thu May 09 09:48:12 +0000 2019,Pure Barre Day 2! 6am class! #fitlife #healthylifestyle #purebarre #mindbodysoul @ Pure Barre ,"Sandy Springs, GA"
Thu May 09 09:48:11 +0000 2019, A life lived in the pursuit of excellence is honorable. You are one of the most exceptional people\ ,"Indianapolis, IN"
Thu May 09 09:48:11 +0000 2019,  That bs is EXACTLY why The Royal Family has distanced Meghan from those fools on her Fat\ ,"Philadelphia, PA"
Thu May 09 09:48:10 +0000 2019, God Bless Them All! \ ,"Manhattan, NY"
Thu May 09 09:48:09 +0000 2019,Congrats Dr. Williams! (Just 15 though?! \ ,"San Francisco, CA"
Thu May 09 09:48:09 +0000 2019,#animal tales ,"South Carolina, USA"
Thu May 09 09:48:09 +0000 2019," They need immigrants to clean up \ that shithole left by hurricane Michael.#Morningjoe'""","Florida, USA"
Thu May 09 09:48:08 +0000 2019, \ \ \ \ \ \ \ \ \ \,United States
Thu May 09 09:48:08 +0000 2019," This charade is so tiresome.'""","Stoughton, MA"
Thu May 09 09:48:07 +0000 2019,Obviously not thinking about physical with him.... but I am seriously questioning his ability to know what is safe. ,"Tacoma, WA"
Thu May 09 09:48:07 +0000 2019,"'This -- ""People living with mental health disabilities do not need more interactions with police. The tragic death\ ","Bellefonte, PA"
Thu May 09 09:48:07 +0000 2019,they should go see the first lady. Be best. ,"Boston, MA"
Thu May 09 09:48:07 +0000 2019,"Baby I\ not alright but I\ okay.'""","San Antonio, TX"
Thu May 09 09:48:05 +0000 2019," U on da plane ??'""","Los Angeles, CA"
Thu May 09 09:48:05 +0000 2019,Daddy Lessons x beyonce thumps !\,"Dallas, TX"
Thu May 09 09:48:04 +0000 2019,It\'s true.  He\'s a giant fellar!  7 foot 6...546 pounds.  Bahahahaha  couldn\'t resist! ,"Virginia, USA"
Thu May 09 09:48:04 +0000 2019,"Mesmerizing.\\nLife is AMAZING:) @ Manoa, Honolulu ","Honolulu, HI"
Thu May 09 09:48:04 +0000 2019," Facts but still sometimes the females be down for them'""","Huber Heights, OH"
Thu May 09 09:48:04 +0000 2019," Alala \ massa way'""","Houston, TX"
Thu May 09 09:48:04 +0000 2019, Same with my 16 y/o. He\'s a great big kid and a protector by nature. We have this same conversation\ ,"Rapids, NY"
Thu May 09 09:48:03 +0000 2019,I\ pissed \ i thought i had two days off smh \,"Muskegon Heights, MI"
Thu May 09 09:48:03 +0000 2019," With that being said, I also wasn\ running around making nasty comments about the bodies of new mothers...'""","Northglenn, CO"
Thu May 09 09:48:03 +0000 2019,There\'s nothing #Bucks or #NBA fans can say about the #Celtics that Celtics fans and media haven\'t already said. Ca\ ,"Springfield, MA"
Thu May 09 09:48:01 +0000 2019,"The older and fatter a man gets the bigger their balls get and shorter their \ gets lol. \\n\\nA lot of women now feel bad for many men'""","Nashville, TN"
Thu May 09 09:48:01 +0000 2019,"I want to be your sugar daddy. I do not want sex or nudes. First 100 people who reply and rt get $2,500 to\ ","Atlanta, GA"
Thu May 09 09:48:00 +0000 2019,"I deem this status update of you,  wrong; it should say \ are an amazing\ instead. \ is a p\ ","New Mexico, USA"
Thu May 09 09:48:00 +0000 2019,"   That\'s so hard to imagine""'","New York, USA"
Thu May 09 09:48:00 +0000 2019,"I\'m at Maha Rd in Makawao, HI ","Makawao, HI"
Thu May 09 09:47:57 +0000 2019," Happy Gilmore'""","Queens, NY"
Thu May 09 09:47:57 +0000 2019,"It\ amazing how hard people can fight for a fetus but all the children that are in the system don\ get that same protection'""","Houston, TX"
Thu May 09 09:47:56 +0000 2019,Get that man Jay lol ,"Michigan, USA"
Thu May 09 09:47:56 +0000 2019," i\ dying'""","New Hampshire, USA"
Thu May 09 09:47:56 +0000 2019,"  That is awesome \ love it'""","Florida, USA"
Thu May 09 09:47:56 +0000 2019, Well the good news was  crashed and burned last night and is still down so I couldn\ even watch\ ,"Salem, MA"
Thu May 09 09:47:55 +0000 2019,Hmmm.\\nWhatever gave us the impression that Game of Thrones is a \ show?\\n\\nThat\ called The Good Place. ,"Cambridge, MA"
Thu May 09 09:47:54 +0000 2019,"I just be up , thinking of  a master plan'""","Prairie View, TX"
Thu May 09 09:47:54 +0000 2019,"  So cute!!!'""","Houston, TX"
Thu May 09 09:47:53 +0000 2019,"#LuciferSeason5'""","Pasadena, TX"
Thu May 09 09:47:52 +0000 2019," *grabs banana on the way out of the door*'""","Myrtle Grove, FL"
Thu May 09 09:47:52 +0000 2019,"Closed due to flooding in #LakeInTheHills on Willow St Both EB/WB between Hiawatha Dr and Council Trail #traffic #Chicago'""","Lake in the Hills, IL"
Thu May 09 09:47:51 +0000 2019, Does a millionaire or a billionaire have the power to tax and spend? Does he have the power to rais\ ,"Manhattan, NY"
Thu May 09 09:47:51 +0000 2019,"Awesome venue, awesome show tonight! Rock on, Vegas! \ #HouseOfBlues #LasVegas #Nevada #rock #metal #music\ ",House Of Blues
Thu May 09 09:47:50 +0000 2019," Eh sejak bila kau mintak..............'""","Ann Arbor, MI"
Thu May 09 09:47:50 +0000 2019,"Like honestly, I cant afford to get a few articles of clothing for a shoot I\'ve got planned. Much less money for gear to help me do more.""'","Texas, USA"
Thu May 09 09:47:50 +0000 2019,Good morning \,"New Britain, CT"
Thu May 09 09:47:50 +0000 2019,"i need to vent and it just have to be a time when nobody is up'""","Houston, TX"
Thu May 09 09:47:50 +0000 2019,"Gonna be trash for a little while & that\ ok'""","Dallas, TX"
Thu May 09 09:47:49 +0000 2019, The government allows crooks like Trump to write off loses. But let a 76 year old behind in student\ ,"Lawton, OK"
Thu May 09 09:47:45 +0000 2019,"    !'""","Providence, RI"
Thu May 09 09:47:45 +0000 2019, Panda Express super buffet!! \,"Lake Charles, LA"
Thu May 09 09:49:47 +0000 2019," She will never forgive you.'""","St Cloud, MN"
Thu May 09 09:49:46 +0000 2019,I don\ think we asked for NukeTown 2060 ,"Bronx, NY"
Thu May 09 09:49:46 +0000 2019, You\'re very Welcome! \ ,"Manhattan, NY"
Thu May 09 09:49:46 +0000 2019,"  Yes and please predict the lakers will win a chip next year?'""","Carlisle, PA"
Thu May 09 09:49:45 +0000 2019,"At my happy place, the airport! Let y\ know when I land \","Philadelphia, PA"
Thu May 09 09:49:45 +0000 2019, That was the first concert I remember going to. It was also the first time I smelled pot. I was with my\ ,"Brighton, NY"
Thu May 09 09:49:44 +0000 2019,The #OpenMike Thought-Provoking Daily Poll presented by  Why wouldn\'t the #Gators sign a home and home d\ ,"Orlando, FL"
Thu May 09 09:49:44 +0000 2019,we\ stoners ,"Pico Rivera, CA"
Thu May 09 09:49:44 +0000 2019,SHEEWWWWWW ,"Raleigh, NC"
Thu May 09 09:49:43 +0000 2019,I agree! ,"Port Byron, IL"
Thu May 09 09:49:43 +0000 2019,"slow it down'""","Norman, OK"
Thu May 09 09:49:42 +0000 2019,Issa miracle I\ lyrical... ,"Jackson, MI"
Thu May 09 09:49:42 +0000 2019,         Luin Antin jutu\ ,"Bethesda, MD"
Thu May 09 09:49:42 +0000 2019,"Good morning  The 12 year old does not have an A rating from the NRA though, amirite you fascist hac\ ","Columbus, OH"
Thu May 09 09:49:42 +0000 2019,TRASH ,"Clovis, CA"
Thu May 09 09:49:42 +0000 2019,"2 games of Fortnite at 5:30 am and I\ already obsessed with season 9. \\n\\n....go to bed Shane.'""","Sugar Hill, GA"
Thu May 09 09:49:41 +0000 2019,"current weather in East Hartford: broken clouds, 44\ humidity, wind 5mph, pressure 1027mb'""","East Hartford, CT"
Thu May 09 09:49:41 +0000 2019,Lol crazy how many memories in that locker room. #midblock ,"Statesboro, GA"
Thu May 09 09:49:40 +0000 2019,"near bsgstblender: a965450b-0ba5-47e1-b1f0-67f3d07af130'""","Pittsburgh, PA"
Thu May 09 09:49:40 +0000 2019,   Were do I begin to tell the story of a \,"Virginia Beach, VA"
Thu May 09 09:49:39 +0000 2019,We\'re hiring! Click to apply: Field Service Engineer - Mechanical / Electrical -  ,"Plymouth Township, MI"
Thu May 09 09:49:38 +0000 2019, What the Hell did she just say \,"North Carolina, USA"
Thu May 09 09:49:38 +0000 2019,Aqu\ vamos a celebrar a la hermandad de \\nSur Los \ \\n#fiestaespiritual #surlosangeles #soloporhoy #undiaalavez\ ,"Queens, NY"
Thu May 09 09:49:37 +0000 2019, Universal Health Care and Student Loan Debt forgiven. If Trump a crook can write off a billion the govern\ ,"Lawton, OK"
Thu May 09 09:49:37 +0000 2019,"last day of work and they\'re sending me out by playing country music all day #Sad""'","Plymouth Township, MI"
Thu May 09 09:49:36 +0000 2019,I\ supposed to be packing but I discovered that these ridiculous Harry Potter robes from Universal look cute when\ ,"Los Angeles, CA"
Thu May 09 09:49:35 +0000 2019,"i hate waking up with anxiety.'""","Moore, OK"
Thu May 09 09:49:34 +0000 2019,Dane Bowler of  is shitting his pants (prob bc he eats so much meat) over  meteroic rise after t\ ,"Brooklyn, NY"
Thu May 09 09:49:34 +0000 2019,"current weather in Hartford: broken clouds, 44\ humidity, wind 5mph, pressure 1027mb'""","Hartford, CT"
Thu May 09 09:49:34 +0000 2019," Some be cool af'""","Huber Heights, OH"
Thu May 09 09:49:33 +0000 2019,"Why am i up'""","Baltimore, MD"
Thu May 09 09:49:33 +0000 2019,"  I FEEL U BEAUTIFUL, I Gotta Get Sex 3 or 4x\'s a Day REAL TALK \ ","Stockton, CA"
Thu May 09 09:49:33 +0000 2019,If you on your bullshit w men or women I respect it \,"Paradise, NV"
Thu May 09 09:49:32 +0000 2019,#NoSpoilers ,"Florida, USA"
Thu May 09 09:49:32 +0000 2019,if you were ever wondering what your phone is doing in the middle of the night... ,"Salem, OR"
Thu May 09 09:49:32 +0000 2019,Love it ,"Teaneck, NJ"
Thu May 09 09:49:31 +0000 2019,"Just got to the crib who\ on rn'""","Whitestone, Queens"
Thu May 09 09:49:31 +0000 2019,"Some things just ain\ the same anymore.'""","Big Spring, TX"
Thu May 09 09:49:29 +0000 2019," Why so incredulous'""","Washington, DC"
Thu May 09 09:49:28 +0000 2019,"I\'m at Fort Lauderdale-Hollywood International Airport -  in Fort Lauderdale, FL ","Dania Beach, FL"
Thu May 09 09:49:28 +0000 2019,"    Day 8 still no refund , that would be nice finally. The math says its 7mi\ ","Elmont, NY"
Thu May 09 09:49:27 +0000 2019,this is Milwaukee. ,"Greenfield, WI"
Thu May 09 09:49:27 +0000 2019,Incident on #GeorgeWashingtonBridge EB at New Jersey Side/Upper Level Toll Plaza ,"Fort Lee, NJ"
Thu May 09 09:49:27 +0000 2019,Incident on #I278 WB at Exit 35 - I-495 Long Island Expressway ,"Queens, NY"
Thu May 09 09:49:27 +0000 2019,Incident on #TaconicStateParkway SB at Exit 23 - Bryant Pond Rd. - CR 30 ,"Putnam Valley, NY"
Thu May 09 09:49:27 +0000 2019," Um. What?'""","Newark, NY"
Thu May 09 09:49:27 +0000 2019,#\ \\n\ ,"Atlanta, GA"
Thu May 09 09:49:26 +0000 2019,  A lot of people argued Rockets only lost last year because Paul got injured \,"Chicago, IL"
Thu May 09 09:49:26 +0000 2019," I\'ll miss your input, but also understand your decision""'","Holmdel, NJ"
Thu May 09 09:49:24 +0000 2019,When your leaving your friends house and a small child ask if you want a cat and realize it\ a tiny 3 week old kit\ ,"Philadelphia, PA"
Thu May 09 09:49:24 +0000 2019,Good morning friends! Who\ ready for the weekend? Hold on it\ just around the corner. Get out & enjoy this beauti\ ,"District of Columbia, USA"
Thu May 09 09:49:23 +0000 2019," Good luck!'""","Scott, LA"
Thu May 09 09:49:22 +0000 2019,"#DirtyDonaldHasToGo'""","Bowling Green, KY"
Thu May 09 09:49:21 +0000 2019,A #thursdaythought to make you smile. #radar #mash #speedcheckedbyradar @ Pond Wiser Inc ,"Massillon, OH"
Thu May 09 09:49:21 +0000 2019,Good morning from Hilton Garden Inn Virginia Beach Oceanfront ,Hilton Garden Inn Virginia Beach Oceanfront
Thu May 09 09:49:19 +0000 2019," Thank you for having me! #LetsDoMore'""","Chicago, IL"
Thu May 09 09:49:19 +0000 2019, Well this is fun to read lol ,"Modesto, CA"
Thu May 09 09:49:19 +0000 2019, I did... she a married woman wanting attention from other men which ain\ right in no way... idgaf what\ ,"Mississippi, USA"
Thu May 09 09:49:18 +0000 2019, Sage...\,"Fort Worth, TX"
Thu May 09 09:49:18 +0000 2019,This one is for all the punks ,"Carlisle, PA"
Thu May 09 09:49:17 +0000 2019,Sun is up in Peru #Maine and the fog is beautifully sitting on the mtns #mewx ,"Maine, USA"
Thu May 09 09:49:17 +0000 2019," Yes! During a reading of Out of my Mind a lot of my kids got rilled up at how Melody was treated! #bfc530'""","Tennessee, USA"
Thu May 09 09:49:16 +0000 2019,Straight and can appreciate this lmfaoooo \ ,"Paradise, NV"
Thu May 09 09:49:16 +0000 2019,If this wasn\'t true...my rent couldn\'t be free. ,"Wells Branch, TX"
Thu May 09 09:49:16 +0000 2019,"We don\ love these hoes... but I kindaaaa want a girlfriend'""","Plainfield, IN"
Thu May 09 09:49:15 +0000 2019," Still smoking'""","Warren, MI"
Thu May 09 09:49:15 +0000 2019,"I hope I wake up in the morning to see Clint Hurdle\ been fired.'""","Shreveport, LA"
Thu May 09 09:49:15 +0000 2019,"Its imperative to show your appreciation to those people involved in molding and teaching our future! Effective, su\ ","Raleigh, NC"
Thu May 09 09:49:15 +0000 2019,  That\ telling him... ,"Honolulu, HI"
Thu May 09 09:50:10 +0000 2019,"  One of our kiddos looked at the grill area, looked at me, and then said, \ Mrs. Dehler, y\ ","Farragut, TN"
Thu May 09 09:50:10 +0000 2019,"          So excited!!!'""","Houston, TX"
Thu May 09 09:50:10 +0000 2019,"A negative mind will never give you a positive life.'""","Statesville, NC"
Thu May 09 09:50:09 +0000 2019, Good Morning Andrew You as well \,"Pennsylvania, USA"
Thu May 09 09:50:09 +0000 2019,"but now i can say i\ free from all the abuse. i\ cutting that cycle. i deserve better than to be called names, sh\ ","Moreno Valley, CA"
Thu May 09 09:50:07 +0000 2019, Stands Tall as Champ. #ROHWOTW ,Buffalo RiverWorks
Thu May 09 09:50:07 +0000 2019, I\ heard the full story. But logic\ was the suicide awareness song. I don\ think you stole any type\ ,"North Carolina, USA"
Thu May 09 09:50:07 +0000 2019,"I said I tried to call the nurse again,,,, but she\ being a little b***tch ","Los Angeles, CA"
Thu May 09 09:50:06 +0000 2019,On the way to promote the best of #Vt.  now boarding to Washington.  hosting Vt\ finest produ\ ,Burlington International Airport (BTV)
Thu May 09 09:50:06 +0000 2019,My thoughts guys exactly \ ,"Manchester, VA"
Thu May 09 09:50:06 +0000 2019,"current weather in New Britain: broken clouds, 45\ humidity, wind 5mph, pressure 1027mb'""","New Britain, CT"
Thu May 09 09:50:05 +0000 2019,This is what we\ passionate about today. Consider becoming a miracle maker $15/month for one year. Text WBEN to 5\ ,"Buffalo, NY"
Thu May 09 09:50:05 +0000 2019," I have 2 more days.'""","Gandy, FL"
Thu May 09 09:50:04 +0000 2019,"#USGS08171350 - Blanco Rv at San Marcos, TX\\nHeight: 18.51ft \ (18ft)\\nFlow: N/Acfs\\n","San Marcos, TX"
Thu May 09 09:50:04 +0000 2019,let\ play tag ,"New Braunfels, TX"
Thu May 09 09:50:03 +0000 2019,"#USGS08159000 - Onion Ck at US Hwy 183, Austin, TX\\nHeight: 20.46ft \ (17ft)\\nFlow: 10500cfs\\n","Texas, USA"
Thu May 09 09:50:03 +0000 2019,"#USGS08158700 - Onion Ck nr Driftwood, TX\\nHeight: 6.63ft \ (5.5ft)\\nFlow: 1670cfs\\n","Texas, USA"
Thu May 09 09:50:03 +0000 2019,"#USGS08116650 - Brazos Rv nr Rosharon, TX\\nHeight: 50.62ft \ (43ft)\\nFlow: 76200cfs\\n","Texas, USA"
Thu May 09 09:50:03 +0000 2019,"Omar Apollo for real slept on'""","San Francisco, CA"
Thu May 09 09:50:02 +0000 2019,"#USGS08017300 - S Fk Sabine Rv nr Quinlan, TX\\nHeight: 16.13ft \ (15ft)\\nFlow: 2110cfs\\n","Texas, USA"
Thu May 09 09:50:02 +0000 2019,"#USGS08017200 - Cowleech Fk Sabine Rv at Greenville, TX\\nHeight: 16.62ft \ (14ft)\\nFlow: 1730cfs\\n","Greenville, TX"
Thu May 09 09:50:00 +0000 2019," nobody but you were late so there\ that'""","Columbus, OH"
Thu May 09 09:49:59 +0000 2019, Kes you are a wonder doggo..Just remember no chewing the Lego\'s\,"Burlington, MA"
Thu May 09 09:49:58 +0000 2019,"  It\'s about time we fight back everybody should read tweet this everyday""'","East Freehold, NJ"
Thu May 09 09:49:58 +0000 2019,"Everyone\ asking me about Adrian and Bri. Yes Adrian has a girlfriend she I don\ Please stop asking.'""","Pearsall, TX"
Thu May 09 09:49:57 +0000 2019,Smh!!!!! Damn KD\ ,"Leisure City, FL"
Thu May 09 09:49:57 +0000 2019,Today\ happening! #Kauai #Hawaii ,"Lihue, HI"
Thu May 09 09:49:57 +0000 2019,Right lane blocked in #I270 on I-270 SB after Ladue Rd #STLtraffic ,"Creve Coeur, MO"
Thu May 09 09:49:57 +0000 2019,"  Right??! Me, everyday for a 2-years when the twins were born. Maybe with socks when it\ ","Southside, FL"
Thu May 09 09:49:57 +0000 2019,"I slept good asf.'""","Portage, MI"
Thu May 09 09:49:56 +0000 2019,Accident cleared in #AreaOfHudsonRiverCrossingsGwbExpressNj on The G.W.B. Upper Level Inbound after The Tolls\ ,"Fort Lee, NJ"
Thu May 09 09:49:56 +0000 2019,"Got upgraded to business class on my flight to Montreal \ I\ never sat anywhere but economy! Love you too, Canada! \",Newark Liberty International Airport (EWR)
Thu May 09 09:49:55 +0000 2019,"  Eh.'""","Virginia Beach, VA"
Thu May 09 09:49:55 +0000 2019,"Bro, it was the BIGGEST struggle getting Amanda into the house dude like I can\ lmao Idek how I did it \","La Presa, CA"
Thu May 09 09:49:55 +0000 2019,"Blunt to da head and I\'ll b fine......Gm world ya\'ll have a outstanding day \ @ East Baltimore, Baltimore ","Baltimore, MD"
Thu May 09 09:49:54 +0000 2019, BLACK!!!! Light skin DEMON \,"Paradise, NV"
Thu May 09 09:49:54 +0000 2019,"      Love this!!! Thank you for empowering students!!'""","Houston, TX"
Thu May 09 09:49:52 +0000 2019," People are a lot of things, and nice is definitely not one of the words I\'d use to describe them lol. \","Elroy, NC"
Thu May 09 09:49:51 +0000 2019, What makes anyone think we can trust Burr or any other repuglican? This sudden change of heart?? And they\ ,"Canton, MA"
Thu May 09 09:49:50 +0000 2019,"Central Islip: 5:41am: sunrise\\nsunset will be at 7:56pm'""","Central Islip, NY"
Thu May 09 09:49:50 +0000 2019," She is no stranger to HYPOCRISY - we knew this in 2016.  An opportunist from JUMP.'""","Maryland, USA"
Thu May 09 09:49:49 +0000 2019,"  Glad I ain\ the only one'""","Muskegon, MI"
Thu May 09 09:49:49 +0000 2019,  \,"Houston, TX"
Thu May 09 09:49:48 +0000 2019,"Do y\ ever get the smart guy theme song stuck in your head? Cause I do like at least once a week'""","Baltimore, MD"
Thu May 09 09:49:48 +0000 2019,Can\ \ Wait! \ #AustinFC  \ ,"Florida, USA"
Thu May 09 09:49:48 +0000 2019,Liar! It was Chandrashekhar Goverment.  is meant for fooling ,"Farmington Hills, MI"
Thu May 09 09:49:48 +0000 2019,"  \\nOh that\'s cold""'","Baltimore, MD"
Thu May 09 10:05:01 +0000 2019," Let us hope the FO doesn\'t screw this all up""'","Maryland, USA"
Thu May 09 10:05:00 +0000 2019," #2LITT2QUIT ?'""","Pittsburgh, PA"
Thu May 09 10:04:58 +0000 2019,"When the \ makes you \ just like a \ that\'s amore!""'","San Francisco, CA"
Thu May 09 10:04:57 +0000 2019,I want some bomb ass head on this beautiful Thursday morning\,"Chicago, IL"
Thu May 09 10:04:57 +0000 2019,Carson Wentz had a baby ,"Philadelphia, PA"
Thu May 09 10:04:57 +0000 2019,"    Kentucky'""","Radcliff, KY"
Thu May 09 10:04:57 +0000 2019,"I\ what the world needs'""","Columbus, GA"
Thu May 09 10:04:57 +0000 2019,I need to know who did this. Who the hell was it come out right now!!! ,"Las Vegas, NV"
Thu May 09 10:04:56 +0000 2019, Oh and good morning. \,"Ocala, FL"
Thu May 09 10:04:56 +0000 2019,Ahhhh make sure this job has 2 open seats as well... Thank you! \ ,"Texas, USA"
Thu May 09 10:04:56 +0000 2019,This video \ ,"Stamford, CT"
Thu May 09 10:04:55 +0000 2019,"current weather in Carolina: few clouds, 22\ humidity, wind 5kmh, pressure 1015mb'""","Martín González, Puerto Rico"
Thu May 09 10:04:54 +0000 2019,i really wish our weird world wasn\ centered around who has the deadliest murder dicks yet here we are! ,"Brooklyn, NY"
Thu May 09 10:04:54 +0000 2019,Not understanding why y\ coons go there anyway . ,"Tallahassee, FL"
Thu May 09 10:04:54 +0000 2019,GT Women\ Swimming & Diving: 998 (national average: 993) \ ,"North Druid Hills, GA"
Thu May 09 10:04:54 +0000 2019,"Lmao idk why I\ up'""","Greensboro, NC"
Thu May 09 10:04:54 +0000 2019," That\ why he\ firing so many missiles, is it?'""","Altadena, CA"
Thu May 09 10:04:53 +0000 2019,"   Nothing ever happens in a day and the risk is future climate change increasing sea levels, NYC has'""","Bronx, NY"
Thu May 09 10:04:53 +0000 2019," They do have to answer to the Stockholders.\\nAnd the Stockholders want $$$'""","Kendale Lakes, FL"
Thu May 09 10:04:53 +0000 2019, Durant strained his calf\\nGreen fouled out\\nCurry was having an awful first half\\n...and the Warriors still\ ,"Washington, DC"
Thu May 09 10:04:53 +0000 2019,Love  Flower Day! Join us at either #GenslerGardens location today 8am to 7pm. ,"Rockford, IL"
Thu May 09 10:04:53 +0000 2019,Registration for my webinar is open for a few more hours... ,"Dobbs Ferry, NY"
Thu May 09 10:04:52 +0000 2019,"The Devil dances in the details.  As sparks fly from cloven hooves, horns on head flailing about, seen is a big tat\ ","Upper Arlington, OH"
Thu May 09 10:04:52 +0000 2019,"The sun coming up at 6 makes me happy'""","Greensboro, NC"
Thu May 09 10:04:52 +0000 2019,I\ been holding on to this video waiting for the song to drop! Shout out  you a real one now just wait\ ,Veterans Memorial Coliseum
Thu May 09 10:04:51 +0000 2019," Love u'""","Warren, MI"
Thu May 09 10:04:51 +0000 2019,  no babies do not die an embryo during the first trimester is not a baby.  it comes under the hea\ ,"Florida, USA"
Thu May 09 10:04:50 +0000 2019,This week has been a struggle getting back on task with my eating and letting go of all the carbs I consumed while\ ,"St Petersburg, FL"
Thu May 09 10:04:50 +0000 2019,"  No bs I would love to see his charity work'""","Boston, MA"
Thu May 09 10:04:49 +0000 2019," \ right!!'""","New Jersey, USA"
Thu May 09 10:04:49 +0000 2019, GM Gil! Happy Friday Eve\ not sure the weather knows it\ May 10th!!! Have a great day & I\ be watching you all ,"Derby, CT"
Thu May 09 10:04:48 +0000 2019,"Celebrating the First Trans-Atlantic Flight. No, It Wasn\ Lindbergh\ ","Queens, NY"
Thu May 09 10:04:48 +0000 2019,Rolling Stones \ Always get what you want\ theme in background.  sue Trump Campaign! ,"College Park, MD"
Thu May 09 10:04:48 +0000 2019,Del grupete \\n ,"Manhattan, NY"
Thu May 09 10:04:48 +0000 2019,"  I am well aware of that sir, thanks'""","Cambridge, MA"
Thu May 09 10:04:48 +0000 2019,I am amazingly fortunate to have so many fabulous women in my life - to celebrate the good times and carry me when\ ,"Michigan, USA"
Thu May 09 10:04:48 +0000 2019,"We\ almost there! It\ Thursday and we\ scoping, winning and playing YOUR COUNTRY! #ScottAndSarah  ","Ohio, USA"
Thu May 09 10:04:47 +0000 2019,   \,"Ohio, USA"
Thu May 09 10:04:45 +0000 2019,"I got dressed through the mess & put a smile on my face'""","Port St Lucie, FL"
Thu May 09 10:04:45 +0000 2019,Yall look up to these celebrity relationships and FOR WHAT? It\ weird. ,"Gainesville, FL"
Thu May 09 10:04:45 +0000 2019,Excuse the intervention\\nMeet ya at the top of nothing ,"Chesapeake Beach, MD"
Thu May 09 10:04:45 +0000 2019,my mans a crackhead ep.1 ,"Long Beach, CA"
Thu May 09 10:04:44 +0000 2019," fucking felt that'""","Texas, USA"
Thu May 09 10:04:43 +0000 2019, \ \ \ \ \ \ \ \ \ \ \ \ \ \ ,"Paradise, NV"
Thu May 09 10:04:42 +0000 2019,"Gelato back in town'""","Houston, TX"
Thu May 09 10:04:42 +0000 2019," Case file'""","Richardson, TX"
Thu May 09 10:04:41 +0000 2019,These are the same people who think it\ fabulous to kill endangered species. I realize killing humans and killing\ ,"The Meadows, FL"
Thu May 09 10:04:41 +0000 2019,The real adventure begins  #SnapchatStory #transcon150 #goldenspike150 #UP4014 #upp4014 ,"Orem, UT"
Thu May 09 10:04:40 +0000 2019,Thursday May 9 - POLITICO Playbook:     North Korea on Thursday fired at least one unidentified projectile from the\ ,"Lorain, OH"
Thu May 09 10:04:40 +0000 2019,"near bsgstblender: 91162384-a387-44c1-ac5a-d4312450b26b'""","Pittsburgh, PA"
Thu May 09 10:04:40 +0000 2019, Wear a cross body purse under the gown!!!! Access it while you\ seated by lumping all the material t\ ,"Arlington, NY"
Thu May 09 10:04:40 +0000 2019,Those people have to work multiple jobs or do overtime shifts to make ends meet barely. Telling them that getting 8\ ,"Baltimore, MD"
Thu May 09 10:04:39 +0000 2019,"Here for the Disco Biscuts peaks this morning.\\n#PayDay'""","Westbrook, ME"
Thu May 09 10:04:39 +0000 2019,"Lancaster: 5:56am: sunrise\\nsunset will be at 8:07pm'""","Pennsylvania, USA"
Thu May 09 10:04:39 +0000 2019,I\ fan club President for a REASON y\ \ ,"Westerly, RI"
Thu May 09 10:04:39 +0000 2019,"high guys'""","Cabo Rojo, USA"
Thu May 09 10:04:37 +0000 2019,"idk what\ going on but my life is pretty amazing rn'""","Harrison, TN"
Thu May 09 10:04:37 +0000 2019,"If you\ reading this, good morning \","Bronx, NY"
Thu May 09 10:04:37 +0000 2019,"i love getting force fed then shoved in an uber.   like thank you soooooo much!'""","San Francisco, CA"
Thu May 09 10:04:36 +0000 2019,#LetsFillThisSchoolWithReaders ,"Manhattan, NY"
Thu May 09 10:04:36 +0000 2019,  \ Trump has to do is stick to the rules by which he was raised by his father in the county o\ ,"Kansas City, MO"
Thu May 09 10:04:35 +0000 2019," Well, God did tell Adam and Eve to be fruitful and multiply. I doubt He would\'ve said that if He th\ ","Evansville, IN"
Thu May 09 10:04:35 +0000 2019,NO ERES EL \ \ #conarroz #seteniaquedecirysedijo ,"Canóvanas, USA"
Thu May 09 10:04:34 +0000 2019,"I\'m at Philadelphia International Airport -  in Philadelphia, PA ","Philadelphia, PA"
Thu May 09 10:04:34 +0000 2019,"  Alexa, turn off'""","Tennessee, USA"
Thu May 09 10:04:34 +0000 2019,Swear to God you a miracle \,"Paradise, NV"
Thu May 09 10:04:33 +0000 2019,Ok Bulldogs...it\ our last official day of testing!! \ You got this!! #doyourbest #showwhatyouknow #EOCs ,"DeBary, FL"
Thu May 09 10:04:33 +0000 2019,I\ rather be fishing.\\n\ #ocean #fishing #chill #fish #holidays #sunrise #fishinglife #water\ ,"Daytona Beach, FL"
Thu May 09 10:04:33 +0000 2019,"I\'m still looking for a sugarbaby to spoil, pamper and cater for. Weekly allowance included..text me\\n#sugarmomma\ ","Atlanta, GA"
Thu May 09 10:04:32 +0000 2019,  Only if you follow my lead\,"Seattle, WA"
Thu May 09 10:04:32 +0000 2019,"Cardi B body this collection'""","Quantico, VA"
Thu May 09 10:04:32 +0000 2019,"It\'s time !""'","Queens, NY"
Thu May 09 10:04:31 +0000 2019,I\ like okkkk explain? he had the nerve to say he\ bi bc he likes me. ????? I quickly educate his ass on what bei\ ,"San Diego, CA"
Thu May 09 10:04:31 +0000 2019,"Accident, right lane blocked in #Hialeah on SR-826 Palmetto Expy SB before NW 103rd St #SFLtraffic ","Hialeah, FL"
Thu May 09 10:04:30 +0000 2019," You coming ?'""","Kenner, LA"
Thu May 09 10:04:30 +0000 2019,"5:56am: sunrise\\nsunset will be at 8:07pm'""","Pennsylvania, USA"
Thu May 09 10:04:28 +0000 2019,V E G A S \ ,"Sunrise Manor, NV"
Thu May 09 10:04:28 +0000 2019,"Acts 16. Paul and Silas. There are so many things. Sheesh.\ #readYOURbible #paulandsilas #bible'""","Knoxville, TN"
Thu May 09 10:04:27 +0000 2019,"Puerto Rican\ so damn freaky.'""","Puerto Rico, USA"
Thu May 09 10:04:27 +0000 2019,Construction on #US4 Both directions from 2nd Street to Broad Street; NY 32 ,"Waterford, NY"
Thu May 09 10:04:27 +0000 2019,"'Today I am thinking about Mr. Thomas Walsh, my high school English teacher at Vestal High, who read us Tennyson\\\'s ""\ ","New York, USA"
Thu May 09 10:04:25 +0000 2019,"  Walk away also in 2016 when I was 52.'""","Penn Yan, NY"
Thu May 09 10:04:23 +0000 2019," This is such a good medative exercise FUCK I\ doing it'""","Lake Oswego, OR"
Thu May 09 10:04:23 +0000 2019,"Fortnite really just copied apex.'""","Gilbert, AZ"
Thu May 09 10:04:22 +0000 2019,"  2 ligas en casi 15 a\ q dirigi\ en Alemania, buen promedio no es, y yo no lo esto\ ","Bronx, NY"
Thu May 09 10:04:22 +0000 2019," I think the words that overlap-I, want, see, some adjectives, and personalized nouns-are the way to st\ ","Twin Rivers, NJ"
Thu May 09 10:04:21 +0000 2019,     Special day with my girls this weekend\,"Virginia, USA"
Thu May 09 10:04:21 +0000 2019,"Cleared: Construction on #I78 EB from Exit 20 - CR 639 to Exit 26 - CR 665/Rattlesnake Bridge Rd'""","Lebanon, NJ"
Thu May 09 10:04:20 +0000 2019,due2damixxx ,"Los Angeles, CA"
Thu May 09 10:04:20 +0000 2019,"Now I gotta sit here and look stupid.'""","Gallatin, TN"
Thu May 09 10:04:19 +0000 2019,"missed suhoor. today will be interesting...'""","Goddard, MD"
Thu May 09 10:04:19 +0000 2019,Stop attemping to teach racist they are racist. They are aware of their rscism! ,"Texas, USA"
Thu May 09 10:04:19 +0000 2019,Why Some Uber Executives Think Travis Kalanick Is Plotting a Comeback ,"Manhattan, NY"
Thu May 09 10:04:19 +0000 2019," That about covers it. Well said!'""","Mission Viejo, CA"
Thu May 09 10:04:19 +0000 2019,"There are individuals that want to change the landscape of craft beer, which is not to tear down but to add what\'s\ ","Phoenix, AZ"
Thu May 09 10:04:18 +0000 2019,If your goal of being in #Craftbeer as a black or brown or yellow or red person or shades in between is to be the o\ ,"Phoenix, AZ"
Thu May 09 10:04:18 +0000 2019,"in reflection i should say, any black or brown folk invested in the way of craft beer becomes a mentor to his/her b\ ","Phoenix, AZ"
Thu May 09 10:04:17 +0000 2019,Last night I was invited to showcase my Spring Collection chairs (link in profile) at the annual fundraiser for the\ ,"San Antonio, TX"
Thu May 09 10:04:17 +0000 2019,  \ \ \ \ \ \ \ \ \ \ \ \ ,"Apex, NC"
Thu May 09 10:04:16 +0000 2019,"I watched your snap story 37 seconds after you posted it. I shot from half court. Talk to me'""","Morgantown, WV"
Thu May 09 10:04:16 +0000 2019,It\ only Thursday \,"Connecticut, USA"
Thu May 09 10:04:16 +0000 2019,"#PutinsGOP'""","Cleveland, OH"
Thu May 09 10:04:15 +0000 2019, yea like an old engine\,"Dunwoody, GA"
Thu May 09 10:04:15 +0000 2019,My favorite Billy Joel song on his birthday!\\nScenes from an Italian Restaurant  via ,"Indiana, USA"
Thu May 09 10:04:14 +0000 2019,  Benji this should be the case. I support. Sometimes hizi thoughts can depress. Let parents d\ ,"Durham, NH"
Thu May 09 10:04:14 +0000 2019,"current weather in Trujillo Alto: few clouds, 22\ humidity, wind 5kmh, pressure 1015mb'""","Dos Bocas, USA"
Thu May 09 10:04:13 +0000 2019,"    If I were him I wouldn\'t want to be associated with a stae like NY either.""'","Florida, USA"
Thu May 09 10:04:13 +0000 2019,Look at this\ corrupting the minds of our young men\ ,"Louisiana, USA"
Thu May 09 10:04:13 +0000 2019,"14-hours of driving, 1000 miles was worth it. I\ back #Colorado! ",Nebraska / Colorado Border
Thu May 09 10:04:12 +0000 2019,Sugar baby needed 400 $ weekly allowance #SugarBabies #sugardaddies #Sugarmummy #sugarbabylife #surpriseme #cashapp\ ,"Atlanta, GA"
Thu May 09 10:04:12 +0000 2019,"Still young, beautiful, smart and most importantly... myself \","Chicago, IL"
Thu May 09 10:04:11 +0000 2019," Your brain ignores basic biology.  #3Branches #cowfarts #fakevotesgotmein'""","Fortville, IN"
Thu May 09 10:04:11 +0000 2019,Why not work on a fix to keep Guam from tipping over...At least that\'s a goal that\'s less idiotic than impeaching T\ ,"South Carolina, USA"
Thu May 09 10:04:11 +0000 2019,"  IDK. Showers, food, medical care..... Is it not also compassion, of a kind?'""","Georgetown, NJ"
Thu May 09 10:04:11 +0000 2019,"It\ a lot of money out there go out and get some !!'""","Queens, NY"
Thu May 09 10:04:10 +0000 2019," wait why'""","Suitland, MD"
Thu May 09 10:04:10 +0000 2019,"Bitchin with ur bitch ass'""","Henderson, NV"
Thu May 09 10:04:09 +0000 2019," If that happens? To Agassi\ station to pick the winning lottery numbers'""","Florida, USA"
Thu May 09 10:04:09 +0000 2019,   Crazy Bernie needs mental evaluation!! asylum bound!\,"Mansfield, OH"
Thu May 09 10:04:09 +0000 2019,Come see our dream team in action ,"Sycaway, NY"
Thu May 09 10:04:08 +0000 2019,"gotta keep my guard up now I\ playing defense'""","Monroe, LA"
Thu May 09 10:04:08 +0000 2019,"I\ mentally drained.. already.'""","Texas, USA"
Thu May 09 10:04:07 +0000 2019,You\ never change your life until you change something you do daily. The secret of your success is ultimately fou\ ,"New Jersey, USA"
Thu May 09 10:04:06 +0000 2019,"Des Moines sure knows how to party. Had a great weekend celebrating  upcoming wedding!!'""","Cedar Rapids, IA"
Thu May 09 10:04:06 +0000 2019,"I\'m at Gold\'s Gym -  in Mission, TX ","Mission, TX"
Thu May 09 10:04:06 +0000 2019,"It is unclear how many projectiles were launched, the distance traveled or the nature of the weapon ","Flemington, NJ"
Thu May 09 10:04:05 +0000 2019,"  great thank you as I see the notification by USPS'""","Pearl City, HI"
Thu May 09 10:04:04 +0000 2019," You and me both ... COFFEE!!!'""","Ocala, FL"
Thu May 09 10:04:04 +0000 2019,"A new RRR flyer will be posted by Saturday. I hope you\'ve saved the dates, June 1st and June 2nd for an awesome exp\ ","Neptune, NJ"
Thu May 09 10:04:04 +0000 2019,"   It\ just a super-basic, no frills app, but it works for me. Good luck! (I like candy too!)'""","Washington, DC"
Thu May 09 10:04:04 +0000 2019,Oh my #Zaddie ,"Lynn, MA"
Thu May 09 10:04:03 +0000 2019,"ig i\ go to work early today .'""","Chattanooga, TN"
Thu May 09 10:04:03 +0000 2019,"Our BIGGEST CONGRATULATIONS to our newest Regional Vice Presidents - Aileen Librando & Angelli Mallen, and Alfred &\ ","Covina, CA"
Thu May 09 10:04:03 +0000 2019,    You mean the social media expert for the show WITH LOCK\ ,"Charlotte, NC"
Thu May 09 10:04:02 +0000 2019,"working (5am check-in) (at  in Woodbury, MN) ","Woodbury, MN"
Thu May 09 10:04:02 +0000 2019,"Meet the sweet, very dedicated and graceful Joumana Ibrahim ! Presenting the #danceartists and #musicians of\ ","Kendall, FL"
Thu May 09 10:04:02 +0000 2019,"Just for the record, I fucking love DMX and this song is great. I would love to see all the super offended types of\ ","El Paso, TX"
Thu May 09 10:04:02 +0000 2019,"Jesus is not a one day a week religion, He is a 24/7/365 relationship!!'""","Virginia, USA"
Thu May 09 10:04:02 +0000 2019,Kid Frost - La Raza  via  \,"East Los Angeles, CA"
Thu May 09 10:04:01 +0000 2019,"current weather in Philadelphia: overcast clouds, 55\ humidity, wind 6mph, pressure 1025mb'""","Philadelphia, PA"
Thu May 09 10:04:01 +0000 2019,Carved \ and \ into a dining table my parents hadn\ paid for ,"Nashville, TN"
Thu May 09 10:04:00 +0000 2019,A great new initiative led by anthropologists working to collate and share locally-adapted mental health tools.\ ,"Tempe, AZ"
Thu May 09 10:04:00 +0000 2019,"Happy 11th Birthday Winston!\\n\\nCliff Clavin Moment: Brought home on the eve of two elementary school projects, his n\ ",South Lawrence
Thu May 09 10:03:59 +0000 2019,Construction cleared in #SDallas on 35E SB between Beckley Ave and Clarendon #DFWTraffic ,"Dallas, TX"
Thu May 09 10:03:59 +0000 2019," Perry Berkeley-Vasque'""","Denver, CO"
Thu May 09 10:03:59 +0000 2019,LOL Little  owned again   ,"Florida, USA"
Thu May 09 10:03:59 +0000 2019," T-minus 3 hours and counting ... ..'""","Ocala, FL"
Thu May 09 10:03:59 +0000 2019,Started the day aboard the Big \ tour of the city...an eclectic mix of great history and modernity.  A genuine war\ ,"Chicago, IL"
Thu May 09 10:03:58 +0000 2019,Got done a hr early\,"Gallatin, TN"
Thu May 09 10:03:58 +0000 2019,"March, April, n Now May. #ImOut #LiveLife #AirportBirdWalk @ LaGuardia Airport ","Queens, NY"
Thu May 09 10:03:57 +0000 2019, Good Morning ,"Elizabeth City, NC"
Thu May 09 10:03:57 +0000 2019, Good morning Sunshine \,"North Little Rock, AR"
Thu May 09 10:03:57 +0000 2019," no more talk   write a bill tweet number  we call US REPS  , GOV REPS\ ","Milford, NH"
Thu May 09 10:03:57 +0000 2019,"my hand and fingers done cramped up'""","Palestine, TX"
Thu May 09 10:03:57 +0000 2019," Bye Kanye'""","Antelope, CA"
Thu May 09 10:03:56 +0000 2019," Except meeeeeeeee'""","Arizona, USA"
Thu May 09 10:03:56 +0000 2019,SUBJ IN THE STREET\\n,"Iowa City, IA"
Thu May 09 10:03:56 +0000 2019,"how do i get rid of the ugly'""","California, USA"
Thu May 09 10:03:55 +0000 2019,"    I know, right? \","Norfolk, VA"
Thu May 09 10:03:54 +0000 2019,"My favorite thing about cold mornings:\\nWaking up at 5:30am to shower \\nTurning the heat up to 68\ naked, air\ ","Lincoln Park, MI"
Thu May 09 10:03:54 +0000 2019," Surprised you waste time answering uninformed individuals like Jeff.  Thanks for the input of professional sanity.'""","San Diego, CA"
Thu May 09 10:03:54 +0000 2019,Can you just her back here already \,"Cincinnati, OH"
Thu May 09 10:03:53 +0000 2019,Up to 47% Off Manicures and Pedicures at East Town Spa ,"Milwaukee, WI"
Thu May 09 10:03:52 +0000 2019,   \\n\,"Missouri, USA"
Thu May 09 10:03:52 +0000 2019, Lmaoooo so many people that I don\ know have blocked me \,"Nashville, TN"
Thu May 09 10:03:52 +0000 2019,Bitch you better sannggg ,"Austin, TX"
Thu May 09 10:03:52 +0000 2019,It\'s raining...a lot\\n,"Chicago, IL"
Thu May 09 10:03:51 +0000 2019," Nah it\ too weird'""","New Jersey, USA"
Thu May 09 10:03:51 +0000 2019,"#ThoughtFortheDay \ \ are always forgivable, if one has the courage to admit them.\  Bruce Lee.\ ","Hoover, AL"
Thu May 09 10:03:51 +0000 2019,Hard to believe the politicians and media are biting on the big loses Trump endured decades ago. Trump\ saving his\ ,"Minnesota, USA"
Thu May 09 10:03:51 +0000 2019," I was there and that\\nplay was right in front of me! It was an in believed scens'""","Carlsbad, CA"
Thu May 09 10:03:51 +0000 2019,   Sex Maniac??? I understand when he had his hormones checked he came up in the mi\ ,"Etna, OH"
Thu May 09 10:03:50 +0000 2019,This is \ ,"Boston, MA"
Thu May 09 10:03:50 +0000 2019,Up to 60% Off Hair Services at Salon Flair ,"White Plains, NY"
Thu May 09 10:03:50 +0000 2019,   Troll de porqueria alg\ d\ sabremos quien eres cuando acabe este con\ ,"Newark, NJ"
Thu May 09 10:03:50 +0000 2019,"Just because you\ a drug dealer doesn\ mean you\ a businessman.'""","North Carolina, USA"
Thu May 09 10:03:50 +0000 2019,Biden will say anything to get votes ,"Brooklyn, NY"
Thu May 09 10:03:50 +0000 2019,Thursday is by far the worst delivery day because one foodservice providers transportation division is so erratic \,"St Louis, MO"
Thu May 09 10:03:49 +0000 2019,*and pregnant \ ,"Milwaukee, WI"
Thu May 09 10:03:49 +0000 2019,"Welp these drugs not go sell themself let me get started'""","Huber Heights, OH"
Thu May 09 10:03:48 +0000 2019,It must be said.  If you\ truly an Independent voter and you even think of voting for a democrat for president in\ ,"Colorado, USA"
Thu May 09 10:03:48 +0000 2019,Up to 77% Off Chiropractic Service at Chestnut Wellness Center ,"Missouri, USA"
Thu May 09 10:03:48 +0000 2019,What a shame! What happened to obudu or any other place within the country? It\ time to act like Tanzania no more\ ,"Washington, DC"
Thu May 09 10:03:48 +0000 2019, richard burr  Mark Warner  intelligence com    THANK U 4UR PATRIOTISM &COURAGE ON\ ,"Kendall, FL"
Thu May 09 10:03:48 +0000 2019,Up to 64% Off Hairstyle Services at Hollywood Studio Salon ,"Everett, MA"
Thu May 09 10:03:48 +0000 2019,"I\'m at Orangetheory Fitness Cumberland -  in Marietta, GA ","Georgia, USA"
Thu May 09 10:03:48 +0000 2019, May I say that it\ a might bit chilly this morning in #Assonet?  35\,"Massachusetts, USA"
Thu May 09 10:03:47 +0000 2019,"near bsgstblender: 1ff641d2-a6f5-482d-b7bc-5830d0f00449'""","Pittsburgh, PA"
Thu May 09 10:03:47 +0000 2019," The fuck were you searcging for that this popped up'""","Brooklyn, NY"
Thu May 09 10:03:45 +0000 2019,everyday ,"Farmingdale, NY"
Thu May 09 10:03:45 +0000 2019,Slide into my DM for more giving out \\n#sugarbaby #sugarbabyneededFirst ,"Atlanta, GA"
Thu May 09 10:03:45 +0000 2019,#BetweenMaybesWorldwide ,"Russia, OH"
Thu May 09 10:03:45 +0000 2019,Rise & Grind...\\n#itdontstop @ Youfit Health Clubs ,"Davie, FL"
Thu May 09 10:03:45 +0000 2019, Why not Joshua?\,"Seattle, WA"
Thu May 09 10:03:44 +0000 2019,60% Off Conditioning Hair Mask and Haircut ,"Denver, CO"
Thu May 09 10:03:44 +0000 2019,Up to 51% Off Men\'s Haircut ,"Santa Barbara, CA"
Thu May 09 10:03:43 +0000 2019,#netde ,"Middletown, DE"
Thu May 09 10:03:42 +0000 2019,Up to 51% Off Haircut and Blow-Dry ,"Los Angeles, CA"
Thu May 09 10:03:42 +0000 2019,Up to 56% Off at Joel for Hair ,"Catalina Foothills, AZ"
Thu May 09 10:03:42 +0000 2019," Oh that\'s some serious sass""'","Jersey City, NJ"
Thu May 09 10:03:42 +0000 2019,Introducing... \\n\ official line up for Saturday\ ***free*** \ SH!T\ TAURUS PARTY at\ ,"Baltimore, MD"
Thu May 09 10:03:42 +0000 2019,Happy Birthday to  DB Coach   Hoping you have a great day Mike!!\\n#OneHerd\\n#HerdFamily\ ,"Huntington, WV"
Thu May 09 10:03:41 +0000 2019,Miami...  \,Downtown Miami Brickell
Thu May 09 10:03:41 +0000 2019,"Im done and Im ready to GO!'""","Gallatin, TN"
Thu May 09 10:03:40 +0000 2019,"  We seem to have an unprecedented number of inept, unqualified elected.  Time to recall and r\ ","Temecula, CA"
Thu May 09 10:03:40 +0000 2019,Up to 53% Off Hair Treatments at Paul Mitchell Schools ,"Kentucky, USA"
Thu May 09 10:03:39 +0000 2019, Leave me alone. ,"Queens, NY"
Thu May 09 10:03:39 +0000 2019," Estou aqui sentado esperando nos 4,20'""","Jersey City, NJ"
Thu May 09 10:03:39 +0000 2019,"I want matcha latte'""","Tucson, AZ"
Thu May 09 10:03:39 +0000 2019,  I\ agree if Barr had used the Muller team\ redacted report but he didn\,"Great Neck Estates, NY"
Thu May 09 10:03:38 +0000 2019,"Cleared: Construction on #US19 Both directions at North of Wilson Av'""","Newark, NJ"
Thu May 09 10:03:38 +0000 2019,Updated: Incident on #I295 NB at South of Exit 26S - NJ 42/I-76/I-676 ,"Bellmawr, NJ"
Thu May 09 10:03:38 +0000 2019, I\'m pretty sure I did. \,"College Park, GA"
Thu May 09 10:03:38 +0000 2019,"Cleared: Construction on #NJ31 Both directions from CR 546/Washington Crossing Pennington Rd to CR 579/Harbourton Rd'""","Lawrenceville, NJ"
Thu May 09 10:03:38 +0000 2019,09 May 2019 #daily #PostIt #sketch #sketchbook #drawing #draw #illustration #graphite #pencil #artoftheday\ ,"South Portland, ME"
Thu May 09 10:03:38 +0000 2019,"Show Mom she\'s special!\\n20% OFF ALL INVENTORY!\\nALL MONTH!\\nMother\'s Day is THIS SUNDAY, MAY 12th!\\n#shopformom\ ","South Carolina, USA"
Thu May 09 10:03:38 +0000 2019,"Cleared: Construction on #US19TonnelleAvenue Both directions from North of NJ 495/NJ 3 to North of 44th St'""","North Bergen, NJ"
Thu May 09 10:03:37 +0000 2019,"Cleared: Construction on #NJ20 NB at Fairlawn Av Bridge'""","Paterson, NJ"
Thu May 09 10:03:37 +0000 2019," Because they\ grape jelly'""","Manhattan, NY"
Thu May 09 10:03:37 +0000 2019,"current weather in Pennsauken: overcast clouds, 55\ humidity, wind 6mph, pressure 1025mb'""","Pennsauken, NJ"
Thu May 09 10:03:36 +0000 2019,Five Top Tips on Dating Someone Bisexual  ,"Manhattan, NY"
Thu May 09 10:03:36 +0000 2019,"Acho que farei as pazes com o mirto'""","Daly City, CA"
Thu May 09 10:03:36 +0000 2019,Good morning\,"Tampa, FL"
Thu May 09 10:03:36 +0000 2019,"I know this fasted cardio is about to be hell because I woke up starving'""","Atlanta, GA"
Thu May 09 10:03:35 +0000 2019,"3:03 type of drama'""","Paradise, NV"
Thu May 09 10:03:34 +0000 2019, Check this out. ,"Genoa, IL"
Thu May 09 10:03:34 +0000 2019,"'\ do I go, - where do I go\ the storms of life are threatening\ do I turn to when those winds of s\ ","Little Rock, AR"
Thu May 09 10:03:34 +0000 2019,  True! I wasn\ born and raised there but I did live there and have lived all over the U\ ,"Hope Mills, NC"
Thu May 09 10:03:33 +0000 2019," so I have to ask you - what is your take on Cardi B drugging and essentially raping and robbing men? She gets a free pass?'""","Pennsylvania, USA"
Thu May 09 10:20:03 +0000 2019,"#USGS08019000 - Lake Fk Ck nr Quitman, TX\\nHeight: 18.85ft \ (16ft)\\nFlow: 8040cfs\\n","Texas, USA"
Thu May 09 10:20:03 +0000 2019, can we move on from the warriors and start talking about the #Bucks total domination over the\ ,"Orrville, OH"
Thu May 09 10:20:03 +0000 2019,"#USGS08018500 - Sabine Rv nr Mineola, TX\\nHeight: 18.56ft \ (14ft)\\nFlow: 10700cfs\\n","Texas, USA"
Thu May 09 10:20:03 +0000 2019,   What a total disgrace \,"Florida, USA"
Thu May 09 10:20:03 +0000 2019,Mainstream Concerns about an Economic Slowdown Revisited  ,"Los Angeles, CA"
Thu May 09 10:20:03 +0000 2019,"#USGS07346070 - Little Cypress Bayou nr Jefferson, TX\\nHeight: 13.85ft \ (13ft)\\nFlow: 6060cfs\\n","Texas, USA"
Thu May 09 10:20:02 +0000 2019," Is it not tho?'""","Manhattan, NY"
Thu May 09 10:20:02 +0000 2019,"God is great'""","Shreveport, LA"
Thu May 09 10:20:02 +0000 2019,New Men / Women Shoes Lac-up Breathable Sneakers\\n$39.99 + FREE SHIPPING WORLDWIDE\\nUS MART NEW YORK\ ,"New York, USA"
Thu May 09 10:20:02 +0000 2019,"#USGS07344500 - Big Cypress Ck nr Pittsburg, TX\\nHeight: 18.63ft \ (15ft)\\nFlow: 14200cfs\\n","Texas, USA"
Thu May 09 10:20:02 +0000 2019,"#USGS07342500 - S Sulphur Rv nr Cooper, TX\\nHeight: 18.36ft \ (16ft)\\nFlow: 2990cfs\\n","Texas, USA"
Thu May 09 10:20:01 +0000 2019,#Truth ,"Painesville, OH"
Thu May 09 10:20:00 +0000 2019,do you guys see how fUCKING BEAUTIFUL THIS SHIT IS. LOOK AT IT. LOOK AT THE ROCK YOU LIVE ON. LOOK AT WHAT CAN POTE\ ,"Texas, USA"
Thu May 09 10:19:59 +0000 2019,What!? Okay this is absurd! ,"Houston, TX"
Thu May 09 10:19:59 +0000 2019," \ shit'""","Chicago, IL"
Thu May 09 10:19:58 +0000 2019,  I got this ,"Gold Hill, OR"
Thu May 09 10:19:58 +0000 2019, They liked it!!! Great feeling! Same feeling I am sure. When you want to learn something and their is pu\ ,"Boston, MA"
Thu May 09 10:19:57 +0000 2019,"I can\ get out of bed today\ so tired everything hurts'""","Hartford, CT"
Thu May 09 10:19:57 +0000 2019,"Guys that carry a guitar around only to play campfire chords have mild energy'""","Iowa City, IA"
Thu May 09 10:19:57 +0000 2019,"Goal for today: to not get a headache so I can go to the gym'""","Dale City, VA"
Thu May 09 10:19:57 +0000 2019,I\ working 7-6 and babysitting right afterwards & i\ been up since 4am \,"Westfield, MA"
Thu May 09 10:19:56 +0000 2019,"    Her and her boss'""","Staten Island, NY"
Thu May 09 10:19:56 +0000 2019," finally the news after 18 effing minutes'""","Connecticut, USA"
Thu May 09 10:19:56 +0000 2019,"     Appreciate your honesty'""","Atlanta, GA"
Thu May 09 10:19:56 +0000 2019,Now that looks like fun. ,"Carlisle, PA"
Thu May 09 10:19:55 +0000 2019, Happy Thursday Viktoria! May it be as awesome & beautiful as you are my friend. \ ,"Raleigh, NC"
Thu May 09 10:19:55 +0000 2019,"I love getting blocked for literally no reason whatsoever'""","North Carolina, USA"
Thu May 09 10:19:55 +0000 2019,#sky #high to #jesuschristislord be the #glory for being able to do what I love and make a living out of doing so.\ ,"Orlando, FL"
Thu May 09 10:19:55 +0000 2019,       Trump hid the fact that he\ ,"El Dorado Hills, CA"
Thu May 09 10:19:54 +0000 2019," Absolute monster of a locomotive'""","Boston, MA"
Thu May 09 10:19:54 +0000 2019,Riding bliss.... @ North Park ,"McCandless, PA"
Thu May 09 10:19:54 +0000 2019," A 13-year-old Albuquerque boy was thrown in a  for profit, private juvenile prison by a campus cop fo\ ","Georgia, USA"
Thu May 09 10:19:54 +0000 2019,Is It Crack?.. You Smoking Crack?.. It Must Be Crack!..\\n\\nTF ASAP Look Waaaay Better Than Travis Scott ,"East Point, GA"
Thu May 09 10:19:53 +0000 2019," Yay'""","Ohio, USA"
Thu May 09 10:19:52 +0000 2019,"TEST_GEO_Hierarchy: dc69827c-b64e-44d3-b2d7-b073f0d291cb'""","California, USA"
Thu May 09 10:19:52 +0000 2019,"TEST_GEO_Hierarchy: f117e8c2-86ff-4e2f-ace8-dfb4c133b574'""","Los Angeles, CA"
Thu May 09 10:19:52 +0000 2019,"Goodbye, cargo ship \ K. INOUYE! Have a great time in Long Beach!'""","San Francisco, CA"
Thu May 09 10:19:52 +0000 2019,"We love our teachers and appreciate all the lessons, both academic and social, that they teach our students! ","Fayetteville, NC"
Thu May 09 10:19:52 +0000 2019," Y\ do a lot of complaining and have so many suggestions, what have YOU done to help or advance ppl? H\ ","Boston, MA"
Thu May 09 10:19:52 +0000 2019,Anything you want to be successful in has a hustle. It\'s a matter of picking the ones you can tolerate or even enjo\ ,"Philadelphia, PA"
Thu May 09 10:19:52 +0000 2019,  AMEN ,"Kerrville, TX"
Thu May 09 10:19:51 +0000 2019,Yes sure \ ,"Virginia, USA"
Thu May 09 10:19:50 +0000 2019,"Some people need night jobs evil mfers #airport'""","Kansas City, MO"
Thu May 09 10:19:50 +0000 2019,RT  School district shut down restaurant owner\'s offer to pay students\' lunch debt  ,"Wadhams, MI"
Thu May 09 10:19:50 +0000 2019," Lol. I just caught myself saying it the other day.  My grandmother said these things and so did my mother. Miss them both.'""","Dallas, TX"
Thu May 09 10:19:49 +0000 2019,"Alexa, bring me my coffee.  Please???\\n\\n#maybetomorrow'""","Forest Acres, SC"
Thu May 09 10:19:49 +0000 2019,Early morning workouts are truly made better by 90s hip hop. \,"Salem Heights, OH"
Thu May 09 10:19:49 +0000 2019,"This lil boy don\ wanna wake up'""","Tracy, CA"
Thu May 09 10:19:48 +0000 2019, Here is my take Liverpool didnt deserve the Salah injury and that goal keeper blunders last year an\ ,"Georgia, USA"
Thu May 09 10:19:48 +0000 2019,I\ so ready for Monday so I can be out \,"Cleveland, OH"
Thu May 09 10:19:48 +0000 2019,"#goodmorning #ohio #sunrise #morningsky @ West Chester Township, Butler County, Ohio ","West Chester, OH"
Thu May 09 10:19:48 +0000 2019,"@ Viya Condominiums staying at #Comey Condominiums keeping an eye \ on the property for him in his unit 204, everyo\ ",The Viya
Thu May 09 10:19:47 +0000 2019,"I just wanna live in a little treehouse cabin with bailey and a few dogs is that so wrong'""","Louisville, KY"
Thu May 09 10:19:47 +0000 2019,Kumiko  #contemporaryart #artists #showyourwork #abstractart #mixedmedia #artoftheday #digitalart\ ,"Levittown, PA"
Thu May 09 10:19:47 +0000 2019,Lmfaooooooo ,"Paradise, NV"
Thu May 09 10:19:47 +0000 2019, Son serviles al poder de turno \ son los hechos \,"Manhattan, NY"
Thu May 09 10:19:46 +0000 2019,Thought of the day...\\n.\\n #ape_xnation #fashion #branding #clothingbrand #beastmode #bodybuilding #crossfit #mma\ ,"Florida, USA"
Thu May 09 10:19:46 +0000 2019,  It is almost like a defense mechanism ... and I have heard every single one of my midd\ ,"Auburndale, FL"
Thu May 09 10:19:46 +0000 2019,When boys pick my brain about law school and share their aspirations with me >>> \,"Abilene, TX"
Thu May 09 10:19:45 +0000 2019,Rectangle. None debatable ,"Shreveport, LA"
Thu May 09 10:19:45 +0000 2019,  NYS Governor bans gas pipeline construction prevents gas Co.\'s from having the gas supply\ ,"Lake Barcroft, VA"
Thu May 09 10:19:45 +0000 2019,"Blessed to see another day'""","Decatur, GA"
Thu May 09 10:19:44 +0000 2019,in my friend group i\ definitely the \ friend\ \,"Connecticut, USA"
Thu May 09 10:19:44 +0000 2019,The words I want to say\\nDon\ come. \\nI stand bewildered \\nWith myself-\\nin this strange space of shocked silence.\\nAnd\ ,"St Louis, MO"
Thu May 09 10:19:43 +0000 2019,AMEN  ,"Kerrville, TX"
Thu May 09 10:19:43 +0000 2019,"After a much needed rest day, totally crushed my upper body/HIIT combo platter workout. #IGotBetter #WhatSaysYou\ ",Wildwood
Thu May 09 10:19:43 +0000 2019,Creation of \ stable and easily accessible systems for submission of reports\ lays a foundation for a bureau\ ,"Chicago, IL"
Thu May 09 10:19:42 +0000 2019, Sussss\,"College Park, GA"
Thu May 09 10:19:42 +0000 2019," Clean up, I\ coming home'""","Washington, DC"
Thu May 09 10:19:41 +0000 2019,Wym it\ my shit ! ,"Vineyard Haven, MA"
Thu May 09 10:19:40 +0000 2019," Good morning'""","Garner, NC"
Thu May 09 10:19:40 +0000 2019,"near bsgstblender: a0189e17-0f7d-40eb-ae07-d7c0d4055222'""","Pittsburgh, PA"
Thu May 09 10:19:39 +0000 2019,"I need meek to drop another one. Championships was a great album but it\ just not the one. I need a DC5 or something.'""","Paulsboro, NJ"
Thu May 09 10:19:38 +0000 2019,"Fascists being fascists, Floridians being Floridians ","Brooklyn, NY"
Thu May 09 10:19:38 +0000 2019,have yo own kids then tf. ,"Virginia Beach, VA"
Thu May 09 10:19:38 +0000 2019,"Good Morning, another great day in Myrtle Beach! #Thursday #MyrtleBeach  ","Myrtle Beach, SC"
Thu May 09 10:19:38 +0000 2019,"Discipline..... cause whew.'""","Oak Park, MI"
Thu May 09 10:19:38 +0000 2019, Thank you for RTing  \,"Charlotte, NC"
Thu May 09 10:19:38 +0000 2019,Thursday workout ,Planet Fitness
Thu May 09 10:19:38 +0000 2019, What is this if not politics Madam Speaker. What about the already very real disaster we have at the\ ,"Texas, USA"
Thu May 09 10:19:38 +0000 2019,"Continuously affirm this 2 yurself, if my income exceeds my outflow...yuu\'ll achieve all yur expectations. Tip 4 2-day!""'","New Orleans, LA"
Thu May 09 10:19:37 +0000 2019,Such an important conversation #lgbt #lgbtq ,"Montclair, NJ"
Thu May 09 10:19:37 +0000 2019,"    and  make a great combo. #ShineTheLight'""","Plainfield, NJ"
Thu May 09 10:19:37 +0000 2019, let\ collab. #SerialEntrepreneur.  ,"Glendale Heights, IL"
Thu May 09 10:19:36 +0000 2019,"My oldest, may all your wishes come true. Lord whatever you do, PLEASE protect his heart \ ","Worthington, OH"
Thu May 09 10:19:36 +0000 2019,Heyyyy \  ,"Maryland, USA"
Thu May 09 10:19:36 +0000 2019,"14'""","Bladensburg, MD"
Thu May 09 10:19:35 +0000 2019," You\ love Oxford'""","Natick, MA"
Thu May 09 10:19:35 +0000 2019," Girl.......'""","Severn, MD"
Thu May 09 10:19:35 +0000 2019,Rainy day vibes to start out your Thursday. (Sound on for soothing sounds \ \ ,"Milwaukee, WI"
Thu May 09 10:19:34 +0000 2019,Good morning Corpus Christi! We are live this morning with  here at  to talk Tails an\ ,"Corpus Christi, TX"
Thu May 09 10:19:34 +0000 2019," Wow! Good for you, Edgar!!!'""","Vermilion, OH"
Thu May 09 10:19:33 +0000 2019,#MorningRushATL ,"Georgia, USA"
Thu May 09 10:19:33 +0000 2019,"Accident, left lane blocked in #Bklyn:OnTheGowanusExpwy on I-278 EB after 38th St, stop and go traffic back to 92nd St, delay of 11 mins'""","Brooklyn, NY"
Thu May 09 10:19:33 +0000 2019,"the amount of pressure I have in my face right now............dkakclaknskaoc I HATE ALLERGY SEASON.'""","North Versailles, PA"
Thu May 09 10:19:32 +0000 2019," 15 pax for a bunch of stuff Roommate just randomly picked with no thought of a theme.'""","Irmo, SC"
Thu May 09 10:19:32 +0000 2019,Gd Morning Children of the Most High God! Its Thankful Thursday! ,"Pleasantville, NJ"
Thu May 09 10:19:31 +0000 2019,Who is preparing the Ghetto Kid for this industry??? \ ,"Baltimore, MD"
Thu May 09 10:19:31 +0000 2019,"I\ up & at it early like a rooster..'""","South Carolina, USA"
Thu May 09 10:19:31 +0000 2019,Explains a lot ,"Hallandale Beach, FL"
Thu May 09 10:19:31 +0000 2019,"RT  Website for electric car manufacturer crashes after Trump tweet   #morningjoe'""","Wadhams, MI"
Thu May 09 10:19:30 +0000 2019,Happy Mother\ Day early when someone is too excited to wait! Love my kids artwork! Thank you Micaela _dancehairand\ ,"Thorofare, NJ"
Thu May 09 10:19:30 +0000 2019,"Seun should not be played with.'""","Washington, DC"
Thu May 09 10:19:30 +0000 2019,"  Great, thank you!'""","Miami Shores, FL"
Thu May 09 10:19:30 +0000 2019,"  Thankfully I am one of the women that didn\ have an abortion before 45. It\ all me,\ ","Pennsylvania, USA"
Thu May 09 10:19:29 +0000 2019,Some Things Never Change? ,"Maryville, TN"
Thu May 09 10:19:29 +0000 2019,"Superior: 367 running, 2811 waiting and 0 new simulations; 42% ","Houghton, MI"
Thu May 09 10:19:29 +0000 2019," Thanks dear'""","Reston, VA"
Thu May 09 10:19:29 +0000 2019,My son\ public school has free lunch and breakfast for everyone and it\ a great relief. \\n\\nAlso in my view a good\ ,"Washington, DC"
Thu May 09 10:19:28 +0000 2019,"Ran with a new group this morning and after 10+ years of almost weekly travel, I finally met someone who went to In\ ","Viera West, FL"
Thu May 09 10:19:28 +0000 2019,Incident on #LLine WB at Bedford Avenue Station ,"Manhattan, NY"
Thu May 09 10:19:28 +0000 2019,Incident on #NewJerseyTurnpike NB at Interchange 16W - NJ 3 ,"East Rutherford, NJ"
Thu May 09 10:19:27 +0000 2019,"Damn'""","Las Vegas, NV"
Thu May 09 10:19:27 +0000 2019,Can\'t wait for all the fun events I\'ll be able to tag along to this summer \,"Newport, VT"
Thu May 09 10:19:27 +0000 2019,"First time we got to celebrate a birthday together since high school (circa 2013) Happy Birthday, Marisa! \ @ Bre\ ","Mars, PA"
Thu May 09 10:19:26 +0000 2019," I\'m entered and hoping to win this one!""'","Ohio, USA"
Thu May 09 10:19:26 +0000 2019,Everything  does is Legacy material. Most presidents worry about protecting their Legacies because they never\ ,"Louisville, KY"
Thu May 09 10:19:25 +0000 2019," You having a baby ?'""","Enterprise, NV"
Thu May 09 10:19:25 +0000 2019,"What does she do\\nWhen she\'s raped by a cop?""'","Chico, CA"
Thu May 09 10:19:25 +0000 2019,"  #FOH !! You need a light, use your phone! \ \","Brooklyn, NY"
Thu May 09 10:19:24 +0000 2019,"If you\'re looking for work in #Omaha, NE, check out this job:  #SupplyChain""'","Omaha, NE"
Thu May 09 10:19:24 +0000 2019,#cloudme ,"Utah, USA"
Thu May 09 10:19:24 +0000 2019,Have the courage to follow your heart and intuition -\\nthey somehow already know what you truly want to become.\\n- St\ ,"Evansville, IN"
Thu May 09 10:19:23 +0000 2019,  That way if you decided you wanted to play Cass tech university you could without having\ ,"Orion, MI"
Thu May 09 10:19:23 +0000 2019,"  When we stayed in Avon on the inlet side, then went down to Hatteras for a day. We didn\ ","Greensboro, NC"
Thu May 09 10:19:22 +0000 2019,Yep! ,"Durham, NC"
Thu May 09 10:19:22 +0000 2019,"This is what I hate about night shift!! I worked 4 12s in a row 7p-7a my first day off and what am I doing? Eating cereal at 3 am!!!!!'""","Ventura, CA"
Thu May 09 10:19:21 +0000 2019,"Go loko!'""","Macedonia, OH"
Thu May 09 10:19:21 +0000 2019,  Yep. That\'s why I became a principal. I wanted to ensure that those good practices wer\ ,"North Carolina, USA"
Thu May 09 10:19:20 +0000 2019,"Last week, I had the pleasure of participating in Plaza\ \ the Map\ assembly, which helped students get pumped\ ","Platte City, MO"
Thu May 09 10:19:20 +0000 2019,"3.8 miles, 555\' of gain. Hampton Hill x 10. This hill is .05 mile up and .05 down, so it\'s more about speeding up i\ ","South Carolina, USA"
Thu May 09 10:19:19 +0000 2019,Ed here President trump you have 2 years left in first term.don\'t let dems nutty these years by flooding media with\ ,"South Blooming Grove, NY"
Thu May 09 10:19:19 +0000 2019,"  \ don\ sweat you\ paulievteferring to apollo'""","Ironton, OH"
Thu May 09 10:19:19 +0000 2019," Thanks brother!'""","Elsmere, KY"
Thu May 09 10:19:19 +0000 2019,"Lecci\ de garra, lecci\ de humildad... ","Pembroke Pines, FL"
Thu May 09 10:19:18 +0000 2019,      Thats what liberals think when they c\ ,"Bayshore Gardens, FL"
Thu May 09 10:19:18 +0000 2019," you\ *'""","Houston, TX"
Thu May 09 10:19:17 +0000 2019," So, thoughts on solutions?'""","Austin, TX"
Thu May 09 10:19:17 +0000 2019," Peace Man'""","Florida, USA"
Thu May 09 10:19:16 +0000 2019,Going in with Hustle2profit\ G Day\ ,"Baltimore, MD"
Thu May 09 10:19:16 +0000 2019,  Of course they are. Wait and see if  LOSES IN 2020. We will see crazy people comin\ ,"Georgia, USA"
Thu May 09 10:19:16 +0000 2019," Hi Ben,I hope to, God willing. Thank you for sending me off with your prayers of love & encouragement. I\'m\ ","Queens, NY"
Thu May 09 10:19:16 +0000 2019, I\ take good care of you Boo \,"Philadelphia, PA"
Thu May 09 10:19:16 +0000 2019,So ..... up until now it\ been .... what ,"Washington, DC"
Thu May 09 10:19:14 +0000 2019,"Thank God for a new day.'""","West Palm Beach, FL"
Thu May 09 10:19:14 +0000 2019,"Daily.'""","Brooklyn, NY"
Thu May 09 10:19:14 +0000 2019,Let\ go ! ,"Gahanna, OH"
Thu May 09 10:19:13 +0000 2019,"Couple days late, but a busy month ahead with some incredible shows to catch if you\ around! Come shake your butt\ ","Costa Mesa, CA"
Thu May 09 10:19:13 +0000 2019,"Practice that creates progress is extremely meaningful!'""","Houston, TX"
Thu May 09 10:19:12 +0000 2019,"The Cherokee Staff go above and beyond every single day for our Cheetahs.  They listen, love and  care for our kids\ ",Cherokee Elementary
Thu May 09 10:19:12 +0000 2019,"They cared more about instant profit and busting the union. They don\ focus on what every Company grown CEO knew,\ ","Snohomish, WA"
Thu May 09 10:19:11 +0000 2019,Big Mood ,"Houston, TX"
Thu May 09 10:19:11 +0000 2019," And the memo about the overgrown pubic hair on your melon???'""","Middletown, RI"
Thu May 09 10:19:10 +0000 2019,#SnapForAndroid\\nSpotted downtown NYC ,"New York, NY"
Thu May 09 10:19:09 +0000 2019,"   \ me too!'""","San Marcos, TX"
Thu May 09 10:19:09 +0000 2019,"   It\ fucking horrible'""","Enterprise, NV"
Thu May 09 10:19:07 +0000 2019,The illegitimate president ,"Nashville, TN"
Thu May 09 10:19:07 +0000 2019,We are providing a complete solution for #arlosupport and also for any technical issues regarding that. Call us at\ ,"Florida, USA"
Thu May 09 10:19:07 +0000 2019,"  Yes you can. It\ Phyllis StJohn. Thanks!!'""","Glens Falls, NY"
Thu May 09 10:19:07 +0000 2019,"  Thank you.'""","Elsmere, KY"
Thu May 09 10:19:07 +0000 2019,Rock station 95.5 WPLJ will end nearly 50 years of broadcasting on May 31 ,"Paradise, NV"
Thu May 09 10:19:06 +0000 2019," Do I say it... imma gunna say it. LEAD BY A GREEK TOO! #GoBucks'""","North Canton, OH"
Thu May 09 10:19:05 +0000 2019,"goosebumps'""","Santa Cruz, CA"
Thu May 09 10:19:05 +0000 2019,So damn true \ ,"Los Angeles, CA"
Thu May 09 10:19:04 +0000 2019,"Mann I\ tired of this shit'""","Clarksville, TN"
Thu May 09 10:19:04 +0000 2019,"Whenever you see someone in need of help please help them'""","Bakersfield, CA"
Thu May 09 10:19:04 +0000 2019," It would be cute without the stripes! The shorts are fine.'""","Manhattan, NY"
Thu May 09 10:19:04 +0000 2019,"Trump wanted to be sure that Putin wasn\ upset over the Mueller report. For Trump, who always seems to come ahead\ ","The Meadows, FL"
Thu May 09 10:19:04 +0000 2019,Just posted a photo @ White Flower ,"Chicago, IL"
Thu May 09 10:19:04 +0000 2019," Woody just said the same thing'""","West Reading, PA"
Thu May 09 10:19:03 +0000 2019," #Bardi'""","Queens, NY"
Thu May 09 10:19:02 +0000 2019,"Aztec clay masks with honey, ACV, and tea tree oil are more than a blessing.'""","New Orleans, LA"
Thu May 09 10:19:02 +0000 2019,REQUESTING CITY RESPOND\\n,"Iowa City, IA"
Thu May 09 10:19:02 +0000 2019," So too exhausted people in bed? I\'m down for a few kisses, then fuck...it we\'re tired.""'","Avon, OH"
Thu May 09 10:19:02 +0000 2019, 2\,"Torrance, CA"
Thu May 09 10:19:02 +0000 2019,"ur makin me blu, cause u do what u do  <3'""","Manhattan, NY"
Thu May 09 10:19:01 +0000 2019," The link takes you to a CSU login \ would love to read it!'""","Buffalo, NY"
Thu May 09 10:19:01 +0000 2019,Police activity. right lane blocked in #I70 on I-70 EB at St Louis Ave #STLtraffic ,"St Louis, MO"
Thu May 09 10:19:00 +0000 2019,This is a hero. ,"Manhattan, NY"
Thu May 09 10:19:00 +0000 2019,Hillcrest students have had fun touring the 3rd grade model of the Tabernacle!   ,Parish Episcopal School - Hillcrest
Thu May 09 10:18:58 +0000 2019,"Just posted a photo @ Middleboro, Massachusetts ","Middleborough Center, MA"
Thu May 09 10:18:58 +0000 2019," Lol'""","Landover, MD"
Thu May 09 10:18:58 +0000 2019,  Congratulations \ ,"Winston-Salem, NC"
Thu May 09 10:18:57 +0000 2019,Good morning. \,"Augusta, GA"
Thu May 09 10:18:57 +0000 2019,It was chaos. It was great. I hated it. I loved it. It was all the things. Great work  ,"Lexington, SC"
Thu May 09 10:18:57 +0000 2019,"Sem surpresas, dormi a primeira hora toda do filme, mas do meio pra frente depois que eu acordei foi divertido at\ ","San Jose, CA"
Thu May 09 10:18:57 +0000 2019,Poor #Alessandro\ - it\'s moulting season! (See the 2nd photo to read how penguins act during the moult; it\'s no fun\ ,"Enola, PA"
Thu May 09 10:18:57 +0000 2019,When is Rep Nadler going to be brought to justice along with Pelosi Shiff Stalwart etc etc for slander & abuse?\ ,"Seabreeze, FL"
Thu May 09 10:18:57 +0000 2019,"What a blessing to have 2 beautiful children that need me forever.'""","Omaha, NE"
Thu May 09 10:18:57 +0000 2019,Amen!! ,"Pueblo Viejo, Puerto Rico"
Thu May 09 10:18:56 +0000 2019,"Akron: 6:14am: sunrise\\nsunset will be at 8:30pm'""","Akron, OH"
Thu May 09 10:18:55 +0000 2019," First of all the meals are not hot. Second of all that\'s sick.""'","Holly Hill, FL"
Thu May 09 10:18:55 +0000 2019,What a fabulous senior awards ceremony for our #NUPride students! Our students are blessed with unbelievable suppor\ ,"Ohio, USA"
Thu May 09 10:18:54 +0000 2019," Please let Daryl Houston know I\ dunking on him.'""","Pennsylvania, USA"
Thu May 09 10:18:54 +0000 2019,Who said you only have to stand out for one reason? Make your mark in any way that counts! \\n.\\n.\\n.\\n.\\n.\\n.\\n.\\n.\\n.\\n.\\n.\\n.\ ,"Vermont, USA"
Thu May 09 10:18:54 +0000 2019,"3:18 am, time for more pain meds.\ #Stupiddrunkdriver'""","Fullerton, CA"
Thu May 09 10:18:54 +0000 2019,Guess what I\'ll be doing on my lunch hour?!\ ,"Brooklyn, NY"
Thu May 09 10:18:53 +0000 2019,I woke up feeling like hell!!!! ,"Delaware, USA"
Thu May 09 10:18:53 +0000 2019,Coinciding with the nuclear deal demands lol. Cool. ,"Boston, MA"
Thu May 09 10:18:52 +0000 2019,It\ the last 6:00 am catering call for this school year!!! #readyforsummer @ J. P. Taravella High School ,"Coral Springs, FL"
Thu May 09 10:18:52 +0000 2019," LOL, you all use the phrase that one of you make, can\'t you think for your selves any more. One libera\ ","Cheektowaga, NY"
Thu May 09 10:18:52 +0000 2019," Sksksksksksk'""","Iowa City, IA"
Thu May 09 10:18:52 +0000 2019,I believe this. My mom is and some of sisters and family were proof. ,"Columbus, OH"
Thu May 09 10:18:52 +0000 2019,It\ true I wake up happy every day when I remember  is President. \\n\\nThen I get downright giddy whe\ ,"Washington, DC"
Thu May 09 10:18:51 +0000 2019,"Rise & Grind'""","Atlanta, GA"
Thu May 09 10:18:51 +0000 2019,I don\ feel like going to work \,"Washington, DC"
Thu May 09 10:18:51 +0000 2019,"Good morning .'""","West Palm Beach, FL"
Thu May 09 10:18:51 +0000 2019,"there are two answers here: Justin Blackmon, or an incorrect response ","Florida, USA"
Thu May 09 10:18:51 +0000 2019,"Great Morning'""","Greensboro, NC"
Thu May 09 10:18:50 +0000 2019,My favorite teacher was R.E. LaVoie at CHHSE. He was a great mentor and genuinely cared about his students. We used\ ,"Barrington, NJ"
Thu May 09 10:18:50 +0000 2019, feliz cumplea\ hermana\,"Honolulu, HI"
Thu May 09 10:18:50 +0000 2019," Let\ go skydiving'""","Lauderdale Lakes, FL"
Thu May 09 10:18:50 +0000 2019,  Got caught stealing an extra chicken patty at lunch in 5th grade. Lunch lady let me eat\ ,"Morrisville, PA"
Thu May 09 10:18:49 +0000 2019,Just had the best breakfast at IHOP. Was SO GOOD! Thanks. ,"Austin, TX"
Thu May 09 10:18:49 +0000 2019, Let me get me some of this to compliment my Fenty \,"Gainesville, FL"
Thu May 09 10:18:49 +0000 2019,How to Make Greek Moussaka  via ,"Raleigh, NC"
Thu May 09 10:18:49 +0000 2019,"Good morning and I Thank You Lord'""","Missouri, USA"
Thu May 09 10:18:48 +0000 2019,"6:14am: sunrise\\nsunset will be at 8:30pm'""","Akron, OH"
Thu May 09 10:18:48 +0000 2019,"My senior technical writing contract at the Kennedy Space Center is ending at the end of the month, and I am seekin\ ","Rockledge, FL"
Thu May 09 10:18:48 +0000 2019,   is hosting Town halls with Presidential candidates.  &  have James Comey \,"Bayou Cane, LA"
Thu May 09 10:18:47 +0000 2019,Hello Sweethearts \ ,Belle Isle
Thu May 09 10:18:47 +0000 2019,"near bsgstblender: 81282db3-2529-45ff-99b5-d7e4b2b01de8'""","Pittsburgh, PA"
Thu May 09 10:18:46 +0000 2019," Following back ;)'""","Manhattan, NY"
Thu May 09 10:18:46 +0000 2019,"  Proof?'""","New Fairfield, CT"
Thu May 09 10:18:46 +0000 2019,When Graham understood the Rule of Law and believed in his Oath of Office.  ,"Ashland, MA"
Thu May 09 10:18:45 +0000 2019," It\ not just Sky'""","Boston, MA"
Thu May 09 10:18:45 +0000 2019,"Jawn: thing, object, person, place. ","Pennsylvania, USA"
Thu May 09 10:18:45 +0000 2019,"  Loved it!'""","Arnold, MO"
Thu May 09 10:18:45 +0000 2019,   That bag looks like scrotal edema \,"Boston, MA"
Thu May 09 10:18:44 +0000 2019,Hey Twitterverse I\ The MC for this event if you can sing come get this money! ,"Jackson, MS"
Thu May 09 10:18:43 +0000 2019,ME ,"San Jose, CA"
Thu May 09 10:18:42 +0000 2019," God Bless the Shuhs. There is strength in numbers.'""","Michigan, USA"
Thu May 09 10:18:42 +0000 2019,"'""Now this is not the end. It is not even the beginning of the end. But it is, perhaps, the end of the beginning.""\\n\\n- Winston Churchill\''","Kentucky, USA"
Thu May 09 10:18:42 +0000 2019,"The fear of the Lord is the beginning of wisdom, and knowledge of the Holy One is understanding.\\nProverbs 9:10'""","Fort Walton Beach, FL"
Thu May 09 10:18:42 +0000 2019,"  Yes he did'""","Manhattan, NY"
Thu May 09 10:18:41 +0000 2019, Too bad  won\'t rebuild the storm damage there either. America is weaker now than a\ ,"Tysons Corner, VA"
Thu May 09 10:18:41 +0000 2019," Thanks Mike!'""","New York, USA"
Thu May 09 10:18:41 +0000 2019," what dribble.'""","Connecticut, USA"
Thu May 09 10:18:40 +0000 2019,Up to 52% Off Blow Out at Dry and Fly Blow Dry Bar ,"Milwaukee, WI"
Thu May 09 10:18:40 +0000 2019, Yes they are Isobel! \,"Raleigh, NC"
Thu May 09 10:18:40 +0000 2019,"current weather in Mount Lebanon: broken clouds, 61\ humidity, wind 9mph, pressure 1017mb'""","Mount Lebanon, PA"
Thu May 09 10:18:40 +0000 2019,Night ,"East Palo Alto, CA"
Thu May 09 10:18:40 +0000 2019,"Good morning Savannah'""","Port Wentworth, GA"
Thu May 09 10:18:40 +0000 2019,"   Avoiding self-righteousness doesn\'t mean we never correct error.\\n\\nIt means we do so in love.""'","Comstock Northwest, MI"
Thu May 09 10:18:40 +0000 2019,Heading to Port Clinton today for #indemandjobs week event!  Hope the \ holds off for this exciting event! \,"Ohio, USA"
Thu May 09 10:18:39 +0000 2019,"Help'""","Stillwater, OK"
Thu May 09 10:18:39 +0000 2019,They goin to jail ,"Severn, MD"
Thu May 09 10:18:38 +0000 2019,       I\'m not arguing which decisi\ ,"North Carolina, USA"
Thu May 09 10:18:38 +0000 2019," Lmaooo'""","Chicago, IL"
Thu May 09 10:18:38 +0000 2019,Up to 45% Off Essential Oil of Springfield ,"Missouri, USA"
Thu May 09 10:18:38 +0000 2019,Up to 31% Off Admission to Lost River Gorge & Boulder Caves ,"New Hampshire, USA"
Thu May 09 10:18:37 +0000 2019,"Miami I\ on the wayyyyyy'""","Paradise, NV"
Thu May 09 10:18:36 +0000 2019,"    no idea'""","Winchester, NV"
Thu May 09 10:18:35 +0000 2019,"You want ice cream, today or an ice cream store tomorrow.  Think long term, because the short time, is a planet wit\ ","Rocky Mount, NC"
Thu May 09 10:18:35 +0000 2019," thank you and good moring arun  are you long the name my friend ?'""","Brooklyn, NY"
Thu May 09 10:18:35 +0000 2019,"Up to 63% Off Haircut, Shampoo, Conditioner at Hair by Melody ","Santa Barbara, CA"
Thu May 09 10:18:34 +0000 2019, No it looks pretty hairy! Congrats  I remember when I had to solve for a client request and\ ,"Boston, MA"
Thu May 09 10:18:32 +0000 2019,"  My favorite place.  Try to get to the green sand beach at south point.'""","Boston, MA"
Thu May 09 10:18:32 +0000 2019,"6:14am: sunrise\\nsunset will be at 8:32pm'""","Cleveland, OH"
Thu May 09 10:18:32 +0000 2019,Beauty is in the eye of the beholder. \\nNyele is in the eye of the beerholder. \,"Conway, AR"
Thu May 09 10:18:32 +0000 2019,"Blue skies and high clouds, a perfect Disney day.\\n#travel #waltdisneyworld #disneyworld #luxurydisney #disneylife\ ","Florida, USA"
Thu May 09 10:18:32 +0000 2019,Maaaan! What is going on in LA right now??! ,"Georgia, USA"
Thu May 09 10:18:32 +0000 2019,Thursday May 9 - Today In Politics:    President defends reported business losses;       New York Senate OK\ givin\ ,"Lorain, OH"
Thu May 09 10:18:31 +0000 2019,"To build great relationships you need to want more FOR people than you want FROM people. #KALETTAism'""",Mount Grace Chapel
Thu May 09 10:18:31 +0000 2019,"Check out my restore-plainfield find!\\n\\nI went looking for windows for the chicken coop, but walked out with this. I\ ","Connecticut, USA"
Thu May 09 10:18:31 +0000 2019,"Just posted a photo @ Woodridge, San Antonio ","San Antonio, TX"
Thu May 09 10:18:30 +0000 2019,"I\'m at  International Airport in Boston, MA ","Boston, MA"
Thu May 09 10:18:30 +0000 2019,Ten years later... I now relate to and enjoy  more than other social media sites. #MyTwitterAnniversary ,"South Carolina, USA"
Thu May 09 10:18:29 +0000 2019,"  Reading through it and realized that I\ been mad at the song \ Sakura\ for two solid decades now. #Chelbuled'""","Honolulu, HI"
Thu May 09 10:18:29 +0000 2019,So does Spike Eskin put a quarter in your ass or his hand to operate you? ,"Charlotte, NC"
Thu May 09 10:18:29 +0000 2019,"'""SOMETIMES HUMAN BEHAVIOUR FREAKS ME OUT"" by  \ peep the strikingly incredible latest from one of our v\ ","Las Vegas, NV"
Thu May 09 10:18:29 +0000 2019, You are awesome!\,"Houston, TX"
Thu May 09 10:18:28 +0000 2019,Iconic Rockefeller Center view in New York City @ Rockefeller Center ,"Manhattan, NY"
Thu May 09 10:18:28 +0000 2019,FACTS ,"Tulsa, OK"
Thu May 09 10:18:28 +0000 2019," Ya entiendo de donde viene lo bruto de los pol\ latinoamericanos, pues joder, de nuestra herencia espa\","Country Club, FL"
Thu May 09 10:18:27 +0000 2019,............ Underwater action camera ?\ ,"Kailua, HI"
Thu May 09 10:18:27 +0000 2019," Yep!!'""","Tallahassee, FL"
Thu May 09 10:18:27 +0000 2019," When it grows'""","Arnold, PA"
Thu May 09 10:18:27 +0000 2019,"Cleared: Construction on #I787 NB at Exit 5; I-90'""","New York, USA"
Thu May 09 10:18:26 +0000 2019,"   Happy Anniversary!'""","Florida, USA"
Thu May 09 10:18:26 +0000 2019," Wait till you get the babby 30 #old'""","Arlington, VA"
Thu May 09 10:18:26 +0000 2019,If your product could hit 45 million plus households for an annual cost of \ would that excite you then DM me toda\ ,"Michigan, USA"
Thu May 09 10:18:26 +0000 2019,"West Hill (Chenango County, NY)  ","New York, USA"
