Date,Tweet
Date,eet',Country
Tue Jul 02 23:59:59 +0000 2019, Of course he is only shooting at brown people that\'s not even in this country you what you had to go o\ ,"Lackawanna, NY"
Tue Jul 02 23:59:59 +0000 2019," Oh my gosh!'""","Irondequoit, NY"
Tue Jul 02 23:59:59 +0000 2019,Hot damn she\ a beaut \ ,"Oklahoma, USA"
Tue Jul 02 23:59:59 +0000 2019,"ladies if he laughs at your jokes he likes you because girls aren\ funny.'""","Nevada, USA"
Tue Jul 02 23:59:59 +0000 2019,Somebody let me babysit this weekend so I can bathe it and smell it and take him along all my errands. \\n- must be a\ ,"Houston, TX"
Tue Jul 02 23:59:59 +0000 2019," It\ fine dude. I wasn\ upset'""","Texas, USA"
Tue Jul 02 23:59:59 +0000 2019,"An incredible journey with this gorgeous, fun and amazing family ended today with the purchase of their dream home\ ","Cumming, GA"
Tue Jul 02 23:59:59 +0000 2019,"Wind 4.0 mph W. Barometer 29.858 in, Falling slowly. Temperature 88.3 \ Rain today 0.00 in. Humidity 53%'""","Wapakoneta, OH"
Tue Jul 02 23:59:59 +0000 2019,Sorry to tell y\ but I\ laughing at y\ eyesight! \,"San Antonio, TX"
Tue Jul 02 23:59:59 +0000 2019,Way to go Chicago ,"Garland, TX"
Tue Jul 02 23:59:59 +0000 2019,So  you are screwing Arizonans out of potential jobs because of some fucking shoes? How low can you sink?\ ,"Los Angeles, CA"
Tue Jul 02 23:59:59 +0000 2019,  It\ awesome!!\,"Colorado, USA"
Tue Jul 02 23:59:59 +0000 2019,"Where are all my valley friends I wanna drink'""","Allentown, PA"
Tue Jul 02 23:59:59 +0000 2019," Well she sure as hell didn\ work for Nikki.'""","Orlando, FL"
Tue Jul 02 23:59:59 +0000 2019," Come back'""","Los Angeles, CA"
Tue Jul 02 23:59:58 +0000 2019," Did somebody mention humidity cause'""","Palm Harbor, FL"
Tue Jul 02 23:59:58 +0000 2019,"4+6+3=2\\nGleyber is pretty good!!\\n#pinstripepride'""","Concord, NC"
Tue Jul 02 23:59:58 +0000 2019, It\'s very hard \ to erased . Completely disappointed \,"Kendall, FL"
Tue Jul 02 23:59:58 +0000 2019,"Ride with a glock no safety, I\ ready too shoot like I\ blocboy JB'""","Columbus, GA"
Tue Jul 02 23:59:58 +0000 2019," Your biggest fan sent you their offspring.'""","Oak Park Heights, MN"
Tue Jul 02 23:59:58 +0000 2019,"Do that dance in a LA uniform and hit the corner 3 that\ all we need from you, Welcome aboard #LakersNation ","Bronx, NY"
Tue Jul 02 23:59:58 +0000 2019, Let\ get them together \,"Santa Clarita, CA"
Tue Jul 02 23:59:58 +0000 2019,"Go new books and I\ honestly excited'""","Greensboro, NC"
Tue Jul 02 23:59:58 +0000 2019,"i\ gettin real tired of this bitch'""","Seagoville, TX"
Tue Jul 02 23:59:58 +0000 2019,"'Nervous to apply for a job like ""Territory Manager - Surgical - Advanced Wound Care - Fresno, CA"" at ConvaTec? Appl\ ","Fresno, CA"
Tue Jul 02 23:59:58 +0000 2019,"Planning a wedding is so much fun !'""","Florida, USA"
Tue Jul 02 23:59:57 +0000 2019,"Never a dull moment. Called 911 because the wires behind our house, surrounded by big trees caught on fire \ & fl\ ","White Lake, MI"
Tue Jul 02 23:59:57 +0000 2019,"Tiny homes built by Eastern Kentucky students up for auction   #kvecforward'""","Kentucky, USA"
Tue Jul 02 23:59:57 +0000 2019, When will these Trump Russian Traitor Trash and Repub Complicit Russian Traitor Enablers realize th\ ,"Sebastian, FL"
Tue Jul 02 23:59:57 +0000 2019,"I almost lost it. Vlad Jr JUST got that one off the end of the bat.'""","Beverly, MA"
Tue Jul 02 23:59:57 +0000 2019," who said I was judging??\\n\\n(was judging a little)'""","New Castle, PA"
Tue Jul 02 23:59:57 +0000 2019,"     #AreYouNotAshamed'""","Duncanville, TX"
Tue Jul 02 23:59:57 +0000 2019," We\ coming to the rescue broseph!'""","San Diego, CA"
Tue Jul 02 23:59:57 +0000 2019,"  I just took the poll Warrens name is on there twice 6:59 pm.'""","Whitewater, WI"
Tue Jul 02 23:59:57 +0000 2019,Let\ talk white clothes ,"Brooklyn, NY"
Tue Jul 02 23:59:57 +0000 2019,I mean whoa \ ,"Florida, USA"
Tue Jul 02 23:59:57 +0000 2019,"that inning was longer than necessary full offense'""","Boston, MA"
Tue Jul 02 23:59:57 +0000 2019,I might FINALLY get my deck done this weekend in time for my birthday. Maybe a little birthday BBQ and Arcade Alley\ ,"Lee's Summit, MO"
Tue Jul 02 23:59:57 +0000 2019,2-year old Remi is waiting at  for their Special Good Night Lights show! Only on  at 10 and 11\ ,Dayton Children's - Main Campus
Tue Jul 02 23:59:56 +0000 2019, Dawg it\'s insane \,"Arlington, VA"
Tue Jul 02 23:59:56 +0000 2019, \,"Raleigh, NC"
Tue Jul 02 23:59:56 +0000 2019," \ just seen this i wish they would try me'""","Virginia, USA"
Tue Jul 02 23:59:56 +0000 2019,Me doing me\                                        #SummerVibes ,"Arlington, VA"
Tue Jul 02 23:59:56 +0000 2019,   I\'ve had enough of this crap from her...\\nNothing but lies to deflect Trumps succes\ ,"Port Orange, FL"
Tue Jul 02 23:59:56 +0000 2019," a fool\ swear to God!'""","McDonough, GA"
Tue Jul 02 23:59:56 +0000 2019, Mine is real ,"Roseland, NJ"
Tue Jul 02 23:59:56 +0000 2019,"'I used  to discover Symphony No. 6 In G Major, Op. 38 ""Spirituelle"": II. Allegro Molto Vivace by Johannes Go\ ","Davis, CA"
Tue Jul 02 23:59:56 +0000 2019,Happy Birthday Amy ,"St Louis, MO"
Tue Jul 02 23:59:56 +0000 2019,Mike McGinn should take a seat. Last person who should comment. ,"Hailey, ID"
Tue Jul 02 23:59:56 +0000 2019,Dude holy shit ,"Yonkers, NY"
Tue Jul 02 23:59:56 +0000 2019,"  Oooh! Scandalous!'""","New Jersey, USA"
Tue Jul 02 23:59:56 +0000 2019,Rain delay in Paducah ,"Henderson, KY"
Tue Jul 02 23:59:56 +0000 2019," please send me pic'""","Chicago, IL"
Tue Jul 02 23:59:56 +0000 2019,Zen gardens ,"Colonie, NY"
Tue Jul 02 23:59:56 +0000 2019,  El Zoologico!! Un lugar para la familia ok no lo desaparezca ok ,"Los Angeles, CA"
Tue Jul 02 23:59:56 +0000 2019," It\ saying it\ gonna take me over 2 hours to get home rn... I\ big mad'""","West Athens, CA"
Tue Jul 02 23:59:56 +0000 2019,This is a great read c/o  for independent artists currently releasing projects on distribution services\ ,"San Diego, CA"
Tue Jul 02 23:59:55 +0000 2019,"Stoners Pizza Joint, commenting on an Instagram picture of better pizza, asking me to DM for an exclusive offer for\ ","West Columbia, SC"
Tue Jul 02 23:59:55 +0000 2019, You can thank the ugly old corrupt turtle face Mitch McConnell and his cronies for that. \,"Edgewater, NJ"
Tue Jul 02 23:59:55 +0000 2019," so what im gettin from this is that bitches is devious'""","Owings Mills, MD"
Tue Jul 02 23:59:55 +0000 2019," They listen'""","Georgia, USA"
Tue Jul 02 23:59:55 +0000 2019,"LIFE LAKOTA | The Cheyenne River Reservation  via     \\n\\nBeautifully done. Love what he says at the end.'""","Georgia, USA"
Tue Jul 02 23:59:55 +0000 2019,"Man we don\'t wanna hear about anybody going to the Lakers but Kawhi""'","Hawthorne, CA"
Tue Jul 02 23:59:55 +0000 2019,  Your time is coming with yk who imma say\,"Harvey, LA"
Tue Jul 02 23:59:55 +0000 2019," Godspeed'""","New Mexico, USA"
Tue Jul 02 23:59:55 +0000 2019," Haha I love this'""","South Salt Lake, UT"
Tue Jul 02 23:59:55 +0000 2019,"Just wrote a song about avocados it\ called I Need You Ripe Now'""","Grand Terrace, CA"
Tue Jul 02 23:59:55 +0000 2019,Our flight attendant had to ask how old I was because I was sitting by an exit door...I guess I look younger than 1\ ,"Georgia, USA"
Tue Jul 02 23:59:55 +0000 2019,,"Elgin, SC"
Tue Jul 02 23:59:55 +0000 2019,I love red bottoms but really hate the spikes \,"Hialeah, FL"
Tue Jul 02 23:59:55 +0000 2019, You know i love you \,"Columbus, OH"
Tue Jul 02 23:59:55 +0000 2019,"shots or wine'""","Washington, DC"
Tue Jul 02 23:59:55 +0000 2019,"Are you really best friends if you don\ just walk to each other and start cuddling'""","Mesa, AZ"
Tue Jul 02 23:59:55 +0000 2019, childhood bff & funniest friend \,"Cedar Hill, TX"
Tue Jul 02 23:59:54 +0000 2019,"Meredith, is that you??? ","Brooklyn, NY"
Tue Jul 02 23:59:54 +0000 2019,"President Trump is working on July 4th.\\n\\nThe swamp is mad because they aren\'t.\\n\\n#MAGA""'","St Petersburg, FL"
Tue Jul 02 23:59:54 +0000 2019,"  I can\'t believe the announcer called you a Brazilian Jew at the end. That\'s messed up""'","Grand Forks, ND"
Tue Jul 02 23:59:54 +0000 2019," Gates dropped so many gems that went unnoticed!!!'""","Washington, DC"
Tue Jul 02 23:59:54 +0000 2019,"Sometimes I think I shouldn\ tweet the first thing that crosses my mind, but then I tell myself \ my beer and watch this\","Arizona, USA"
Tue Jul 02 23:59:54 +0000 2019,  Bitch imma card on his shit period \ boo didn\ u say ur back was hurting u want a\ ,"Arlington, VA"
Tue Jul 02 23:59:54 +0000 2019,"Living alone is making me talk to my plants\\n\\nSomeone please be my friend'""","Lakewood, OH"
Tue Jul 02 23:59:54 +0000 2019,60 of 132 \,"Uniontown, PA"
Tue Jul 02 23:59:54 +0000 2019, \ on now I learn from the best\ ,"Charlotte, NC"
Tue Jul 02 23:59:54 +0000 2019," I had a whole free one that I have a way a few months ago. It was a good one too.'""","New Orleans, LA"
Tue Jul 02 23:59:54 +0000 2019," Yup, it\ that good'""","Michigan, USA"
Tue Jul 02 23:59:53 +0000 2019,this fried fish finna slapppp\,"West Helena, AR"
Tue Jul 02 23:59:53 +0000 2019,  Like microtranactions? Smash is pretty complete at launch but there\'s a $25 fighter pack be\ ,"Salem, MA"
Tue Jul 02 23:59:53 +0000 2019,I\ colder than the Rocky Mountains ,"Colorado, USA"
Tue Jul 02 23:59:53 +0000 2019,Low-cost Range repair service in #ImperialBeach ,"Imperial Beach, CA"
Tue Jul 02 23:59:53 +0000 2019,I\ gotta tweet more!!!! \,"Houston, TX"
Tue Jul 02 23:59:53 +0000 2019, i\ so happy I was looking at this smiling lmfooo \,"Bensville, MD"
Tue Jul 02 23:59:53 +0000 2019,"sitting around with my whole family watching the storm roll in at our favorite place on the planet, feeling good \ ",Three Mile Lake
Tue Jul 02 23:59:53 +0000 2019," Weaklings have to run in packs. They can\'t survive on their own.""'","Ohio, USA"
Tue Jul 02 23:59:53 +0000 2019,"Gleyber not being an All-Star is ridiculous. Insane play'""","Southbury, CT"
Tue Jul 02 23:59:53 +0000 2019,"  Yaaasssss'""","Indianapolis, IN"
Tue Jul 02 23:59:53 +0000 2019,"  assuming game delay ?  Just arrived enjoying Club 1882 for a bit'""","Tacoma, WA"
Tue Jul 02 23:59:53 +0000 2019,Gleyber and Didi best middle infield combo in the MLB!! Don\ @ me!! Go ,"Minneapolis, MN"
Tue Jul 02 23:59:53 +0000 2019,#SanBruno #shooting #news #LocalNews ,The Shops at Tanforan
Tue Jul 02 23:59:53 +0000 2019,  CAN U GO PLEASE COME HELP ME GET MY SON N DAUGHTER N MYSELF. THIS IS CRAZY OMG\ ,"Lakeland, FL"
Tue Jul 02 23:59:53 +0000 2019,    I bet he has more than you do! And I don\ even like him! ,"Florida, USA"
Tue Jul 02 23:59:52 +0000 2019, \ )b\\n\,"Redmond, WA"
Tue Jul 02 23:59:52 +0000 2019,"  Those are my favorite pot pies'""","North Carolina, USA"
Tue Jul 02 23:59:52 +0000 2019," Please keep up the pressure.'""","Mint Hill, NC"
Tue Jul 02 23:59:52 +0000 2019," Gets more exposure'""","Cleveland Heights, OH"
Tue Jul 02 23:59:52 +0000 2019,All the cool Chefs are plating  like this \ why not this gorgeous Kale Spinach Salad ! \\nKale\\nSpinach\\nRaw beets\ ,"Philadelphia, PA"
Tue Jul 02 23:59:52 +0000 2019,It\'s just taking forever and I\'m impatient ,"Indianola, MS"
Tue Jul 02 23:59:52 +0000 2019,"  There are *checks notes* historical reasons for that.'""","Indiana, USA"
Tue Jul 02 23:59:52 +0000 2019, GOD BLESS HIM! ,"Pennsylvania, USA"
Tue Jul 02 23:59:52 +0000 2019,The amount of people upset over a tweet from Real Dick Tator is absolutely hilarious. ,"Centralia, WA"
Tue Jul 02 23:59:52 +0000 2019," $tudyrudy'""","New Orleans, LA"
Tue Jul 02 23:59:52 +0000 2019," Awww so cute!'""","Chicago, IL"
Tue Jul 02 23:59:52 +0000 2019,Cocoa Butter is undefeated ,"San Antonio, TX"
Tue Jul 02 23:59:52 +0000 2019,  Well the shot was about as weak as it could be.  Not exactly as if the keeper did a wor\ ,"South Carolina, USA"
Tue Jul 02 23:59:52 +0000 2019,Junior Varsity (Boys) - Pool A - Hoopers def. Methacton Valley 38-36 #TCL ,"Pennsylvania, USA"
Tue Jul 02 23:59:52 +0000 2019," They are so blind, they don\ even see it. ","Florida, USA"
Tue Jul 02 23:59:51 +0000 2019," Haha'""","Indianapolis, IN"
Tue Jul 02 23:59:51 +0000 2019,"I\ trade all my wealth w/ TIME\\n\\nTIME is the only essence we cannot control. We can manage it, but we cannot stop\ ","Chicago, IL"
Tue Jul 02 23:59:51 +0000 2019,  hugging the falcon ,"Spokane, WA"
Tue Jul 02 23:59:51 +0000 2019,"      Very true'""","Pennsylvania, USA"
Tue Jul 02 23:59:51 +0000 2019,ABSOFUCKINGLUTLY ABSOFUCKINGLUTLY ABSOFUCKINGLUTLY ABSOFUCKINGLUTLY ABSOFUCKINGLUTLY ABSOFUCKINGLUTLY ABSOFUCKINGLU\ ,"Moreno Valley, CA"
Tue Jul 02 23:59:51 +0000 2019,For all those aspiring leaders. ,"Houston, TX"
Tue Jul 02 23:59:51 +0000 2019, at $450....Keep clicking guys!!! No Sign up necessary unless you wanna start mak\ ,"Golden Glades, FL"
Tue Jul 02 23:59:51 +0000 2019,"Yo go support this local artist WHO DREW ME from a photo I took, & put me in a radiated bathtub because baths are m\ ","Wasilla, AK"
Tue Jul 02 23:59:51 +0000 2019,i \ my mad ox home ,Calvert Park
Tue Jul 02 23:59:51 +0000 2019," My impact'""","Clarksville, TN"
Tue Jul 02 23:59:51 +0000 2019,It is very strange on this account. Someone is DMing Me but I cannot read it. How funny. What you don\ know is I a\ ,"Texas, USA"
Tue Jul 02 23:59:51 +0000 2019,Footage from 6/20 Summer in Bk Fashion show \ ,"Brooklyn, NY"
Tue Jul 02 23:59:51 +0000 2019,i find this really wholesome i wanna share ,"Kentucky, USA"
Tue Jul 02 23:59:51 +0000 2019,"Y\ bomb, but do y\ all go to the same surgeon? ","Rossmoor, MD"
Tue Jul 02 23:59:51 +0000 2019,"  Moral, you say? Is it moral to compare this camp to a REAL concentration camp. Shame on you both. ","Mills River, NC"
Tue Jul 02 23:59:51 +0000 2019, He a shooter but this not the news we want right now \,"North Dakota, USA"
Tue Jul 02 23:59:51 +0000 2019,#TikiTuesday #SkullNBones #Cocktail #TheBoneCollector #SkullAndBonesChallenge2019 #RumAlways #RumLover\ ,"Athens, OH"
Tue Jul 02 23:59:51 +0000 2019," \ that\ all YOU, i love you \","Portland, OR"
Tue Jul 02 23:59:51 +0000 2019,"I need some DOG DBS THIS SATURDAY!!!! 1 Pm'""","University, FL"
Tue Jul 02 23:59:51 +0000 2019,"i think it\ broken'""","Calverton, MD"
Tue Jul 02 23:59:51 +0000 2019,This off-season is officially a failure for the Nets ,"Little Falls, NY"
Tue Jul 02 23:59:50 +0000 2019,"Hennessy and Ciroc may be what imma get. And vodka. All I know is, I\ getting drunk to the point where I won\ rem\ ","Mebane, NC"
Tue Jul 02 23:59:50 +0000 2019,  well you see Shelly there\'s a journalist named Brandon Darby who\'s been documenting the border for\ ,"Michigan, USA"
Tue Jul 02 23:59:50 +0000 2019,Hey  some power would be nice. I\ like to finish my episode of Parenthood on  ,"Howell, MI"
Tue Jul 02 23:59:50 +0000 2019, solid write up on FL growth. Thanks for putting the amount into perspective vs CA. While growing we ar\ ,"West Palm Beach, FL"
Tue Jul 02 23:59:50 +0000 2019,Posting this once a week until someone of importance challenges me in table tennis. ,"Orland Park, IL"
Tue Jul 02 23:59:50 +0000 2019,ok if that\ how you feel then i hope you pick up a tub of ice cream that was licked by a person who could\ had a\ ,"Pennsylvania, USA"
Tue Jul 02 23:59:50 +0000 2019,"  im leaving tomorrow again'""","El Paso, TX"
Tue Jul 02 23:59:50 +0000 2019,U.S. Girls touring in Canada... ok cool but what about U.S. Girls coming to San Francisco. That would sound so much better\,"San Francisco, CA"
Tue Jul 02 23:59:50 +0000 2019,"I am 100% out of spoons and it\ really coming across in my inability to have social interactions right now'""","Boston, MA"
Tue Jul 02 23:59:50 +0000 2019,"  #IndictTheseMotherfuckersNY'""","Maryland, USA"
Tue Jul 02 23:59:50 +0000 2019, via ,"Camden, NJ"
Tue Jul 02 23:59:50 +0000 2019,This throwup energy ,"Georgia, USA"
Tue Jul 02 23:59:49 +0000 2019,Life is short when tragedy strikes...but for those of us blessed to avoid tragedy...maintain good health...and actu\ ,"Houston, TX"
Tue Jul 02 23:59:49 +0000 2019,I miss working :( ,"Orlando, FL"
Tue Jul 02 23:59:49 +0000 2019,"what if I muted everyone'""","South Carolina, USA"
Tue Jul 02 23:59:49 +0000 2019," wait.. so they can poke fun, insult, threaten assassination of the president... but we can\'t poke FUN at them? really?""'","Oregon, USA"
Tue Jul 02 23:59:49 +0000 2019,I agree. Tweeted the same thing earlier. ,"Austin, TX"
Tue Jul 02 23:59:49 +0000 2019,   Depends. There\'s a risk to it in some places because it speeds up the clock\ ,"Maryville, TN"
Tue Jul 02 23:59:49 +0000 2019,Be brave enough to heal yourself even when it hurts. ~ Bianca Sparacino\\n.\\n.\\n.\\n#manhattan #newyorkcity #nyc #abc7ny\ ,"Manhattan, NY"
Tue Jul 02 23:59:49 +0000 2019, So True \,"Pahoa, HI"
Tue Jul 02 23:59:49 +0000 2019,"Still trynna do this'""","Burlington, IA"
Tue Jul 02 23:59:49 +0000 2019,"quality over quantity but having 2 genuine friends that I hang out with sucks'""","Kentucky, USA"
Tue Jul 02 23:59:49 +0000 2019,"    There is a gift shop if ya need some gear,  And also hit the Waffle House!'""","Pullman, WA"
Tue Jul 02 23:59:49 +0000 2019,Fun Day! @ Gatlinburg SkyLift Park ,"Tennessee, USA"
Tue Jul 02 23:59:49 +0000 2019,"'Nervous to apply for a job like ""Nuclear nonproliferation, Threat detection - Postdoctoral Researcher"" at Lawrence\ ","Livermore, CA"
Tue Jul 02 23:59:49 +0000 2019,"  Well, that\'s mean.  I\'m not a bot either.""'","North Carolina, USA"
Tue Jul 02 23:59:49 +0000 2019,"own it. it\ yours.'""","Brooklyn, NY"
Tue Jul 02 23:59:49 +0000 2019," \ clout is real'""","Coachella, CA"
Tue Jul 02 23:59:48 +0000 2019," i love u dearly'""","Marion, OH"
Tue Jul 02 23:59:48 +0000 2019,"Yankees can make a lot of pain go away. I\ just enjoying their strong performances nightly. Keep it up for a fan in need of happiness.'""","Elmira, NY"
Tue Jul 02 23:59:48 +0000 2019, ITS THE MOTHERSHIP!! ,"Laredo, TX"
Tue Jul 02 23:59:48 +0000 2019,Toothsday Tip:\\n\\n#OralCare #Dentist #DentalHealth #TipTuesday #ParentingTips ,"Chicago, IL"
Tue Jul 02 23:59:48 +0000 2019,"'Click the link in our bio to see currently open #SupplyChain jobs like ""Warehouse Worker I"" at Fresenius Medical Care in #Ogden, UT.\''","Ogden, UT"
Tue Jul 02 23:59:48 +0000 2019," Just some G shit we are not worthy of'""","Staten Island, NY"
Tue Jul 02 23:59:48 +0000 2019," loving the new show so much I\ missing church on Sundays!'""","Minneapolis, MN"
Tue Jul 02 23:59:48 +0000 2019,"Are we about to get a Lakers vs Sixers #NBAFinals with Ben Simmons demolishing Dudley? I hope so.'""","Westmont, NJ"
Tue Jul 02 23:59:48 +0000 2019,#BARS NONE OF DAT CAT N DA HAT MAKE SHIT RHYME TO BEAT SHIT DZ IS REAL LYRICS REAL FLOWS\ of the Southsides fines\ ,"Washington, DC"
Tue Jul 02 23:59:48 +0000 2019,Yo is that build up or ya nipple dawg... ,"Arizona, USA"
Tue Jul 02 23:59:48 +0000 2019," Delicious'""","Niagara Falls, NY"
Tue Jul 02 23:59:48 +0000 2019,"  #BoycottTheCensus'""","Reno, NV"
Tue Jul 02 23:59:48 +0000 2019,"Meryl actin her ass off in this season of #BigLittleLies'""","Arlington, VA"
Tue Jul 02 23:59:48 +0000 2019, I essentially wear the same hairstyle except a little shorter... It\'s a pixie about 6 weeks past due\ ,"Nashville, TN"
Tue Jul 02 23:59:48 +0000 2019,"This might not seem like much, but I just ran a sub 10 minute mile which has been a goal for quite some time and is\ ","Topeka, KS"
Tue Jul 02 23:59:48 +0000 2019,"JUST SOLD (& a record price for LA)...I mean who doesn\ need 123 rooms, incl. 14 bedrooms & 27 bathrooms. \\n\\n","Los Angeles, CA"
Tue Jul 02 23:59:48 +0000 2019," re: an earlier thread, everyone who knows, knows, if you don\'t connect, move on, and I admit I may hav\ ","Los Angeles, CA"
Tue Jul 02 23:59:47 +0000 2019,"OUR BIGGEST SALE IS HERE!\\n\\nIn observance of Independence Day, we are offering our largest sale to date! \\n\\n\ Thursda\ ","Kihei, HI"
Tue Jul 02 23:59:47 +0000 2019,"If California seceded from the union and became its own state we\ be a 3rd world country'""","Los Angeles, CA"
Tue Jul 02 23:59:47 +0000 2019,"Even when we\ at odds, I could never do you bogus.'""","North Carolina, USA"
Tue Jul 02 23:59:47 +0000 2019,"I got real life problems nigha..'""","Fort Hood, TX"
Tue Jul 02 23:59:47 +0000 2019,  Enjoy your night \,"Willard, OH"
Tue Jul 02 23:59:47 +0000 2019," I need to give them a bath and then you can meet them lol'""","Glen Ellyn, IL"
Tue Jul 02 23:59:47 +0000 2019,"american flag swim trunks make cute guys ugly'""","Denver, CO"
Tue Jul 02 23:59:47 +0000 2019," Thanks traitor Robert\'s for screwing our country again""'","Alabama, USA"
Tue Jul 02 23:59:47 +0000 2019,"Felicity covering for Oliver with Isabel. \ got a little held up. Tying up some loose ends.\ #ArrowRewatch'""","Kansas, USA"
Tue Jul 02 23:59:47 +0000 2019,I need some loyal homies like this ,"New Jersey, USA"
Tue Jul 02 23:59:47 +0000 2019,When eating at an airport...does one buy the $10 beef jerky pack and $4 water OR PAY $35 at a restaurant for the $1\ ,"Chicago, IL"
Tue Jul 02 23:59:47 +0000 2019,Drink plenty of water and rest frequently when working in extreme heat. ,"South Bend, IN"
Tue Jul 02 23:59:47 +0000 2019,#EveryChildCounts                       ,"Los Angeles, CA"
Tue Jul 02 23:59:47 +0000 2019,"Pior que n\ \ exce\ lembro bem do Eduardo Campos, candidato a Presidente com certo destaque, na CPI da Nike per\ ","Paradise, NV"
Tue Jul 02 23:59:47 +0000 2019,donkey of the day ,"College Park, MD"
Tue Jul 02 23:59:47 +0000 2019,"She\'s always a call or a beep away, #KimPossible!  #SDLive ","Tampa, FL"
Tue Jul 02 23:59:46 +0000 2019,"Big red small head?'""","Oakland, CA"
Tue Jul 02 23:59:46 +0000 2019,"Sweet thing, just to think of you dippin\ ","San Diego, CA"
Tue Jul 02 23:59:46 +0000 2019,"  Not gameplay wise but story.\\nI honestly consider Heavy Rain to be the best story telling game.'""","Houston, TX"
Tue Jul 02 23:59:46 +0000 2019," I have 2,  I was once told I was as pretty as the sunshine, i think that\'s my favorite one.  And once whe\ ","San Antonio, TX"
Tue Jul 02 23:59:46 +0000 2019,I\ about to tell the real story of the Miami Heat media tournament on  . Tune in if you want the truth\ ,"Andover, FL"
Tue Jul 02 23:59:46 +0000 2019,"anyone wanna go take some drugs in a wawa?'""","Brooklyn, NY"
Tue Jul 02 23:59:46 +0000 2019,#Sakasquatch  ...need I say more?! @ IPCPR ,"Paradise, NV"
Tue Jul 02 23:59:46 +0000 2019, \ ,"Seminole, FL"
Tue Jul 02 23:59:46 +0000 2019," I will take a signed 8 x 10,please!'""","Greece, NY"
Tue Jul 02 23:59:46 +0000 2019,In my unprofessional opinion: \\n\  \\n2.  \\n3.  ,"Willowbrook, IL"
Tue Jul 02 23:59:46 +0000 2019," Yep, should have been 2018'""","Brook Highland, AL"
Tue Jul 02 23:59:45 +0000 2019,"baby you summer time fine'""","Golden Glades, FL"
Tue Jul 02 23:59:45 +0000 2019,Watching  about PRIDE and their discontent about corporations and other entities only caring about LGBTQ d\ ,"Lauderhill, FL"
Tue Jul 02 23:59:45 +0000 2019, Un abrazo a cada familia de cada fallecido. QEPD\,"Metairie, LA"
Tue Jul 02 23:59:45 +0000 2019,"   Funny, I have plenty of feminist friends that are also mothers. I mean, I do have regular sex.'""","Lake Mohegan, NY"
Tue Jul 02 23:59:45 +0000 2019,"Tu nueva alternativa, m\ ministros, m\ opciones. Ll\ de 6am a 8pm al 787-303-4155\ ","Monacillo, USA"
Tue Jul 02 23:59:45 +0000 2019,"False alarm. Double play ended the inning.'""","Washington, DC"
Tue Jul 02 23:59:45 +0000 2019,"Bye Vegas'""","Paradise, NV"
Tue Jul 02 23:59:45 +0000 2019, Amazing!! Can\ wait to watch it on TV. Thank you Mr. President! \,"Jefferson, NJ"
Tue Jul 02 23:59:45 +0000 2019," I haven\ been affected by this, but some friends of mine aren\ getting the invader progress for the G\ ","Clayton, MO"
Tue Jul 02 23:59:45 +0000 2019, If they add another decent piece they have a shot but with Draymond as the third guy they won\ bc he\ ,"Baltimore, MD"
Tue Jul 02 23:59:45 +0000 2019,"Just visited the Laurie-Walton Family Basketball Center hoping to see   , if y\ are aroun\ ","Memphis, TN"
Tue Jul 02 23:59:45 +0000 2019,I know the Hills is a scripted show but yoooooo this show has really ruined these kids lives. This show is tearing\ ,"Easton, MA"
Tue Jul 02 23:59:45 +0000 2019,"Ding dong the witch is dead'""","Washington, DC"
Tue Jul 02 23:59:44 +0000 2019,"can\ wait till im in Paris in september, need a change, texas so boring'""","Texas, USA"
Tue Jul 02 23:59:44 +0000 2019,Welcome Rav Dovid Gottleib of Yeshivat Har Etzion!  ,"New York, USA"
Tue Jul 02 23:59:44 +0000 2019,"  He\'s recruiting voters!! No American in the right mind would vote for him""'","North Carolina, USA"
Tue Jul 02 23:59:44 +0000 2019,"I don\ subtweet, I hit the ","Lafayette, IN"
Tue Jul 02 23:59:44 +0000 2019," Or...\\nYou could do anything but that'""","Spanish Springs, NV"
Tue Jul 02 23:59:44 +0000 2019,    It\'s a sign Aiello \,"Port St Lucie, FL"
Tue Jul 02 23:59:44 +0000 2019,N.R.A. Donor Directs a Revolt Against a \ Leader ,"Tucson, AZ"
Tue Jul 02 23:59:44 +0000 2019," Awww I wanna meet him when I come home next!'""","South Salt Lake, UT"
Tue Jul 02 23:59:44 +0000 2019,We stan one (1) confusion queen\ ,"Phoenix, AZ"
Tue Jul 02 23:59:44 +0000 2019,"Just for talking nonsense'""","Bangor, ME"
Tue Jul 02 23:59:44 +0000 2019,"People who play ssb competitively have -30 iq , plus they stink .'""","Missouri City, TX"
Tue Jul 02 23:59:44 +0000 2019," Do u have Bo3 on Xbox?'""","Des Moines, WA"
Tue Jul 02 23:59:44 +0000 2019,"I\'m think of stepping out of my comfort zone and doing a bible study on Wednesday mornings about 11ish or noon .. this is big for me .. lol""'","Glenpool, OK"
Tue Jul 02 23:59:44 +0000 2019,"Stupid bih dun turn herself into a target'""","Bangor, ME"
Tue Jul 02 23:59:44 +0000 2019,"Can someone please let Michael Sheen know that I\ single and ready to mingle, but with him and him only???'""","Austin, TX"
Tue Jul 02 23:59:44 +0000 2019,lost my thumbs on this time for a weed break \ ,"Port Arthur, TX"
Tue Jul 02 23:59:44 +0000 2019,"    \ man I think I\ arguing with a 16 year old girl, I\ done , you won lol'""","Midlothian, IL"
Tue Jul 02 23:59:43 +0000 2019,Cole\ lead on littoncasey was never as close again. In race 1 @ Thunder Road Fargo ,"Fargo, ND"
Tue Jul 02 23:59:43 +0000 2019,"She was gonna break my Heart regardless , so I took her out and dumbed her in garbage'""","Bangor, ME"
Tue Jul 02 23:59:43 +0000 2019," Freakin me'""","Texas, USA"
Tue Jul 02 23:59:43 +0000 2019,Lebron rotating over to contest a layup?  ,"Detroit, MI"
Tue Jul 02 23:59:43 +0000 2019," I may be old, but I\'m not dead.""'","Pennsylvania, USA"
Tue Jul 02 23:59:43 +0000 2019,"So excited come join us July 11, 2019 from 10am-7pm. Are you looking to grow your Career? Well this is the place\ ","Matteson, IL"
Tue Jul 02 23:59:43 +0000 2019, i just ate oneee i knoww\,"Gonzales, LA"
Tue Jul 02 23:59:43 +0000 2019,Adam Frazier is currently in Major Beast Mode #Pirates #BucsBooth #LetsGoBucs ,"Pittsburgh, PA"
Tue Jul 02 23:59:43 +0000 2019,I will say this now..\\nThese dem candidates better not be brutal against each other during these debates..has anyone\ ,"Monroe, LA"
Tue Jul 02 23:59:43 +0000 2019,"    Great Pictures'""","Spokane Valley, WA"
Tue Jul 02 23:59:43 +0000 2019," Pretty much lol'""","Charlotte, NC"
Tue Jul 02 23:59:43 +0000 2019,Here you go!\\n #WomenOfTrek #StarTrek #STLV   #WeAreStarTrek ,"Colorado, USA"
Tue Jul 02 23:59:43 +0000 2019,"Storm Clouds! \ @ Alexandria, Virginia ","Alexandria, VA"
Tue Jul 02 23:59:43 +0000 2019,Pretty awesome to share my birthday with  who brought the #USWMNT to victory today! ALEX YOU ROCK! \ ,"Manhattan, NY"
Tue Jul 02 23:59:43 +0000 2019,"Every time i hear fortunate by Maxwell , i think about Life ( the movie )'""","Houston, TX"
Tue Jul 02 23:59:42 +0000 2019,I\ keep mastering SOUR \ ,400 West Rich
Tue Jul 02 23:59:42 +0000 2019,    I believe it. If you named me \ emperor\ tomorrow\ ,"Virginia Beach, VA"
Tue Jul 02 23:59:42 +0000 2019,"   Troll somewhere else then'""","Oakview, MO"
Tue Jul 02 23:59:42 +0000 2019,"Just posted a photo @ Dunbar, West Virginia ","Dunbar, WV"
Tue Jul 02 23:59:42 +0000 2019,  Damn skippy ,"West Haven, CT"
Tue Jul 02 23:59:42 +0000 2019," You are a liar, show the video of what you are trying to accuse the border patrol of doing, they have theirs,\ ","Illinois, USA"
Tue Jul 02 23:59:42 +0000 2019," ?? Pressure ????'""","Miami, FL"
Tue Jul 02 23:59:42 +0000 2019,AOC is lying \ through her teeth about the border issues. If she used her mouth to call out her own party that has\ ,"Parker, CO"
Tue Jul 02 23:59:42 +0000 2019,"#Barberton #Ohwx Temp:69.5\ WchillLow:68.3\ Wind:0 mph Dir:--- Baro:Rising slowly Rain2day:0.26in Hum:88% UV:0.0 @ 20:00 07/02/19 #weather'""","Portage Lakes, OH"
Tue Jul 02 23:59:42 +0000 2019," And NOBODY does anything regardless of party.'""","Hawaii, USA"
Tue Jul 02 23:59:42 +0000 2019,"My daughter can outshot you.  #4H #GunSafety #Merica #22Rifle And, yes, that\'s a Dum-Dum she just shot. ","Kentucky, USA"
Tue Jul 02 23:59:42 +0000 2019,"How could you send him away from us? Take good care of him, Toronto. ","Fort Collins, CO"
Tue Jul 02 23:59:42 +0000 2019,"WAITING FOR TONIGHT, OH'""","Kentucky, USA"
Tue Jul 02 23:59:42 +0000 2019,Fresh out of the Fullerton factory! Take a good look at this brand new G&L ASAT CLASSIC Fullerton Standard in Vinta\ ,ABC Music Company
Tue Jul 02 23:59:42 +0000 2019,   I\ be fan-boying with you \ ,"Chicago, IL"
Tue Jul 02 23:59:42 +0000 2019,"That just made me tear up watching that guy basically commit suicide in Athens \ depression is real. He was yelling do it \ so sad!'""","Monroe, GA"
Tue Jul 02 23:59:42 +0000 2019,My mama & deddy said FUCK THEM BITCHES lmfao I feel great \,"Virginia, USA"
Tue Jul 02 23:59:42 +0000 2019,"is the sky ok?'""","Calverton, MD"
Tue Jul 02 23:59:41 +0000 2019,"  Yes,  would have shown fawning gratitude to the man who made some\ ","Potomac, MD"
Tue Jul 02 23:59:41 +0000 2019,"Gleyber !!!!'""","Holbrook, NY"
Tue Jul 02 23:59:41 +0000 2019,"I find it amazing how fast the days/weeks/months fly by when you get older.'""","Lansing, MI"
Tue Jul 02 23:59:41 +0000 2019, Stop poisoning the well with lies. Let the truth come out and stand on its own. Only a guilty man wo\ ,"Roseland, NJ"
Tue Jul 02 23:59:41 +0000 2019,Miss how things used to be \,"Chicago, IL"
Tue Jul 02 23:59:41 +0000 2019,hey twit\ ,"Hermiston, OR"
Tue Jul 02 23:59:41 +0000 2019," Thank you sweetie. I love you guys'""","South Carolina, USA"
Tue Jul 02 23:59:41 +0000 2019,Lmaooooooo yo you have to laugh at some of these takes. Everyone is entitled to their opinion but c\ bro. Really\ ,"New Jersey, USA"
Tue Jul 02 23:59:41 +0000 2019,"This has been a rough defensive game'""","Harwich Center, MA"
Tue Jul 02 23:59:41 +0000 2019,Diving back into getUserMedia after a long time away. Two questions:\\n\\n1) What\'s the state of camera access on mobil\ ,"Seattle, WA"
Tue Jul 02 23:59:41 +0000 2019,#BlackLivesMatter ,"Georgetown, SC"
Tue Jul 02 23:59:41 +0000 2019,"  I like those!!'""","Pooler, GA"
Tue Jul 02 23:59:41 +0000 2019,If you peep something let me know soo I can tell you what it really is ...don\ assume.\,"Chicago, IL"
Tue Jul 02 23:59:41 +0000 2019," VAR is the single worst thing for football ever'""","College Station, TX"
Tue Jul 02 23:59:41 +0000 2019,"y\ bashing Chris brown based off assumptions. Shutup.'""","Duncanville, TX"
Tue Jul 02 23:59:41 +0000 2019,Hands down the cleanest move from last season ,"Missouri, USA"
Tue Jul 02 23:59:40 +0000 2019,"This job might be a great fit for you: Registered Nurse - Labor and Delivery - PRN -  #Nursing #Spartanburg, SC'""","Spartanburg, SC"
Tue Jul 02 23:59:40 +0000 2019,"Because my friends are as obsessed with #Goliath, he gets gifts. ","Manhattan, NY"
Tue Jul 02 23:59:40 +0000 2019,"While other girls were obsessed with Lisa Frank, I was obsessed with this little monster. And I think that explains\ ","Hattiesburg, MS"
Tue Jul 02 23:59:40 +0000 2019,"All because he didn\ answer his phone !'""","St Andrews, SC"
Tue Jul 02 23:59:40 +0000 2019,Some research suggests lightning bugs are on the decline due to light pollution but there are some things you can d\ ,"Quincy, IL"
Tue Jul 02 23:59:40 +0000 2019,"Huskies get one back in the bottom half!\\n\\nSTC 3-1 DUL | E1\\n\\n#RollSkies'""","Duluth, MN"
Tue Jul 02 23:59:40 +0000 2019,Trump gon have the best 4th of July EVER\,"Mentor, OH"
Tue Jul 02 23:59:40 +0000 2019,"the only things that go in rice are sugar, butter, n salt'""","Norcross, GA"
Tue Jul 02 23:59:40 +0000 2019,"  Pretty much no because the bank/jew has lasers.'""","Los Angeles, CA"
Tue Jul 02 23:59:39 +0000 2019,"Houston is definitely one of the most beautiful cities I\ ever been in.'""","Houston, TX"
Tue Jul 02 23:59:39 +0000 2019,That National Anthem gave me chills! ,"Arlington, TX"
Tue Jul 02 23:59:39 +0000 2019," Where you going next'""","Muncie, IN"
Tue Jul 02 23:59:39 +0000 2019, IN THE FAST LANE \,"Bull Run, VA"
Tue Jul 02 23:59:39 +0000 2019,Called it. ,"Seattle, WA"
Tue Jul 02 23:59:39 +0000 2019,Aye! #convergence ,"Greensboro, NC"
Tue Jul 02 23:59:39 +0000 2019,Things to live by:\\nIt\ always room to work harder.\\nIt\ a great thing to build your own movement.\\nNever look for h\ ,"Brooklyn, NY"
Tue Jul 02 23:59:39 +0000 2019,"      Now, that\ a hat.'""","Amherst, OH"
Tue Jul 02 23:59:39 +0000 2019," Conservatives work and don\ protest. Most protesters lean left.'""","Pflugerville, TX"
Tue Jul 02 23:59:39 +0000 2019,"  Keep pounding them out Adam'""","Eastvale, PA"
Tue Jul 02 23:59:38 +0000 2019,"' Interesting how this could happen once you took ""Trump\\\'s Wall"" out of the equation!!!\''","Louisville, KY"
Tue Jul 02 23:59:38 +0000 2019," #FoxSportsSW cutting away from moment of silence for commercials was utterly classless'""","Little Rock, AR"
Tue Jul 02 23:59:38 +0000 2019,"'Career tip for landing jobs like ""Pharmacy Technician - Target Store"" in #Superior, CO. Go on informational intervi\ ","Superior, CO"
Tue Jul 02 23:59:38 +0000 2019,My gardens ,"Colonie, NY"
Tue Jul 02 23:59:38 +0000 2019,"Want to work at Robert Half Technology? We\'re hiring in #Boulder, CO! Click for details:  #IT""'","Boulder, CO"
Tue Jul 02 23:59:38 +0000 2019,"i miss jonah'""","Indianapolis, IN"
Tue Jul 02 23:59:38 +0000 2019," well damn'""","Chevy Chase, MD"
Tue Jul 02 23:59:38 +0000 2019,"  still can\ believe it...that took him 8 minutes to do and he got a 49'""","Atlanta, GA"
Tue Jul 02 23:59:38 +0000 2019," Fade Sp in tournaments?'""","Fort Wayne, IN"
Tue Jul 02 23:59:38 +0000 2019,"All,\\n\\nI am waiting for a fellow roommate to arrive home, and as a result will be starting the Hotdog Eating Contest\ ","Cambridge, MA"
Tue Jul 02 23:59:38 +0000 2019,"Congrats to West EXOS Select 50 All-Showcase 5-Tool Power Award Recipient Isaac Gallegos (Grants HS, NM)!  ","Phoenix, AZ"
Tue Jul 02 23:59:38 +0000 2019,Lol don\ do my point guard like that ,"Charlotte, NC"
Tue Jul 02 23:59:38 +0000 2019,"Blahhh'""","Lafayette, LA"
Tue Jul 02 23:59:38 +0000 2019,***football ,"Upland, CA"
Tue Jul 02 23:59:38 +0000 2019," even though i\ leavin'""","Worcester, MA"
Tue Jul 02 23:59:38 +0000 2019,"Bro I ain\ never been so tired in my life \ #recovery'""","California, USA"
Tue Jul 02 23:59:37 +0000 2019,"But you have to be a citizen to work the census.'""","Staten Island, NY"
Tue Jul 02 23:59:37 +0000 2019,At the #SummerShootout races listening to  \ big mouth. Good family time!! ,Charlotte Motor Speedway
Tue Jul 02 23:59:37 +0000 2019,"  Thank God someone is doing something to attenuate this lunacy!'""","Scottsdale, AZ"
Tue Jul 02 23:59:37 +0000 2019," When I left he just had the floating cooler in the water!  Was really wavy today!'""","Largo, FL"
Tue Jul 02 23:59:37 +0000 2019,"Still sore over 1776, Piers? ","Michigan, USA"
Tue Jul 02 23:59:37 +0000 2019,Teaching yoga classes on the fly...Love it! #centreclub team Spirit!\\n#centreclubtv @ Advocate Condell Centre Club L\ ,"Libertyville, IL"
Tue Jul 02 23:59:37 +0000 2019,This guy ,"Buffalo, NY"
Tue Jul 02 23:59:37 +0000 2019,"ABUSE IS NOT CUTE NOR IS IT ACCEPTABLE. PLEASE KEEP YOUR HANDS/THOUGHTS/WORDS TO YOURSELF'""","Huntington Beach, CA"
Tue Jul 02 23:59:37 +0000 2019,"  Same'""","Atlanta, GA"
Tue Jul 02 23:59:37 +0000 2019,"  Wow! That\'s one I have yet to do, but I\'m an avid ebook reader.\ ","Pella, IA"
Tue Jul 02 23:59:37 +0000 2019," So just people with bad theology'""","Hanover, OH"
Tue Jul 02 23:59:37 +0000 2019, I hope so. We can\'t anymore of this moron! ,"Boston, MA"
Tue Jul 02 23:59:37 +0000 2019,"estar soltera esta de moda'""","Irving, TX"
Tue Jul 02 23:59:36 +0000 2019,Glad these days are over....for now \ ,"Wheaton, MD"
Tue Jul 02 23:59:36 +0000 2019,"james avery needs to come out with a sunflower ring...i\ be allllll over that'""","Texas, USA"
Tue Jul 02 23:59:36 +0000 2019,Ahhhhh \ City boyz out here winning ,"Detroit, MI"
Tue Jul 02 23:59:36 +0000 2019,i love you\ ,"Obetz, OH"
Tue Jul 02 23:59:36 +0000 2019,I look like the 10th Doctor. ,"Winston-Salem, NC"
Tue Jul 02 23:59:36 +0000 2019, Refrigerator Door \,"Belton, SC"
Tue Jul 02 23:59:36 +0000 2019,"  Oh go back to bed comrade. You have lots of trolling to do tomorrow.'""","Los Angeles, CA"
Tue Jul 02 23:59:36 +0000 2019," Despicable and ignorant'""","Raleigh, NC"
Tue Jul 02 23:59:36 +0000 2019, these guys are awsome to work with. Always go above and beyond. Just bought my third Fender (I may ha\ ,"Las Vegas, NV"
Tue Jul 02 23:59:36 +0000 2019, Thanks for the reminder \,"Houston, TX"
Tue Jul 02 23:59:36 +0000 2019,"Was job hunting. Back in the day. \\n#shoehead #shoehead65 @ Austin, Texas ","Austin, TX"
Tue Jul 02 23:59:36 +0000 2019, thanks bro \,"Nashville, IL"
Tue Jul 02 23:59:36 +0000 2019,5 guys ,"Summerlin South, NV"
Tue Jul 02 23:59:36 +0000 2019,  Would rather chance it with Marc Bartra. Watched him at Dortmund and was very impressed.\ ,"Manhattan, NY"
Tue Jul 02 23:59:36 +0000 2019,Robber: You willing to doe over your jewelry?\\n\\nMe: the real Qs here is are you willing to die over my fake Jewelry\ ,"North Dakota, USA"
Tue Jul 02 23:59:36 +0000 2019,Imma have to throw something this week \,"Glen Rock, NJ"
Tue Jul 02 23:59:36 +0000 2019, I lied. It\ 32 days till anaheim sad summer \,"Mesa, AZ"
Tue Jul 02 23:59:36 +0000 2019," Looking forward to the review on #tmdnascar tomorrow!'""","Akron, OH"
Tue Jul 02 23:59:35 +0000 2019,No Days Off..!! #AndOutCameCrack @ 4URecording ,"Memphis, TN"
Tue Jul 02 23:59:35 +0000 2019,Truth\ ,"Mississippi, USA"
Tue Jul 02 23:59:35 +0000 2019,It\ REALLY frustrating to have to pay $50 a month PLUS ADD ONS for the same boxes. I know my profiles are differen\ ,"Mississippi, USA"
Tue Jul 02 23:59:35 +0000 2019,"I\'m at Blue Mountain Brewery & Hop Farm -  in Afton, VA  ","Virginia, USA"
Tue Jul 02 23:59:35 +0000 2019," Not at planet with you it ain\ even a pokestop like roca'""","El Paso, TX"
Tue Jul 02 23:59:35 +0000 2019,why do people act like this \,"Fort Worth, TX"
Tue Jul 02 23:59:35 +0000 2019," *has Feb birthday*\\n\\nI\'m gonna fight that person.""'","Missouri, USA"
Tue Jul 02 23:59:35 +0000 2019,One thing they will always have a home here even the winning players back when long live all that have came here...\ ,"Vacaville, CA"
Tue Jul 02 23:59:35 +0000 2019,"I have a question for  in the day, what would have been your nickname for my man Dwight Evans?'""","Fairhaven, MA"
Tue Jul 02 23:59:35 +0000 2019,"   Trump is not our country, stand for it ! You owe it all to God and country.'""","Anderson, SC"
Tue Jul 02 23:59:35 +0000 2019,"How can you say you love me and haven\ bought me a Cartier love bracelet?'""","Manhattan, NY"
Tue Jul 02 23:59:35 +0000 2019,"I said, what UB we going to. Lol.'""","Hawaii, USA"
Tue Jul 02 23:59:35 +0000 2019,Cook would be a good pick up for LA \ ,"Hunters Creek, FL"
Tue Jul 02 23:59:35 +0000 2019,Soft tofu ,Kaju Soft Tofu Restaurant
Tue Jul 02 23:59:34 +0000 2019,"  Thank you. You don\'t know how much that means to me\\nYou\'re going to make me cry!""'","Farmington Hills, MI"
Tue Jul 02 23:59:34 +0000 2019,"  And I\ never met a cancer who wasn\ super sensitive \ chill out. It was a joke'""","Vallejo, CA"
Tue Jul 02 23:59:34 +0000 2019,I\ at fucking red rocks about to see Zeds Dead and all I can think about is my Chaddy\,"Colorado, USA"
Tue Jul 02 23:59:34 +0000 2019,These seats will do  ,"Washington, DC"
Tue Jul 02 23:59:34 +0000 2019,I frequent this mall!!   scary!!! ,"San Francisco, CA"
Tue Jul 02 23:59:34 +0000 2019,Missing the Farm a little extra today. Thank you so much for an amazing show!  your music is so beautiful an\ ,"Tennessee, USA"
Tue Jul 02 23:59:34 +0000 2019," beer never broke my heart !'""","Independence, MO"
Tue Jul 02 23:59:34 +0000 2019,"3-1-0 is the USAs all time record vs England in the World Cup both mens and women\'s.  When the competition matters we don\'t lose to England""'","Norfolk, VA"
Tue Jul 02 23:59:34 +0000 2019," Didnt his people say Obama never wanted to meet with Kim.  Well I guess that was another lie.'""","Texas, USA"
Tue Jul 02 23:59:34 +0000 2019, Always a soft spot for busty bunnies \,"Lake Butler, FL"
Tue Jul 02 23:59:34 +0000 2019," bsmoovvve'""","Chicago, IL"
Tue Jul 02 23:59:34 +0000 2019,Yea Kori\ ,"Houston, TX"
Tue Jul 02 23:59:34 +0000 2019," Yeah I\'m in Gilg so i can inject you full of hot white magic""'","Anchorage, AK"
Tue Jul 02 23:59:34 +0000 2019," Who ever is polled by Gallup???'""","California, USA"
Tue Jul 02 23:59:33 +0000 2019,"   Exactly'""","Kentucky, USA"
Tue Jul 02 23:59:33 +0000 2019,Love this! ,"Irmo, SC"
Tue Jul 02 23:59:33 +0000 2019,"It\ 2019 if someone doesn\ have Venmo or Cashapp they don\ want to pay you back'""","Lee's Summit, MO"
Tue Jul 02 23:59:33 +0000 2019,Duquesne Incline over a body of water with a city in the background ,"Pittsburgh, PA"
Tue Jul 02 23:59:33 +0000 2019,Kicking it with the old timers \ If I here Teena Marie Square business one mo time \,"Chicago, IL"
Tue Jul 02 23:59:33 +0000 2019,English tea is always distasteful.  \ #USWNT #USAENG #WorldCup2019 ,"Missouri, USA"
Tue Jul 02 23:59:33 +0000 2019,Parents can really have toxic ways  but nobody ready for that conversation tho right ?\,"Youngstown, OH"
Tue Jul 02 23:59:33 +0000 2019,You heard of the Javy Baez comps defensively for Gleyber Torres when the Yankees acquired him in \ and it\ come\ ,"Iowa, USA"
Tue Jul 02 23:59:33 +0000 2019," Including legal immigrants.'""","Burlington, MA"
Tue Jul 02 23:59:33 +0000 2019," Gorilla porn'""","Cleveland Heights, OH"
Tue Jul 02 23:59:33 +0000 2019,"Gleyber wit da LEATHA'""","Barnum Island, NY"
Tue Jul 02 23:59:33 +0000 2019," Because safer streets and bike lanes don\'t help kids? This was an odd take""'","Alabama, USA"
Tue Jul 02 23:59:33 +0000 2019," Remember the poem High Flight?'""","Greenland, AR"
Tue Jul 02 23:59:33 +0000 2019,Shots fired \ ,"Arlington, TX"
Tue Jul 02 23:59:33 +0000 2019,"  Need to give it a listen'""","Oakland, CA"
Tue Jul 02 23:59:32 +0000 2019,"  Definitely. You should be able to in about a week. #heimbeer #KC #electricpark'""","Kansas City, MO"
Tue Jul 02 23:59:32 +0000 2019," Real class act there. Not.'""","Washington, USA"
Tue Jul 02 23:59:32 +0000 2019,And  has just the stuff to keep you cool! ,"Whitefish Bay, WI"
Tue Jul 02 23:59:32 +0000 2019,"Gleyber! Still somehow not an all star'""","Sunset Park, Brooklyn"
Tue Jul 02 23:59:32 +0000 2019,"gonna reach my goal weight by August , you don\ know how long this has taken me \","Bronx, NY"
Tue Jul 02 23:59:32 +0000 2019,"Dudes of a certain age just LOVE that my dog\ name is Baxter.'""","Denver, CO"
Tue Jul 02 23:59:32 +0000 2019, Right like I could\ married Tom Holland if it lived there\,"Elgin, IL"
Tue Jul 02 23:59:32 +0000 2019, continue to trust the process & what is for you will be \  ,"Georgia, USA"
Tue Jul 02 23:59:32 +0000 2019,"I\'m at The Motherloaded Tavern in Breckenridge, CO ","Breckenridge, CO"
Tue Jul 02 23:59:32 +0000 2019,"Is the Willie Cauley Stein deal with the Dubs legit? #NBAFreeAgency'""","Austin, TX"
Tue Jul 02 23:59:32 +0000 2019,feel like I been riding for hours\,"Greenville, SC"
Tue Jul 02 23:59:32 +0000 2019," Kill em'""","Montrose, VA"
Tue Jul 02 23:59:32 +0000 2019,"Severe Thunderstorm Warning continues for Spearfish SD, North Spearfish SD, Saint Onge SD until 6:45 PM MDT ","South Dakota, USA"
Tue Jul 02 23:59:32 +0000 2019," I work in Crown Heights !! Come visit me and get free vegan pizza'""","Brooklyn, NY"
Tue Jul 02 23:59:32 +0000 2019,Tomorrow is my Friday \,"Reno, NV"
Tue Jul 02 23:59:31 +0000 2019,"   Agree!!!!'""","Iowa City, IA"
Tue Jul 02 23:59:31 +0000 2019,"  Damn girl! You gave a good show at Pride! More importantly, thank you so much for being a v\ ","Atlanta, GA"
Tue Jul 02 23:59:31 +0000 2019,fantastic stuff please peep ,"Holly Hill, FL"
Tue Jul 02 23:59:31 +0000 2019,"1) i love this video so much\\n\\n2) if Ben Simmons shoots 35% from three next season, solid chance he\'s the NBA\'s Most\ ","Brooklyn, NY"
Tue Jul 02 23:59:31 +0000 2019,  Great look Mike!!! \,"Houston, TX"
Tue Jul 02 23:59:31 +0000 2019,You call yourselves people of God but are applauding this for happening  \ this is unacceptable under any circu\ ,"Los Angeles, CA"
Tue Jul 02 23:59:30 +0000 2019,"Happy 14th year anniversary Luther Vandross.  (R.I.P.)  We love you, and we miss you sooo very much always.  God bl\ ","Freeport, NY"
Tue Jul 02 23:59:30 +0000 2019,Your daughter is awesome! We \ having her as part of the #boilerfamily! ,"Indianapolis, IN"
Tue Jul 02 23:59:30 +0000 2019,It\ Alex Flock once again with a 2-RBI double to break this game wide open \,"New York, USA"
Tue Jul 02 23:59:30 +0000 2019," Hey we have 4 guys. Next they\ bring back mozkov'""","Mill Valley, CA"
Tue Jul 02 23:59:30 +0000 2019, L\ smh \,"Staten Island, NY"
Tue Jul 02 23:59:30 +0000 2019,"Can I get a SHOWMANCE please? #BB21 #BigBrother'""","Virginia, USA"
Tue Jul 02 23:59:30 +0000 2019,"  Leave breathing holes.'""","Santa Ana, CA"
Tue Jul 02 23:59:30 +0000 2019,of course....the first bar I visit on this cruise just *has* to be pharmacy themed \ ,Carnival Legend
Tue Jul 02 23:59:30 +0000 2019, Where is the talk one would except to be hearing about the $26 trillion global restoration economy?\ ,"Eldorado at Santa Fe, NM"
Tue Jul 02 23:59:30 +0000 2019, That SMILE!!! \,"South Salt Lake, UT"
Tue Jul 02 23:59:30 +0000 2019,"If you are in the #Sacramento area and seeking a networking/growth opportunity around building teamwork, here\ an\ ","Carmichael, CA"
Tue Jul 02 23:59:30 +0000 2019,That cockpit kinda looks like the cockpit of the modified Tie Intercepter in the trailer for Episode IX \ ,"Chula Vista, CA"
Tue Jul 02 23:59:30 +0000 2019,I just wanna see the new Spider-Man movie \,"Long Beach, CA"
Tue Jul 02 23:59:30 +0000 2019,"   It\ just the idea of blowing up a satellite is horrifying'""","Georgia, USA"
Tue Jul 02 23:59:30 +0000 2019,cook that shit up quay \,"Golden Glades, FL"
Tue Jul 02 23:59:30 +0000 2019,"I\ all for \ elders\ but they need to respect us too.'""","Houston, TX"
Tue Jul 02 23:59:30 +0000 2019,"  Question is... Will it be open 24hrs?'""","Houston, TX"
Tue Jul 02 23:59:30 +0000 2019, when are you doing a show in nyc? TAKE MY MONEY \,"Brooklyn, NY"
Tue Jul 02 23:59:30 +0000 2019,"Just landed at LAX and I\ never leaving'""","Los Angeles, CA"
Tue Jul 02 23:59:29 +0000 2019,"I wanna see all the American Ninja Warriors compete on Wipeout.\\n\\nReally test their skills.'""","Port Neches, TX"
Tue Jul 02 23:59:29 +0000 2019, He was trying to be like: ,"Concord, CA"
Tue Jul 02 23:59:29 +0000 2019,Accident reported in #Clark on I - 15 NB at Sahara Ave #VegasTraffic ,"Las Vegas, NV"
Tue Jul 02 23:59:29 +0000 2019,No #warrior or caregiver should ever feel like they\ alone. Wounded Warrior Project works together as a\ ,"San Antonio, TX"
Tue Jul 02 23:59:29 +0000 2019," We are triggered apparently, but according to him he wants to fight me cause I\ a Duke fan.'""","Pennsylvania, USA"
Tue Jul 02 23:59:29 +0000 2019," Thank you'""","Pearland, TX"
Tue Jul 02 23:59:29 +0000 2019,Just seen someone say the dodgers should trade muncy ? Stupid \,"Ventura, CA"
Tue Jul 02 23:59:29 +0000 2019,But I\ sure some Laker fan somewhere happy about it lol...Jared F. Dudley \,"Atlanta, GA"
Tue Jul 02 23:59:29 +0000 2019,game night\ @ sav coffee roasters ,Savannah Coffee Roasters
Tue Jul 02 23:59:29 +0000 2019,"Wow, Torres is filthy'""","Tuckerton, NJ"
Tue Jul 02 23:59:28 +0000 2019,Good Evening    I am a grandmother & I have but a huge  since day 1\ ,"Mount Pocono, PA"
Tue Jul 02 23:59:28 +0000 2019," Ayo tighten up foolay'""","Calumet City, IL"
Tue Jul 02 23:59:28 +0000 2019,*Zee ,"Baltimore, MD"
Tue Jul 02 23:59:28 +0000 2019,"Wait, some of y\ still out here wearing Burzum shirts?? Y\ know Varg\ a Nazi right??'""","Corpus Christi, TX"
Tue Jul 02 23:59:28 +0000 2019," But the tea in Peru is much hotter'""","Mesa, AZ"
Tue Jul 02 23:59:28 +0000 2019," Looook lol. It\ such a beautiful, one of a kind experience. SOOO worth it. I\ do it all over aga\ ","Gautier, MS"
Tue Jul 02 23:59:28 +0000 2019,"Why do I have insurance if it doesn\ cover basic things I need done?'""","Chicago, IL"
Tue Jul 02 23:59:28 +0000 2019,    Not the same thing. The baker is operating a business of public accom\ ,"Seattle, WA"
Tue Jul 02 23:59:28 +0000 2019,"    Who are you again?\\nOh, that\'s right: a professional mouthpiece fo\ ","Cooper City, FL"
Tue Jul 02 23:59:28 +0000 2019,Margaret and Sierra have completed their competitions for FCCLA at the National Convention and now wait til Thursda\ ,Anaheim Convention Center
Tue Jul 02 23:59:28 +0000 2019," Yeah totally!'""","Downtown, San Francisco"
Tue Jul 02 23:59:28 +0000 2019, Boom! \,"Portland, ME"
Tue Jul 02 23:59:28 +0000 2019,Just cuz I\ dead don\ mean I ain\ alive \ ,"Brownsville, TN"
Tue Jul 02 23:59:28 +0000 2019,Wow  10 years ago you had some #quality #service but now you are all about  #inconvenience and extra\ ,Tom Bradley International Terminal (TBIT)
Tue Jul 02 23:59:28 +0000 2019,"If you\'re looking for work in #Bellevue, WA, check out this #Engineering job via the link in our bio: Construction\ ","Bellevue, WA"
Tue Jul 02 23:59:27 +0000 2019,"Anyone else NOT liking #OnePunchMan2 ?!?! Seriously he\ barely in the show'""","Miami, FL"
Tue Jul 02 23:59:27 +0000 2019,"July you have been so good to me so far... I mean you are my fav month and all \  \\n\\nSnorkeling, fishing, boatin\ ","Key West, FL"
Tue Jul 02 23:59:27 +0000 2019,"    That is so sweet.'""","Newcastle, WA"
Tue Jul 02 23:59:27 +0000 2019,Drinking Out of Toilets: The Conditions in Border Patrol Facilities Are Beyond Horrifying  v\ ,"Matteson, IL"
Tue Jul 02 23:59:27 +0000 2019,Heck yeah baseball is fun! Come to an  game. #RootedinOakland ,"Sunnyvale, CA"
Tue Jul 02 23:59:27 +0000 2019,   Okay I see y\ \,"Vidor, TX"
Tue Jul 02 23:59:27 +0000 2019,"I\ bet against USA soccer the last 2 games. It has not worked out for me'""","Dallas, TX"
Tue Jul 02 23:59:26 +0000 2019,"Lmao do y\ even know how credit works ?'""","University, FL"
Tue Jul 02 23:59:26 +0000 2019," Excellent question!'""","Moon, PA"
Tue Jul 02 23:59:26 +0000 2019,  If it was the other way around it would be \,"Sun Prairie, WI"
Tue Jul 02 23:59:26 +0000 2019,I can\ stand the fact that I leave the house before 7:30 am and don\ get home till past 7:30pm. \,"Minneapolis, MN"
Tue Jul 02 23:59:26 +0000 2019, I <3 you ANDY and Freddy  totally sobbing because i cant get messages to you MISSION IMPOSSIBLE PROBL\ ,"Phoenix, AZ"
Tue Jul 02 23:59:26 +0000 2019, Would you be a consultant on nudity or would you be nude while consulting on other things? \,"Graceville, FL"
Tue Jul 02 23:59:26 +0000 2019,   There are several things that keep the black voters I know from going for Warr\ ,"Salem, OR"
Tue Jul 02 23:59:26 +0000 2019,I broke up w Jacob an he said he that he Pond my flat screen so I popped up at his house trippen searching the whol\ ,"Bakersfield, CA"
Tue Jul 02 23:59:26 +0000 2019," Cagado Ortega ni ese lugar llena. Habr\ llegado m\ gente para ver a Pipo.'""","Shaker Heights, OH"
Tue Jul 02 23:59:26 +0000 2019,Long story but I had to listen to the match on the radio. Finally seeing this meg by  \ borrow\ ,"Hebron, KY"
Tue Jul 02 23:59:26 +0000 2019,"I\ really about to be 30 wtffff'""","Akron, OH"
Tue Jul 02 23:59:26 +0000 2019,"Then, I was happy & over-flowing w/ Pride.. \ through Neb\ wettest Spring (ever) and my final night of play?.. We\ ","Omaha, NE"
Tue Jul 02 23:59:26 +0000 2019,  \,"Grass Valley, CA"
Tue Jul 02 23:59:26 +0000 2019,Just a quick clip of  doing what she loves \ More clips to come \ ,Orange County Convention Center North Concourse
Tue Jul 02 23:59:26 +0000 2019,"yes im gay, yes im single, yes you can hmu. fuck these niggas.'""","Anderson, IN"
Tue Jul 02 23:59:26 +0000 2019,  Nice \,"San Marcos, CA"
Tue Jul 02 23:59:26 +0000 2019,"  I pledge not to watch....'""","California, USA"
Tue Jul 02 23:59:26 +0000 2019,"Alright, I\ done with this situation for now until  does an oopise later in the future ","Las Vegas, NV"
Tue Jul 02 23:59:26 +0000 2019,"Consider it a miracle if I make it through however long it takes me to move out of this house completely, without s\ ","Royal Pines, NC"
Tue Jul 02 23:59:26 +0000 2019,"'""Home""  ","Lebanon, OH"
Tue Jul 02 23:59:26 +0000 2019," its alright'""","Howell, NJ"
Tue Jul 02 23:59:26 +0000 2019,Saltine crackers are my new best friends \,"Cherry Hill Mall, NJ"
Tue Jul 02 23:59:26 +0000 2019,Packed house for my boy  can\'t wait! #midsommer ,"Chicago, IL"
Tue Jul 02 23:59:26 +0000 2019,"    never gets old.'""","Pennsylvania, USA"
Tue Jul 02 23:59:25 +0000 2019, Lmaoooooo damn hours later . Shit gone \,"Pine Creek, MI"
Tue Jul 02 23:59:25 +0000 2019,"    Sensitive king!'""","Austin, TX"
Tue Jul 02 23:59:25 +0000 2019,Broke up with my dude \,"St Andrews, SC"
Tue Jul 02 23:59:25 +0000 2019,26 and havin my first chocolate \,"Texas, USA"
Tue Jul 02 23:59:25 +0000 2019,Make Trump pay for it.  He a rich stable dictator loving genius. ,"Florida, USA"
Tue Jul 02 23:59:25 +0000 2019,my mom always shreds tells me i remind her of certain people sometimes\\n(she usually says jimmy neutron??)\\ntoday she\ ,"Delaware, OH"
Tue Jul 02 23:59:25 +0000 2019," My parents were super abusive. They were the problem, not me.'""","New Mexico, USA"
Tue Jul 02 23:59:25 +0000 2019,Finally starting to watch  \,"Stow, OH"
Tue Jul 02 23:59:25 +0000 2019,This is the best #USAvsEngland tweet all day \ ,"Columbus, OH"
Tue Jul 02 23:59:25 +0000 2019,     She is! Her term recently ended on the Board at ILA and we were all \,"Mountainside, NJ"
Tue Jul 02 23:59:25 +0000 2019, giving away sneakers on his YouTube channel at 9p today . Oh shit Gahdam.  ,"Georgia, USA"
Tue Jul 02 23:59:25 +0000 2019," Me either. It just doesn\'t feel right.""'","Santa Fe, NM"
Tue Jul 02 23:59:25 +0000 2019,"2008 #CHEVROLET #TAHOE LTZ 81k miles $17,995 \\n#oneowner\\n#carfaxcertified\ \\n#sportexhaust \\n#fullyloaded\ ","Nyack, NY"
Tue Jul 02 23:59:25 +0000 2019,  It\ 1:00am Matty \,"Milton, GA"
Tue Jul 02 23:59:25 +0000 2019,"      For the record and for the fifth time,\ ","Parker, CO"
Tue Jul 02 23:59:24 +0000 2019, this seems like a bargain ,"Miami Beach, FL"
Tue Jul 02 23:59:24 +0000 2019,"Yeah I see Incendiary tonight but I get shell mac when I get back to mons.... Cute.'""","Brooklyn, NY"
Tue Jul 02 23:59:24 +0000 2019,    See..they made it 20 seconds...why I have no idea. So Curry hasnt in the\ ,"Oakland, CA"
Tue Jul 02 23:59:24 +0000 2019,"Where can I get boxing gloves without ordering online? I need some like now'""","Georgia, USA"
Tue Jul 02 23:59:24 +0000 2019," Can you believe it! I think these news people are catching on!'""","Fairbanks, AK"
Tue Jul 02 23:59:24 +0000 2019,"  Why are you helping him. Every day, your constituents are waiting for you to hold h\ ","New Mexico, USA"
Tue Jul 02 23:59:24 +0000 2019,       Try being bound in flo\ ,"Oklahoma City, OK"
Tue Jul 02 23:59:24 +0000 2019,I think about this a lot ,"Nevada, USA"
Tue Jul 02 23:59:24 +0000 2019," No kidding.'""","Dallas, TX"
Tue Jul 02 23:59:24 +0000 2019,I was told I can pass as Ariana Grandes cousin ,"San Jose, CA"
Tue Jul 02 23:59:24 +0000 2019,"Rick Ross in my top 5. Idk what y\ tawkin bout'""","Manhattan, NY"
Tue Jul 02 23:59:23 +0000 2019,Im working my ass off buttt I\ just tryna match my mans hustle in making us a better life! \,"Texas, USA"
Tue Jul 02 23:59:23 +0000 2019,Gotta save myself before i save a bitch- ,"Cleveland, OH"
Tue Jul 02 23:59:23 +0000 2019,So many great things ahead! \,"Raleigh, NC"
Tue Jul 02 23:59:23 +0000 2019," So they didn\ teach sex ed back when you were in high school either, huh?'""","Atascadero, CA"
Tue Jul 02 23:59:23 +0000 2019, ive been jamming out to it 2 thinking about all the blunts & speedway slushies & country cruises with our favorite pal \,"Ironton, OH"
Tue Jul 02 23:59:23 +0000 2019,i just had the strangest experience. some creep pretended to be me on reddit and i saw a bunch of people ramdomly t\ ,"Boston, MA"
Tue Jul 02 23:59:23 +0000 2019,"I took abby and her best friend Kat to the forest today, with another mom and her teen daughter, and without the li\ ","Texas, USA"
Tue Jul 02 23:59:23 +0000 2019,"can we just talkkkkkkk'""","New Orleans, LA"
Tue Jul 02 23:59:23 +0000 2019,"  I recommend changing google password too'""","Wisconsin, USA"
Tue Jul 02 23:59:23 +0000 2019,Jennifer Hudson talks to  about her rise to stardom.  is ready to rock in Philly for\ ,"Philadelphia, PA"
Tue Jul 02 23:59:23 +0000 2019," Well paid malcontents and misfits.'""","Virginia, USA"
Tue Jul 02 23:59:23 +0000 2019,"God sees your pain. He will supply an opportunity. He will provide a way. Bigger and greater than before!'""","Columbus, OH"
Tue Jul 02 23:59:22 +0000 2019,"Lmfao she said y\ bitches don\ even  be liking y\ baby daddy until I do LMFAO'""","Cleveland, OH"
Tue Jul 02 23:59:22 +0000 2019," Not as good, but I\ heard of wrapping them in foil.'""","Hampton Township, PA"
Tue Jul 02 23:59:22 +0000 2019," That\ a unicycle rack buddy'""","Anchorage, AK"
Tue Jul 02 23:59:22 +0000 2019,Can we start a primary challenge against   ? ,"Glenview, IL"
Tue Jul 02 23:59:22 +0000 2019,"It\ the least i could do, i\ more decent with you.\\n\\nShot by  ","Temecula, CA"
Tue Jul 02 23:59:22 +0000 2019, Appreciate that. \,"California, USA"
Tue Jul 02 23:59:22 +0000 2019,Doesn\ matter to me tbh ,"Houston, TX"
Tue Jul 02 23:59:22 +0000 2019," and i oop-'""","Miami, FL"
Tue Jul 02 23:59:22 +0000 2019,Why do I hate myself so much that I consistently book 6 AM flights? \\nAlso hey see you soon Canada \,"Tuckahoe, VA"
Tue Jul 02 23:59:22 +0000 2019," OMG. So sorry for your loss. It sounds like the police tried for a better outcome. They were here for quite a while.'""","Houston, TX"
Tue Jul 02 23:59:22 +0000 2019,They had me when they referred to \ Wicker Man\ as an inspiration. ,"Crestwood, KY"
Tue Jul 02 23:59:22 +0000 2019," Cabron pero si lo \ relevante que tiene es la serie de Netflix'""","Cayey, Puerto Rico"
Tue Jul 02 23:59:22 +0000 2019,"So get out of here with that lazy take, Matt.'""","Chicago, IL"
Tue Jul 02 23:59:22 +0000 2019," hell yeah my guy'""","Austin, TX"
Tue Jul 02 23:59:22 +0000 2019,Are you completely satisfied with your assessments?  Coming to the Rendezvous in Nashville?   Join me and\ ,"Pullman, WA"
Tue Jul 02 23:59:22 +0000 2019,   So treat them like animals? They\ fleeing impossible conditons. I say\ ,"Brooklyn, NY"
Tue Jul 02 23:59:21 +0000 2019,"if u don\ follow my vsco ur whack'""","Phoenix, AZ"
Tue Jul 02 23:59:21 +0000 2019,"  I met her once'""","Pennsylvania, USA"
Tue Jul 02 23:59:21 +0000 2019,Why would anyone oppose a citizenship question on a census? We should want to know the status of every person in th\ ,"Hollywood, FL"
Tue Jul 02 23:59:21 +0000 2019,Ahem. #WillieBrown would have intimate knowledge on this topic. \ ,"Oklahoma City, OK"
Tue Jul 02 23:59:21 +0000 2019," We should all be donating to the ACLU. They are fighting the good fight.'""","Hobe Sound, FL"
Tue Jul 02 23:59:21 +0000 2019,  The house can impeach him every week but the Senate is not going to convict him and r\ ,"Harriman, TN"
Tue Jul 02 23:59:21 +0000 2019,LAKER FANS REALLY KAWHI TO THE LAKERS ISNT WEAK...HE CAN EASILY BE IN LA AND PLAY FOR THE CLIPPERS SAME SH*T DONT A\ ,"San Diego, CA"
Tue Jul 02 23:59:21 +0000 2019, I respect this! In most scenarios I wouldn\ like the sexual stuff but this chick is gonna make bank of\ ,"Salt Lake City, UT"
Tue Jul 02 23:59:21 +0000 2019,"Look out moms, I\ coming for you \ #pool #poolworkouts #poolboxjumps #tattoos #noshirt #california #palmdesert\ ","Palm Desert, CA"
Tue Jul 02 23:59:21 +0000 2019,"  I followed a podcast watching Dragon Ball Z Kai and half their explanations were in wrestling references.'""","Rowland Heights, CA"
Tue Jul 02 23:59:21 +0000 2019,  Trumps draining the swamp in Washington reference means getting rid of all the poor peopl\ ,"Virginia, USA"
Tue Jul 02 23:59:21 +0000 2019,"Uncomfortable wit u behind me my cousin got hit n the back of his head!'""","Columbus, OH"
Tue Jul 02 23:59:21 +0000 2019," Lmfao tell me why I was trying to do your way, but I forgot'""","Huntington Beach, CA"
Tue Jul 02 23:59:21 +0000 2019,LMAOOOOOOO ,"Pine Manor, FL"
Tue Jul 02 23:59:21 +0000 2019,"  His love of getting hugs from random listeners also came up. Weird, eh? \","Valparaiso, IN"
Tue Jul 02 23:59:21 +0000 2019, These people are uncaring hypocrites. That\ what\ wrong with them. As long as it doesn\ affect th\ ,"Kentucky, USA"
Tue Jul 02 23:59:21 +0000 2019,Hey guys vote my best friend  \ female hip-hop artist\ and \ of the year\ ,"Gastonia, NC"
Tue Jul 02 23:59:21 +0000 2019, I knew that. I looked it up. I didn\ call you out cuz I don\ do that. It was a very complicated situati\ ,"San Diego, CA"
Tue Jul 02 23:59:20 +0000 2019,"  Can\ wait for show !!'""","Kensington, CT"
Tue Jul 02 23:59:20 +0000 2019,"I forgot that the best thing about a very low-carb diet is that I\ a cheap drunk.  I should put my phone away...'""","Groveton, VA"
Tue Jul 02 23:59:20 +0000 2019,I told gabe his feet stink and he got up and sprayed febreze on them and sat back down \,"Oregon, USA"
Tue Jul 02 23:59:20 +0000 2019,"After violent night in Rochester, police chief promises crackdown on crime, illegal guns\\n","East Rochester, NY"
Tue Jul 02 23:59:20 +0000 2019,Mannion: Can you take a picture of what you want and I\ put in the order when I get home? I am probably going to\ ,"Brooklyn, NY"
Tue Jul 02 23:59:20 +0000 2019," That\ not his BM. Him & Ameerah are together now.'""","Houston, TX"
Tue Jul 02 23:59:20 +0000 2019," Concealer , foundation and then setting powder'""","Georgia, USA"
Tue Jul 02 23:59:20 +0000 2019,"Power outage (@ Rookies All-American Pub & Grill -  in Huntley, IL) ","Huntley, IL"
Tue Jul 02 23:59:19 +0000 2019,"2019 Summer Hoops Day 5 at Indy Park Riverside Park  via  Around where I grew up, Ri\ ","Atascocita, TX"
Tue Jul 02 23:59:19 +0000 2019," That\'s at least two steps ahead of where he was.""'","Franklin, TN"
Tue Jul 02 23:59:19 +0000 2019," Wife him'""","King City, CA"
Tue Jul 02 23:59:19 +0000 2019,"Rest In Peace, Tyler. ","Menlo Park, CA"
Tue Jul 02 23:59:19 +0000 2019,"Fairbrother grounds out to end it, and that\ six scoreless for Burmaster. \\n\\n5-0 Royal Printing as we go to the seventh.'""","Buffalo, NY"
Tue Jul 02 23:59:19 +0000 2019,"Almanac Apricot Sournova is here, $15.99/4 pack ","Davis, CA"
Tue Jul 02 23:59:19 +0000 2019," Thank you!'""","Temple City, CA"
Tue Jul 02 23:59:19 +0000 2019," JEMELE HILL PLEASE SHUT UP YOU ARE IRRELEVANT NOW!!!!'""","South Elgin, IL"
Tue Jul 02 23:59:19 +0000 2019,"And I repeat...  needs to be on the all star team.'""","Farmingdale, NY"
Tue Jul 02 23:59:19 +0000 2019, I think the debate is more centered around the theme that Khloe doesn\'t have a proverbial pot to pis\ ,"Baltimore, MD"
Tue Jul 02 23:59:19 +0000 2019,Thank you to each and every #member of the #militaryservice.  You all are appreciated so very very much \ ,"Wichita Falls, TX"
Tue Jul 02 23:59:19 +0000 2019,#NutritionalToolTuesday\\n.\\n.\\nGet out of your comfort zone and try new/exciting foods. Whether it\'s just switching yo\ ,"Valrico, FL"
Tue Jul 02 23:59:19 +0000 2019,"  Dudley said, I WANNA RING!\","Bay Shore, NY"
Tue Jul 02 23:59:19 +0000 2019,Can you recommend anyone for this job? History Associate (Part-time) Instructor Pool 2018 -  ,"Oceanside, CA"
Tue Jul 02 23:59:19 +0000 2019,ummm i- ,"Lufkin, TX"
Tue Jul 02 23:59:18 +0000 2019,"Mi diva, mi gran se\ ","Fullerton, CA"
Tue Jul 02 23:59:18 +0000 2019,"'Career tip for landing jobs like ""Case Manager, Community Corrections"" in #Tucson, AZ. Go on informational intervie\ ","Tucson, AZ"
Tue Jul 02 23:59:18 +0000 2019,"I want to see somebody I know get reviewed on  would make my day'""","Atlanta, GA"
Tue Jul 02 23:59:18 +0000 2019,I did my nails\ ,"Stockton, CA"
Tue Jul 02 23:59:18 +0000 2019," Yes email me please will send'""","Baxter Estates, NY"
Tue Jul 02 23:59:18 +0000 2019,Privacy screen for the W mind your own hoe ,"Springfield, IL"
Tue Jul 02 23:59:18 +0000 2019,"I release others from my agendas, trusting completely the perfect people and events will arise to meet me as I follow my path.'""","Philadelphia, PA"
Tue Jul 02 23:59:18 +0000 2019," I mean, if you\'re gonna trust one family to find the unprotected money....""'","Charlotte, NC"
Tue Jul 02 23:59:17 +0000 2019," Agreed'""","College Station, TX"
Tue Jul 02 23:59:17 +0000 2019,This is Magic Johnson worthy ,"Tamiami, FL"
Tue Jul 02 23:59:17 +0000 2019,Check out my classroom on  I\'d love your help to bring my project to life:   ,"Omaha, NE"
Tue Jul 02 23:59:17 +0000 2019, Lmao! Please don\ tell me you just seen this \,"Texas, USA"
Tue Jul 02 23:59:17 +0000 2019,Hottie of the Year ,"Manhattan, NY"
Tue Jul 02 23:59:17 +0000 2019, Eso va mucho antes del 2015... ponte a ver 2006... Rosales candidato \ Arias C\ en el 2000... nad\ ,"Miramar, FL"
Tue Jul 02 23:59:17 +0000 2019," This is good and pure'""","Edwardsville, IL"
Tue Jul 02 23:59:17 +0000 2019,"at the grand ole opry house! #Opry #OpryHouse #GrandOleOpry #GrandOleOpryHouse (our seats are section 19, row A, se\ ",Grand Ole Opry House
Tue Jul 02 23:59:17 +0000 2019,  Just. All except my pants.\\n\\nThis is actually me. \ ,"Frederick, MD"
Tue Jul 02 23:59:17 +0000 2019,Doing a little experiment tonight....  #playingcards #cardistry #cncengraving #cncrouter #minimill #openbuilds @ Gw\ ,"Lawrenceville, GA"
Tue Jul 02 23:59:17 +0000 2019, I\'m sure it\'s a good movie.  But I\'m always amused when English actors attempt to do Southern Accents\ ,"Centerville, OH"
Tue Jul 02 23:59:16 +0000 2019,Spider-Man IMAX! (@ AMC Showplace Schererville 16 -  for Spider-Man: Far From Home: The IMAX 2D Experie\ ,"Schererville, IN"
Tue Jul 02 23:59:16 +0000 2019,"to subtweet requires a certain degree of empathy methinks'""","Seattle, WA"
Tue Jul 02 23:59:16 +0000 2019,   Ohhhh nooooo. Yeah you gotta go Marcia Brady: \ suddenly came up.\,"New Orleans, LA"
Tue Jul 02 23:59:16 +0000 2019,"Check out the \'class carousel\' for our upcoming game, Brinedrift.\\n\\n#brinedrift #tavria #teasertuesday #indiedev\ ","Ohio, USA"
Tue Jul 02 23:59:16 +0000 2019,Executive director  is hitting the road! Thanks to our friends at  for having us on and fo\ ,"Henderson, KY"
Tue Jul 02 23:59:16 +0000 2019," They were all bad until that one. Didn\ take direction well either.'""","Los Angeles, CA"
Tue Jul 02 23:59:16 +0000 2019," I keep telling you, Gemini\ as a friend and geminis as a partner are two different people \","Englewood, NJ"
Tue Jul 02 23:59:16 +0000 2019, Cut it \,"Clayton, NC"
Tue Jul 02 23:59:16 +0000 2019," Jajajaj'""","San Juan, USA"
Tue Jul 02 23:59:16 +0000 2019,"Finally caught up to season six, episode one of #AgentsofSHIELD and this show is now a full on sci-fi thriller. Suc\ ","Atlanta, GA"
Tue Jul 02 23:59:16 +0000 2019,Looking at my bank account after New York City like: ,"New York, USA"
Tue Jul 02 23:59:16 +0000 2019,"Party in Uptown DC tomorrow night from 9:30PM till whenever. Hosted by the boy and his boys. Hit my line for details. See you there.'""","Washington, DC"
Tue Jul 02 23:59:16 +0000 2019,That will now haunt me. #oceansareskerry \ ,"Austin, TX"
Tue Jul 02 23:59:16 +0000 2019," AWESOME'""","Cincinnati, OH"
Tue Jul 02 23:59:16 +0000 2019,Don\ even entertain that I just had to argue with somebody that Russ was better than Kyle Lowry I was mad at myself ,"Oklahoma, USA"
Tue Jul 02 23:59:15 +0000 2019,Camping. \ @ Fransted Campground ,"New Hampshire, USA"
Tue Jul 02 23:59:15 +0000 2019," We need your attitude in LA! Welcome!!!'""","Wichita, KS"
Tue Jul 02 23:59:15 +0000 2019,"WHAT A PLAY WTFFFFF'""","Manhattan, NY"
Tue Jul 02 23:59:15 +0000 2019,I knew the answer to final  because my father has said that term all my life. \\n\\nWhat is jury-rigged (or je\ ,"Tennessee, USA"
Tue Jul 02 23:59:15 +0000 2019,"why are you always the shortest in all of these pics?.i know, because good things come in small packages! ","Swanton, OH"
Tue Jul 02 23:59:15 +0000 2019,Tyler Skaggs was Patrick Corbin\ best friend. 45 forever. \ ,"Los Angeles, CA"
Tue Jul 02 23:59:15 +0000 2019,That double play was some Gleyber Magic.\,"North Star, DE"
Tue Jul 02 23:59:15 +0000 2019," Joe by now you should be sick of all the DemonRat BS'""","Ontario, CA"
Tue Jul 02 23:59:15 +0000 2019,Yup. This is real. ,"Lincolnia, VA"
Tue Jul 02 23:59:15 +0000 2019," \ \ \ \ \ \ \ \ \ ):'""","Philadelphia, PA"
Tue Jul 02 23:59:15 +0000 2019," Debussy *totally* had BDE'""","Austin, TX"
Tue Jul 02 23:59:15 +0000 2019,"e se eu morar no pernambuco?'""","Houston, TX"
Tue Jul 02 23:59:15 +0000 2019,Mind ya Business Fairmont. ,"Houston, TX"
Tue Jul 02 23:59:15 +0000 2019,"There\ the most hating ass hoes out here whew'""","Leavenworth, KS"
Tue Jul 02 23:59:15 +0000 2019,I opened the door for somebody today and they called me a weirdo \,"Merrillville, IN"
Tue Jul 02 23:59:15 +0000 2019,"  Love Carole King but wish we could have  for *Born Free* and Lee Greenwood for *GodBlesstheUSA*....'""","Kure Beach, NC"
Tue Jul 02 23:59:14 +0000 2019,Fun day at the Pacesetter top 100 showcase!! Congrats everyone!! ,Clemens Field House
Tue Jul 02 23:59:14 +0000 2019,Great day for VIP baseball! Let\ go Blue Rocks!\\n\\n#getjipped ,Judy Johnson Field at Daniel S Frawley Stadium
Tue Jul 02 23:59:14 +0000 2019,Gotta teach the boss how to  and tag me! \\n\\nThank you for the acknowledgement! ,"Queens, NY"
Tue Jul 02 23:59:14 +0000 2019,Currently listening to \ it be\ ,"California, USA"
Tue Jul 02 23:59:14 +0000 2019,"If I see someone licking the blue bell ice cream at the store, I\ going to chunk it at the back of your head.'""","The Colony, TX"
Tue Jul 02 23:59:14 +0000 2019,I thought this was  ,"Pine Canyon, CA"
Tue Jul 02 23:59:14 +0000 2019,"I am not ready to hear these fire crackers pop on the 4th, mfs gone be doing it all night like they ain\ go no sense.'""","Chicago, IL"
Tue Jul 02 23:59:14 +0000 2019, Eagle pass Texas you have so many fans over here   imagine if you guys come omfg!!\,"Eagle Pass, TX"
Tue Jul 02 23:59:14 +0000 2019," trash. a true fraud. go on and get off the lawn. tired of seeing him.'""","Manhattan, NY"
Tue Jul 02 23:59:14 +0000 2019,"  Sad. She belongs in Havana'""","Cliffside Park, NJ"
Tue Jul 02 23:59:14 +0000 2019," Lol I love your snaps of your pup! Cracks me up!'""","South Salt Lake, UT"
Tue Jul 02 23:59:14 +0000 2019,"sometimes, you just need to chill. ya heard?\\n ","Narragansett, RI"
Tue Jul 02 23:59:13 +0000 2019,really hate driving on the southside \,"Houston, TX"
Tue Jul 02 23:59:13 +0000 2019," really appreciate you going to commercial mid moment of silence.  Great production, just couldn\ live\ ","Frisco, TX"
Tue Jul 02 23:59:13 +0000 2019," WTF?'""","Arizona, USA"
Tue Jul 02 23:59:13 +0000 2019, Ohhhhh heyyy!!! \,"Minneapolis, MN"
Tue Jul 02 23:59:13 +0000 2019,THE WAY BRUH SLUNG THE FRITOS \ ,"Fairburn, GA"
Tue Jul 02 23:59:12 +0000 2019,I\ never going to tell people what to do with their money but if you\ spending money on these loot boxes in thes\ ,"Tampa, FL"
Tue Jul 02 23:59:12 +0000 2019,"  Because Mueller is the one person who knows Trump skeletons up close and personal?'""","Iowa City, IA"
Tue Jul 02 23:59:12 +0000 2019,Play of the game ,"Buffalo, NY"
Tue Jul 02 23:59:12 +0000 2019,"  I think your right on that'""","San Tan Valley, AZ"
Tue Jul 02 23:59:12 +0000 2019,one more month till my bestie and I are ROOMMATES #prayforus #babffuinthemaking ,"Oklahoma, USA"
Tue Jul 02 23:59:12 +0000 2019," Miss you too!'""","Phoenix, AZ"
Tue Jul 02 23:59:12 +0000 2019,I\ sure a hell of a lot more than you AOC ,"Rye, NY"
Tue Jul 02 23:59:12 +0000 2019,"   An intelligent person doesn\ need everything explained to them, sorry next time I\ ","Georgia, USA"
Tue Jul 02 23:59:12 +0000 2019, I will change by walking away from Nike. America is not perfect but it\'s the best there is... I will walk awa\ ,"Topeka, KS"
Tue Jul 02 23:59:12 +0000 2019," #likeforlike'""","Santa Rosa, CA"
Tue Jul 02 23:59:12 +0000 2019,oop I see trade at this laundromat \,"Brooklyn, NY"
Tue Jul 02 23:59:12 +0000 2019,"  Tiene raz\ es un busc\ de Grandes Ligas, pero, ese no es el meollo del asunto. El meol\ ","Ortz, Puerto Rico"
Tue Jul 02 23:59:11 +0000 2019," Hells fuck yes'""","South Carolina, USA"
Tue Jul 02 23:59:11 +0000 2019,"  No smog. No traffic. No sharks.  Been to Newport, great beach, but don\'t knock Wisco lakes until you try them! Eh?""'","Toledo, OH"
Tue Jul 02 23:59:11 +0000 2019,Fuck that guy ,"Darien, CT"
Tue Jul 02 23:59:11 +0000 2019," Cinematography!!'""","Cleveland Heights, OH"
Tue Jul 02 23:59:11 +0000 2019, It suspiciously doesn\ say \ or \ warfare\ so we can only guess! \,"Chicago, IL"
Tue Jul 02 23:59:11 +0000 2019,#Kalarahi2019 @ Kalahari Resorts ,"Ohio, USA"
Tue Jul 02 23:59:11 +0000 2019," You have to be the bachelor or my bachelor nights are over. \ you deserve the world!'""","Boca Raton, FL"
Tue Jul 02 23:59:11 +0000 2019,"if you want to burry an org change, announce during a holiday week'""","San Francisco, CA"
Tue Jul 02 23:59:11 +0000 2019,#TessaCrushTuesday ,"Brooklyn, NY"
Tue Jul 02 23:59:11 +0000 2019,"Does anyone else remember when they used to care if they misspelled a word or made a typo in a tweet? Like on porpise?'""","Nashville, TN"
Tue Jul 02 23:59:11 +0000 2019,For real tho where are the cameras.. I feel like I\ on Punk\ ,"Camarillo, CA"
Tue Jul 02 23:59:11 +0000 2019," it\ okay to feel that way but you\ made it this far and you know you have much to travel so you have to keep going'""","Los Angeles, CA"
Tue Jul 02 23:59:11 +0000 2019,does anyone wanna make out to this song lmk\\n\\n ,"Austin, TX"
Tue Jul 02 23:59:11 +0000 2019," Blegh'""","Summerlin South, NV"
Tue Jul 02 23:59:11 +0000 2019,Marking my calendar right now! ,"Washington, DC"
Tue Jul 02 23:59:11 +0000 2019,"Gleyber Torres just turned the prettiest double play I\ seen all year oh my goodness'""","Palm Harbor, FL"
Tue Jul 02 23:59:11 +0000 2019,Using #FarFromHome as an excuse to finally post these\ ,"Anaheim, CA"
Tue Jul 02 23:59:11 +0000 2019, is against America but yet their business is standing because of this country... someone explain. \ Now I\ ,"Miami, FL"
Tue Jul 02 23:59:11 +0000 2019,Holy ballz yesh ,"Virginia, USA"
Tue Jul 02 23:59:11 +0000 2019,Very valuable source of info across sectors and purposes. ,"Holualoa, HI"
Tue Jul 02 23:59:10 +0000 2019,"this mans said \ bet you got all the hoes\ lmaooo sir the highlight of my day is when my granny calls saying dinners ready'""","Hampton, VA"
Tue Jul 02 23:59:10 +0000 2019,Ok folks  is cancelled \\n\\nShe retweets Establishment /Corporate media like Politico and NYMAG and tarni\ ,"Santa Barbara, CA"
Tue Jul 02 23:59:10 +0000 2019, RIGHT HES SO UGFUJDJSKSKS \,"Amarillo, TX"
Tue Jul 02 23:59:10 +0000 2019,  My hope is that some day world visit gets promoted to the login screen so you can use it to do\ ,"Mission Viejo, CA"
Tue Jul 02 23:59:10 +0000 2019,"So sad! Heartbreaking, it always is so heartbreaking. I am so sorry. ","St Louis, MO"
Tue Jul 02 23:59:10 +0000 2019,"i tried moes for the first time the other day and it dont look like i\ be going back to chipotle anytime soon'""","Tuskegee, AL"
Tue Jul 02 23:59:10 +0000 2019,"   My first YA book of the year. :)'""","Jackson, MI"
Tue Jul 02 23:59:10 +0000 2019, So.... are you blind or what????? ,"Florida, USA"
Tue Jul 02 23:59:10 +0000 2019,"te odio mil veces te odio.'""","Brownsville, TX"
Tue Jul 02 23:59:10 +0000 2019, LMAO \,"Greensboro, NC"
Tue Jul 02 23:59:10 +0000 2019,"i used to be insecure and that was so embarrassing for me personally in my personal opinion of mine'""","New York, USA"
Tue Jul 02 23:59:10 +0000 2019,"Goodness. Double play of the year for the #Yankees. Yeah, I think Gleyber is just fine at second base.'""","New York, USA"
Tue Jul 02 23:59:10 +0000 2019,Changes by the nut ,"Houston, TX"
Tue Jul 02 23:59:09 +0000 2019,   He said Urma!! \ cant! (Keep hope alive!) ,"Bronx, NY"
Tue Jul 02 23:59:09 +0000 2019,"Hey yall just a reminder that setting off fireworks is actually like super bad for the enviroment, with all those c\ ","Mansfield, MA"
Tue Jul 02 23:59:09 +0000 2019,"Wow. Compliment.'""","Cedar City, UT"
Tue Jul 02 23:59:09 +0000 2019," Nooooooo, at least it\ traveling the other way... (sorry, hope you get it back soon)'""","Westland, MI"
Tue Jul 02 23:59:09 +0000 2019,"finally getting my other nipple RE-pierced !!'""","Warner Robins, GA"
Tue Jul 02 23:59:09 +0000 2019,MOOD: ,"Augusta, GA"
Tue Jul 02 23:59:09 +0000 2019,Hanging w Emilia  #midsummernightswing #loserslounge @ Lincoln Center ,"Manhattan, NY"
Tue Jul 02 23:59:09 +0000 2019," SHUT UP no if you\ not going I\ not going'""","Clarksville, TN"
Tue Jul 02 23:59:09 +0000 2019,La cruda verdad. ,"Miami, FL"
Tue Jul 02 23:59:09 +0000 2019," For this a red oak/white oak/hickory   blend'""","Orland Park, IL"
Tue Jul 02 23:59:08 +0000 2019,"  Wait really? Me too. Born & raised (and still here...for now)'""","Oshkosh, WI"
Tue Jul 02 23:59:08 +0000 2019,Yaaaa I love Pumped up Paxton \,"Cary, NC"
Tue Jul 02 23:59:08 +0000 2019, Bruh \,"Charlotte, NC"
Tue Jul 02 23:59:08 +0000 2019," Automatically, I guessed Power plant, because of the side, and the lasers in it which legit is ide\ ","Los Angeles, CA"
Tue Jul 02 23:59:08 +0000 2019,"     !!'""","Los Angeles, CA"
Tue Jul 02 23:59:08 +0000 2019," It\ honestly the best LMFAO.'""","Fort Worth, TX"
Tue Jul 02 23:59:08 +0000 2019,"I\'m on a 7 o\'clock flight still smelling musty, leaving Barcelona out some Argentina p***y - Tony Yayo, Love My Sty\ ","Houston, TX"
Tue Jul 02 23:59:08 +0000 2019,"FUCK'""","Anaheim, CA"
Tue Jul 02 23:59:08 +0000 2019," Tell me bout it bro lol I\ finna dive in one rn'""","Lafayette, LA"
Tue Jul 02 23:59:08 +0000 2019,  \ ,"Downey, CA"
Tue Jul 02 23:59:08 +0000 2019,Got my claws back so you know what that mean\,"Gulfport, MS"
Tue Jul 02 23:59:08 +0000 2019,"We\'re hiring in #Goleta, CA! Click the link in our bio to apply to this job and more: Plant Equipment Engineering M\ ","Goleta, CA"
Tue Jul 02 23:59:08 +0000 2019," I mean idk dawg it\ been a year'""","Houston, TX"
