Date,Tweet
Date,eet',Country
Sat Jun 22 23:59:59 +0000 2019,"Most of the people I interact with are wild and the more interact with them the wilder they get.'""","Hoover, AL"
Sat Jun 22 23:59:59 +0000 2019,"man it feels good to talk to someone you haven\ in a while'""","Millbrook, AL"
Sat Jun 22 23:59:59 +0000 2019,"  Stop it Stop it Stop it. Both of you. I\ crying & my stomach hurts I\ laughing so hard.'""","Pleasant Hills, PA"
Sat Jun 22 23:59:59 +0000 2019,"Lion king gone be packed as Fuck when the movie come out lol.'""","Timberlane, LA"
Sat Jun 22 23:59:59 +0000 2019,"I think the fact that I\ going to Disneyland is what\ making me so emotional.'""","Tucson, AZ"
Sat Jun 22 23:59:59 +0000 2019,Cincy Naturday\'s  - Drinking a Natural Light Naturdays by  at   \ ,"Cincinnati, OH"
Sat Jun 22 23:59:59 +0000 2019,"  Allies.'""","San Diego, CA"
Sat Jun 22 23:59:59 +0000 2019,,"Hobbs, NM"
Sat Jun 22 23:59:59 +0000 2019," Sending my love and prayers to you and your family.'""","Berkeley, CA"
Sat Jun 22 23:59:59 +0000 2019,sunny heart in the distance \ ,"Belmont, CA"
Sat Jun 22 23:59:59 +0000 2019,#AWholeNewSummer #geekybaby @ Kroger Symphony on the Prairie ,"Fishers, IN"
Sat Jun 22 23:59:59 +0000 2019,"Finally have the time to enjoy a movie  in the theater! #JohnWick3 time!'""","Smyrna, TN"
Sat Jun 22 23:59:58 +0000 2019,"E.g., a healthcare plan may cost X, but may still not be inflationary. If that\'s the case, no cuts in spending or t\ ","Manhattan, NY"
Sat Jun 22 23:59:58 +0000 2019," Yeah there\ a lot of pasta salads, you can also make an oil and vinegar base.\\nI\ not crazy about pea\ ","Bentonville, AR"
Sat Jun 22 23:59:58 +0000 2019,  Haha yes ma\,"Oklahoma City, OK"
Sat Jun 22 23:59:58 +0000 2019,"But not just until R\'s apply deficit concern to tax cuts (which they won\'t anyway), but in general economic plannin\ ","Manhattan, NY"
Sat Jun 22 23:59:58 +0000 2019,I see you coach!!  ,"Tennessee, USA"
Sat Jun 22 23:59:58 +0000 2019,"so- if corbyn really tweeted... how come i didn\ get the notif?? and how come no one got a ss? like- not a single person??'""","Bowie, MD"
Sat Jun 22 23:59:58 +0000 2019,Hour 2 of this week\'s Fem Planet  has breezed by like a - Fly Day At Chinatown by Yasuha - More groov\ ,"Anaheim, CA"
Sat Jun 22 23:59:58 +0000 2019,"'Just one comment, DG and BG. As  and I have said, talking about ""pay for"" with ""taxpayers\\\' money"" goes\ ","Manhattan, NY"
Sat Jun 22 23:59:58 +0000 2019,    Another great podcast by our favorite cornfield couple.\ ,"Manhattan, NY"
Sat Jun 22 23:59:58 +0000 2019,Congratulations my bany did it. So proud of you. ,Chrysler Hall
Sat Jun 22 23:59:58 +0000 2019,"   Excellent\ hopefully this will encourage business owners to enhance their facilities, too.'""","Oklahoma City, OK"
Sat Jun 22 23:59:58 +0000 2019,"I\ ready for these vacations'""","Gonzales, LA"
Sat Jun 22 23:59:57 +0000 2019,"     Trial was in 1961. He was executed in 1962, June 1st.'""","Brooklyn, NY"
Sat Jun 22 23:59:57 +0000 2019,"i fell in love with a puppy that i can\ have :('""","Honolulu, HI"
Sat Jun 22 23:59:57 +0000 2019,Can we PLEASE work the bats now?!?! #yankees ,"Winston-Salem, NC"
Sat Jun 22 23:59:57 +0000 2019,Day drinking with a view! @ Top of the Mark ,"San Francisco, CA"
Sat Jun 22 23:59:57 +0000 2019,"    That \'Rita looks good!!""'","Roswell, GA"
Sat Jun 22 23:59:57 +0000 2019," Journalists are notorious liars and fabulists.'""","Manhattan, NY"
Sat Jun 22 23:59:57 +0000 2019,"  Bahahaha'""","Garland, TX"
Sat Jun 22 23:59:56 +0000 2019," Reading My Lovely Wife now.'""","Riverside, MD"
Sat Jun 22 23:59:56 +0000 2019," Tenha vergonha...'""","Orlando, FL"
Sat Jun 22 23:59:56 +0000 2019,"  How about you shut the hell up and let me enjoy it'""","Oceanport, NJ"
Sat Jun 22 23:59:56 +0000 2019,Blocked ahead in #Charlotte on Tyvola Rd at Hwy 49 #traffic ,"Charlotte, NC"
Sat Jun 22 23:59:56 +0000 2019,"I swear to jeebus the USMNT needs to win this game. If they lose, I don\ know what I\ going to do with myself.'""","Shrewsbury, PA"
Sat Jun 22 23:59:56 +0000 2019,"My mom just asked the lady to take off all the nail polish, we gone be here for a minute'""","Los Angeles, CA"
Sat Jun 22 23:59:56 +0000 2019, Fallen Firefighters Night  #TweetYourSeat ,Lincoln Speedway
Sat Jun 22 23:59:56 +0000 2019,This is legit a mini-rave and Dem Babies are getting their life! \\n#blacklightrun #JLN #jailenlee #copilot #jaicelee\ ,"Lakeland, FL"
Sat Jun 22 23:59:56 +0000 2019, Like I just feel so hopeless walking in downtown Jax and seeing paranoid schizophrenics just having full\ ,"Florida, USA"
Sat Jun 22 23:59:56 +0000 2019," No doubt. I truly detest that team and especially their manager. He\'s a fraud.""'","Bloomfield, NJ"
Sat Jun 22 23:59:56 +0000 2019,Yessir I see you lil bro locking up \ ,"Garland, TX"
Sat Jun 22 23:59:56 +0000 2019, \,"Ohio, USA"
Sat Jun 22 23:59:56 +0000 2019," I hope to see you again this year at the main cast event; would love to give u another hug!'""","El Dorado Hills, CA"
Sat Jun 22 23:59:56 +0000 2019,watching 5O shades of grey trilogy\,"Baltimore, MD"
Sat Jun 22 23:59:55 +0000 2019,(This was Magic) ,"Los Angeles, CA"
Sat Jun 22 23:59:55 +0000 2019,I may not be dummy thicc but I\ definitely not in any AP class thicc ,"Struthers, OH"
Sat Jun 22 23:59:55 +0000 2019," Absurd'""","Texas, USA"
Sat Jun 22 23:59:55 +0000 2019,putting ur logo on a shirt and some designs doesn\ make ur brand a clothing line \,"Philadelphia, PA"
Sat Jun 22 23:59:55 +0000 2019," you wont understand'""","Hillsboro, OR"
Sat Jun 22 23:59:55 +0000 2019,  Welcome to the \,"Florida, USA"
Sat Jun 22 23:59:55 +0000 2019,"Amazon is coming for Madison Avenue\'s talent, and it could be another blow to embattled agencies and ad-tech compan\ ","San Francisco, CA"
Sat Jun 22 23:59:55 +0000 2019," Thx so much Paula!..So happy you like it..:)'""","North Carolina, USA"
Sat Jun 22 23:59:55 +0000 2019,  Thanks boo\,"Philadelphia, PA"
Sat Jun 22 23:59:55 +0000 2019,Bring him up lol ,"West Bay Shore, NY"
Sat Jun 22 23:59:55 +0000 2019,kitten to excellent home message me for details ,"Ohio, USA"
Sat Jun 22 23:59:55 +0000 2019,"    BUDDY---------YDDUB\\nHACKETTTTEKCAH\\n   THEMUSICMAN\\nMissouri to iruossiM'""","Manhattan, NY"
Sat Jun 22 23:59:55 +0000 2019,i had this picture on my wall \ ,"Los Angeles, CA"
Sat Jun 22 23:59:55 +0000 2019," No blocking here, I am still following.'""","Covina, CA"
Sat Jun 22 23:59:55 +0000 2019,"  I talk in a lighter tone of voice so that I do not get described as aggressive or angry.'""","Hammond, IN"
Sat Jun 22 23:59:55 +0000 2019," Prayers'""","Wisconsin, USA"
Sat Jun 22 23:59:54 +0000 2019,"Keep praying!! God answers prayers!'""","Thiells, NY"
Sat Jun 22 23:59:54 +0000 2019," 7pm'""","Santa Fe, NM"
Sat Jun 22 23:59:54 +0000 2019," Oh we in there most definitely'""","Fort Chaffee, AR"
Sat Jun 22 23:59:54 +0000 2019,"It\ the first day of summer, can I get a hallelujah \ @ Huntington Beach, California ","Huntington Beach, CA"
Sat Jun 22 23:59:54 +0000 2019,Reviews are also broken ,"Daly City, CA"
Sat Jun 22 23:59:54 +0000 2019,"  We\'re on the third round... So yeah.""'","Tampa, FL"
Sat Jun 22 23:59:54 +0000 2019," I mean, I adore my mother in law but I\ not sure I\ call her my best friend \","Charlotte, NC"
Sat Jun 22 23:59:54 +0000 2019,"At 6:42 PM EDT, 1 ENE James Island [Charleston Co, SC] LAW ENFORCEMENT reports TSTM WND DMG. SCHP REPORTED A TREE D\ ","South Carolina, USA"
Sat Jun 22 23:59:53 +0000 2019,Varsity Girls - Pool A - Zephyr Elite Bulldogs def. College Bound 35-30 #basketball ,"River Ridge, FL"
Sat Jun 22 23:59:53 +0000 2019,Me & Him Argue Like We Married \,"Swartz, LA"
Sat Jun 22 23:59:53 +0000 2019," Love this lineup! Truly a band on top of their game at this time!!'""","Fargo, ND"
Sat Jun 22 23:59:53 +0000 2019, Some of these are not accurate. My chest hurt like a bitch cause it was straight bone. \,"Tucson, AZ"
Sat Jun 22 23:59:53 +0000 2019,  \ \ \ \ \ \ \,"Redwood City, CA"
Sat Jun 22 23:59:53 +0000 2019,"So glad Lily came back for this event! Cocaine, please go to her! #WhyAre. #Lane.'""","Massachusetts, USA"
Sat Jun 22 23:59:53 +0000 2019,Hands down my favorite female artist ,"McKee City, NJ"
Sat Jun 22 23:59:53 +0000 2019,"  Perhaps he needs to be relieved of his robe? Getting stuffy in there?'""","Phoenix, AZ"
Sat Jun 22 23:59:53 +0000 2019," Da hilft nur Carni Calm'""","Manhattan, NY"
Sat Jun 22 23:59:52 +0000 2019,Lexington Top Golf @ LJ\ Par & Grill ,"Lexington, SC"
Sat Jun 22 23:59:52 +0000 2019," I\ telling you , he\ one amazing writer!!  I never miss his stories.'""","Mansfield, OH"
Sat Jun 22 23:59:52 +0000 2019,50 Cent. Seems like he gets better with each role. Nigga be trippin\' on Power tho. ,"North Little Rock, AR"
Sat Jun 22 23:59:52 +0000 2019," School stuff really is so awesome. I love talking to kids for stories. That sounds perfect for you!!!'""","Buffalo, NY"
Sat Jun 22 23:59:52 +0000 2019,"  Hahah well how old are you !'""","Ohio, USA"
Sat Jun 22 23:59:52 +0000 2019,No help that\ all me \ ,Crawdaddys - The New One
Sat Jun 22 23:59:52 +0000 2019,Mi pop! BLOW ,"Brooklyn, NY"
Sat Jun 22 23:59:52 +0000 2019,"Monday 90\ Trivia at Mom\ Basement 8pm momsbham with my cohost liz_wilson @ Birmingham, Alabama ","Birmingham, AL"
Sat Jun 22 23:59:51 +0000 2019,Garrett keeps telling me we can\ get another La  and I just don\ understand why he\ being so mean \,"Georgia, USA"
Sat Jun 22 23:59:51 +0000 2019," Kim was it a stroke?'""","Houston, TX"
Sat Jun 22 23:59:51 +0000 2019,#celebspotting in #staugustine #juliaroberts. Sorry for the pics but we are big fans!! #celebonvacay ,The Floridian
Sat Jun 22 23:59:51 +0000 2019,8th Grade Girls - Pool A - TTP Jackson def. TN Shock 35-24 ,"Lebanon, TN"
Sat Jun 22 23:59:51 +0000 2019," Absolutely beautiful'""","Tarpon Springs, FL"
Sat Jun 22 23:59:51 +0000 2019," I do agree with that part of it. Some, not all, will offer a kid but tell them they are taking 1 bu\ ","Texas, USA"
Sat Jun 22 23:59:51 +0000 2019,people complaining about this are so soft and clearly have never played any kind of competitive sport in their life\ ,"San Diego, CA"
Sat Jun 22 23:59:51 +0000 2019,"We\'re hiring! Read about our latest job opening here: Senior Accounting Consultant -  #Accounting #Portland, OR""'","Portland, OR"
Sat Jun 22 23:59:51 +0000 2019,"DeeBoLito \ OTW!!!! \ @ Central Nyack, New York ","West Nyack, NY"
Sat Jun 22 23:59:51 +0000 2019," \ he was so hype! They hooked him up lol'""","Manhattan, NY"
Sat Jun 22 23:59:51 +0000 2019,it\ so dang easy to celebrate this sweet bride-to-be | love you elaine\ @ The 1907 ,"Rogers, AR"
Sat Jun 22 23:59:51 +0000 2019," You have some gall to talk about somebody sitting by doing nothing'""","Virginia, USA"
Sat Jun 22 23:59:51 +0000 2019,First time at gay beach #gaybeach @ Mission Dolores Park ,"San Francisco, CA"
Sat Jun 22 23:59:50 +0000 2019,"  AOC is ur spokesperson embarrassing. NYC will elect anyone, DeBlasio n Cuomo freakin idiots'""","Yonkers, NY"
Sat Jun 22 23:59:50 +0000 2019,Only those with a reason to feel shamed are being shamed ,"Honolulu, HI"
Sat Jun 22 23:59:50 +0000 2019," Nothing illegal if they follow the process'""","Virginia, USA"
Sat Jun 22 23:59:50 +0000 2019,"  It\'s really light weight and comfy - reminds me of forest hills""'","Portland, OR"
Sat Jun 22 23:59:50 +0000 2019,#Mets ,"Queens, NY"
Sat Jun 22 23:59:50 +0000 2019,"I really just slept for 14 hours.'""","Barrow, AK"
Sat Jun 22 23:59:49 +0000 2019," Enjoy every moment!! What a gorgeous space! \\n#lifegoals \\n#funnychickkimt'""","Fostoria, OH"
Sat Jun 22 23:59:49 +0000 2019,I\ literally tying so hard not to scream. #kingdomheartsorchestra ,Dr. Phillips Center for the Performing Arts
Sat Jun 22 23:59:49 +0000 2019," These people make my head hurt.'""","Cincinnati, OH"
Sat Jun 22 23:59:49 +0000 2019,Song lyrics..pump ya breaks! ,"Shelbyville, KY"
Sat Jun 22 23:59:49 +0000 2019," NO'""","South Haven, MI"
Sat Jun 22 23:59:49 +0000 2019,   Hahahhaha yes! Lexi lookin slim! \,"Kent, WA"
Sat Jun 22 23:59:49 +0000 2019,The 3-year-old has been a pure delight in Terlingua so far ,"Texas, USA"
Sat Jun 22 23:59:49 +0000 2019, \ ,"Windsor, CT"
Sat Jun 22 23:59:49 +0000 2019,"   Devastatingly, I cannot- I just started a new job and I\'m directing a mus\ ","Maryland, USA"
Sat Jun 22 23:59:49 +0000 2019,Ew I\ so ugly bro\,"Mesquite, TX"
Sat Jun 22 23:59:49 +0000 2019,"If I could see to be able to put on my own lashes it would be over for bitches. \ bc that\ all I be wanting....'""","Atlanta, GA"
Sat Jun 22 23:59:49 +0000 2019, Suck it up Robert for another 6 years.\ ,"San Francisco, CA"
Sat Jun 22 23:59:49 +0000 2019," tell me about it'""",Ross Hashananah-na-na Jewish Acaswmy Of Song And Rhythm
Sat Jun 22 23:59:49 +0000 2019,   One of the reasons I know this recipe is somewhat dated is that it deems a 10 o\ ,"Austin, TX"
Sat Jun 22 23:59:49 +0000 2019,"'Clint said ""She\\\'s not on the property mama"" \ #LifeAfterLockup\''","Virginia, USA"
Sat Jun 22 23:59:49 +0000 2019," I\'ve had 7 Clint Blacks, 2 Luke Combs, 5 Travis Tritts, 5 Keith Urbans, 12  God fearing men and a fa\ ","Morehead City, NC"
Sat Jun 22 23:59:49 +0000 2019,Disney Dad #KitchenSink  #NewProfilePic ,Beaches & Cream Soda Shop
Sat Jun 22 23:59:48 +0000 2019,My bf a scardey cat ,"Fairfield, CA"
Sat Jun 22 23:59:48 +0000 2019,"M3 | Hoppers retired in order in the 3rd.\\n\\nDiuguid back out looking to hold the lead.\\n\\nHoppers 3, Bombers 1\\n\\n#LetsGoHoppers'""","Huntingburg, IN"
Sat Jun 22 23:59:48 +0000 2019,So I go to Jewel real quick to pick up something and who do I run into......me wife!!! \,"Schaumburg, IL"
Sat Jun 22 23:59:48 +0000 2019,"' I got word from a ""source"" it is dehydration. Thank God! \","Washington, DC"
Sat Jun 22 23:59:48 +0000 2019,  Albert how upset are you going to be when Panarin signs with Florida? He is meeting in per\ ,"Davie, FL"
Sat Jun 22 23:59:48 +0000 2019,#ICEraids or #ImmigrationReform  is giving the   the opportunity to help fix this\ ,"Hutchinson Island South, FL"
Sat Jun 22 23:59:48 +0000 2019,.\\nAyyy\\n\\nBOBA!\\n ,"San Francisco, CA"
Sat Jun 22 23:59:48 +0000 2019,"  It\'s MADDENING!""'","Edmond, OK"
Sat Jun 22 23:59:48 +0000 2019," No, there will be REAL America my friend, & not the ones you in Hollywood think there should be...\ ","Florida, USA"
Sat Jun 22 23:59:48 +0000 2019,    You said that perfectly. Thank you \,"Georgia, USA"
Sat Jun 22 23:59:48 +0000 2019,"My God is a God of love, and #LoveWins ","Oklahoma City, OK"
Sat Jun 22 23:59:48 +0000 2019," sorry Bruv, I didn\ have one of you ","Danville, CA"
Sat Jun 22 23:59:48 +0000 2019," To me it is still an unrealized goal!'""","Lewisburg, TN"
Sat Jun 22 23:59:47 +0000 2019,"  apparently'""","Pennsylvania, USA"
Sat Jun 22 23:59:47 +0000 2019,"Mike Stanton takes bath in garbage water'""","Holbrook, NY"
Sat Jun 22 23:59:47 +0000 2019,"I love Lee as a person and a player.. torn I want him back but we all know after 4 years of his next contract he is done. #isles'""","New York, USA"
Sat Jun 22 23:59:47 +0000 2019,"hour four without power: i dont know how to act'""","Allen, TX"
Sat Jun 22 23:59:47 +0000 2019,"I\ not a huge hockey fan, but I\ really upset the Preds traded PK Subban'""","Morristown, TN"
Sat Jun 22 23:59:47 +0000 2019,This is a great opportunity to expand your voice and power your Brand... \ play my quest to teach\ ,"Florida, USA"
Sat Jun 22 23:59:47 +0000 2019,Fuck u  ,Ichiran
Sat Jun 22 23:59:47 +0000 2019,"   Haha yepppp tengas cuidado'""","Bronx, NY"
Sat Jun 22 23:59:47 +0000 2019,"   Yo \ she don\'t believe me, please pick up the line...""'","Silver Spring, MD"
Sat Jun 22 23:59:47 +0000 2019,"     Thanks Jeremy!!'""","Boston, MA"
Sat Jun 22 23:59:46 +0000 2019,#coilporn || b_d_builders \\n\\n_\\n_\\n_\\n_\\n_\\n#miamivapers #shesquonks #twistedmesses  #stopthefda #flavorchasing\ ,"Key Biscayne, FL"
Sat Jun 22 23:59:46 +0000 2019," orange'""","Houston, TX"
Sat Jun 22 23:59:46 +0000 2019,"Lunch\ #Homemade #Vegan #Herbivore #PlantPowered #PlantBased #CrueltyFree #EthicalVegan @ Silverado Ranch, Las Veg\ ","Paradise, NV"
Sat Jun 22 23:59:46 +0000 2019," Take me next week'""","Fort Worth, TX"
Sat Jun 22 23:59:46 +0000 2019,Goal: going to pack by Monday\\nReality: won\ pack 4 hours before my flight \,"San Jose, CA"
Sat Jun 22 23:59:46 +0000 2019,Alarm set for 2am. \\n\\nGood Night everyone sweet dreams. \,"Omro, WI"
Sat Jun 22 23:59:46 +0000 2019,"   Loving yet...from a distance! Perfect'""","San Francisco, CA"
Sat Jun 22 23:59:46 +0000 2019," Wya'""","Phoenix, AZ"
Sat Jun 22 23:59:46 +0000 2019,"  I now live in Cameron Texas'""","Cameron, TX"
Sat Jun 22 23:59:46 +0000 2019, LOVE \  Thanks for being an \ Would love for you to check out and support Veterans\ ,"Orlando, FL"
Sat Jun 22 23:59:46 +0000 2019,but bitch she looks fucking good \ ,"San Antonio, TX"
Sat Jun 22 23:59:46 +0000 2019,"Woohoo, #toystory4 time! \ \ \ \ \ @ Regal Cinemas Hollywood 27 & RPX ","Nashville, TN"
Sat Jun 22 23:59:46 +0000 2019,"that proud larrys was good af'""","Oxford, MS"
Sat Jun 22 23:59:46 +0000 2019," Did he  put it in your boot/shoe sitting there?'""","Florida, USA"
Sat Jun 22 23:59:46 +0000 2019,"I\'ve been trying to make it to this brewery the past couple times I\'ve been to Jax. it\'s good, to me ",Reve Brewing
Sat Jun 22 23:59:46 +0000 2019,What a fabulous day. I\ still there in my head. And Nick is planning our next excursion! Yay! #fireisland\ ,"Bay Shore, NY"
Sat Jun 22 23:59:46 +0000 2019,#yamhillcarltonava @ Fairsing Vineyard ,"Oregon, USA"
Sat Jun 22 23:59:46 +0000 2019,#StarWars a porn parody. Cc  ,Erotic Heritage Museum
Sat Jun 22 23:59:45 +0000 2019,"Proud to partner in the building and grand opening of the 51st #dodgersdreamfield, the second one that is universal\ ","Upland, CA"
Sat Jun 22 23:59:45 +0000 2019, Time to get a stream PC and two more monitors :) \\n\\nHonestly the mount I got is the best thing. So much mo\ ,"Philadelphia, PA"
Sat Jun 22 23:59:45 +0000 2019, \\nEight kids? OMG!\,"Carrollwood, FL"
Sat Jun 22 23:59:45 +0000 2019,    Or this? #AnotherDayAnotherCharterScandal\\n ,"Bradley, WV"
Sat Jun 22 23:59:44 +0000 2019,"Another night of  doing the Braves game and mispronouncing Albies name'""","Greeneville, TN"
Sat Jun 22 23:59:44 +0000 2019, We all need to get outside more. Talk walks at work and at home. We need to distance ourselves fro\ ,"Stone Ridge, VA"
Sat Jun 22 23:59:44 +0000 2019,She literally has Robs entire face \ ,"San Antonio, TX"
Sat Jun 22 23:59:44 +0000 2019, this is a talking point of mine every time I\ representing the hood. Would love a deep dive column that\ ,"Indianapolis, IN"
Sat Jun 22 23:59:44 +0000 2019,"that bruh moment when you make direct eye contact with a boy who ghosted you on tinder'""",Taco Bell
Sat Jun 22 23:59:44 +0000 2019, Mr President that wants to be King. Only thing he\'s king of is The Big Threat. When I would get mad at\ ,"Eugene, OR"
Sat Jun 22 23:59:44 +0000 2019,"Posted Up On G-Block \ Rest Up Kemo'""","New Orleans, LA"
Sat Jun 22 23:59:44 +0000 2019," My golden retriever'""","Paradise, NV"
Sat Jun 22 23:59:44 +0000 2019,"'Girlfriend didn\\\'t know what ""a dime a dozen"" meant.....\\n\\nI had to explain. \\n\\nShe\\\'s not blond\''","Sparta, MI"
Sat Jun 22 23:59:44 +0000 2019,"SOMEONE HAS TO PUT THAT IN'""","Cincinnati, OH"
Sat Jun 22 23:59:44 +0000 2019,"We all #ho our own way. Period. Exclamutherfuckingmation point.'""","Ann Arbor, MI"
Sat Jun 22 23:59:44 +0000 2019,So much fun at  Founders Fest!!!  singing The Golden Girls theme song was everything! ,"Grand Rapids, MI"
Sat Jun 22 23:59:44 +0000 2019,This is pretty cool. Opry behind the scenes. #opry #backstage #onstage @ Grand Ole Opry ,"Nashville, TN"
Sat Jun 22 23:59:44 +0000 2019,everyone uses me for my cute friends \ ,"Golden Beach, MD"
Sat Jun 22 23:59:44 +0000 2019,"   Forget about catching the Twins hope for the wild card'""","Cleveland, OH"
Sat Jun 22 23:59:44 +0000 2019,Story of the Sox bullpen in 240 characters\ ,"Athens, GA"
Sat Jun 22 23:59:43 +0000 2019,Coach needs to get PAID. Completely transformed the LB room. ,"Florida, USA"
Sat Jun 22 23:59:43 +0000 2019,"Ion give a fuck \ what anyone thinks of me'""","Phoenix, AZ"
Sat Jun 22 23:59:43 +0000 2019, C\ \ New Year\,"Newark, NJ"
Sat Jun 22 23:59:43 +0000 2019," Girl I\ fucking cry hard as fuck, ima be lost as fuck lmao'""","Orland, CA"
Sat Jun 22 23:59:43 +0000 2019,"This week I went to George\ and drank a Red Dog, as one does, and it was legit pretty good and I was shocked. It w\ ",George's Pub
Sat Jun 22 23:59:43 +0000 2019,had the best time at the beach \ ,"South Haven, MI"
Sat Jun 22 23:59:43 +0000 2019,This me but the balls be in my mouth too \ that\ how i got pregnant \ ,"Houston, TX"
Sat Jun 22 23:59:43 +0000 2019,Nope it\ not ,"Hallandale Beach, FL"
Sat Jun 22 23:59:43 +0000 2019,Nothing but good vibes here at the  #BETAwardsRBC With  ,"Sunny Isles Beach, FL"
Sat Jun 22 23:59:43 +0000 2019,Myrtle Beach vs severe weather: Round 3 ,"Socastee, SC"
Sat Jun 22 23:59:43 +0000 2019, Congratulations \,"Forsyth, IL"
Sat Jun 22 23:59:43 +0000 2019,"   Thanks  If only Republicans in Congress could grow a spine...'""","Raleigh, NC"
Sat Jun 22 23:59:43 +0000 2019,#Winner ,Sonoma Raceway Media Center
Sat Jun 22 23:59:43 +0000 2019," No'""","Kelso, WA"
Sat Jun 22 23:59:43 +0000 2019,Ceballos es un estilo barca ,"Caguas, Puerto Rico"
Sat Jun 22 23:59:43 +0000 2019,"'""when you gone let me see you"" \\n*me thinking of a lie* ","Baton Rouge, LA"
Sat Jun 22 23:59:42 +0000 2019,"crying over last nights videos and listening to their music on full blast also crying>>>>'""","Fishers, IN"
Sat Jun 22 23:59:42 +0000 2019, Thank you Jordan \ and I was knocked out. There\ still time tho \,"Cecilia, LA"
Sat Jun 22 23:59:42 +0000 2019,We won\ be getting shutout either. ,"Georgia, USA"
Sat Jun 22 23:59:42 +0000 2019,"   Oregon has this problem now. Cap & Trade in the mame of climate change.'""","Lake Oswego, OR"
Sat Jun 22 23:59:42 +0000 2019,"Should I block his number so he can\ text me anymore?'""","Paradise, NV"
Sat Jun 22 23:59:41 +0000 2019,"all the pictures have been washed in black, tattooed everything'""","San Antonio, TX"
Sat Jun 22 23:59:41 +0000 2019, You prolly right but also don\ understand my view point fully cause it would be a lot to explain over\ ,"Minneapolis, MN"
Sat Jun 22 23:59:41 +0000 2019, NO! NO! NO! Do not stop anything! The anti-American party cannot be allowed to import a permanent we\ ,"Ann Arbor, MI"
Sat Jun 22 23:59:41 +0000 2019,"Acaba de publicar una foto en Barceloneta, Puerto Rico ","Barceloneta, Puerto Rico"
Sat Jun 22 23:59:41 +0000 2019, Thank youuuu \,"Davie, FL"
Sat Jun 22 23:59:41 +0000 2019,  Totally ridiculous. ,"Winston-Salem, NC"
Sat Jun 22 23:59:41 +0000 2019,"Battle for the lead between Self and Eckes #ARCA'""","Lamar, MO"
Sat Jun 22 23:59:41 +0000 2019,Happy bday T make it a good one brother\ sorry we dont have many pics  ,"Avon Lake, OH"
Sat Jun 22 23:59:41 +0000 2019,I needed this I be trying to turn to everyone else but God himself ,"Nashville, TN"
Sat Jun 22 23:59:41 +0000 2019,thank god  is pregnant for me \ ,"Laguna Beach, FL"
Sat Jun 22 23:59:41 +0000 2019,Excited to compete at #OFUFB \ | WR Passing Camp \ June 23 | @ Old Dominion Football #ODU #AIMHIGH #RWQB \,"Norfolk, VA"
Sat Jun 22 23:59:41 +0000 2019,That\ a Great Job!\ ,"Hammonton, NJ"
Sat Jun 22 23:59:41 +0000 2019,I\ become the old man who just wants to stay in the air-conditioning. #ICBlockParty ,Pedestrian Mall
Sat Jun 22 23:59:41 +0000 2019,"I have fallen victim to the Siren\ call myself, Hoss. I basically ended up with a mid-1860\ dandy beard. #baddeal ","Mansfield, TX"
Sat Jun 22 23:59:41 +0000 2019,"The Mets should trade wheeler to the Yankees for #good players.'""","Brookfield, CT"
Sat Jun 22 23:59:41 +0000 2019, It\ me. I\ in town for the game. Saw them play twice last year (including the 18 innings in LA). They\ ,Fenway Park
Sat Jun 22 23:59:41 +0000 2019,"We\'re hiring! Click to apply: Occupational Therapy Assistant Instructor -  #Education #LasVegas, NV""'","Paradise, NV"
Sat Jun 22 23:59:40 +0000 2019,Nice day for art at #theblantonmuseumofart  \ @ The Blanton Museum of Art ,"Austin, TX"
Sat Jun 22 23:59:40 +0000 2019,  I\ done it for 6 years and have literally never heard the words Edinburgh Comedy F\ ,"Manhattan, NY"
Sat Jun 22 23:59:40 +0000 2019,This #IT job might be a great fit for you. Click the link in our bio to see it and more. Digital Marketing Analytic\ ,"San Francisco, CA"
Sat Jun 22 23:59:40 +0000 2019, I would have to say no. Horses always looked good. My vets bills were high. Scoped horses after every wo\ ,"Waukegan, IL"
Sat Jun 22 23:59:40 +0000 2019," Take the  airport rail line to Jefferson Station and walk. 6 bucks!'""","Philadelphia, PA"
Sat Jun 22 23:59:40 +0000 2019,"what did corbyn tweet????'""","Rosemont, IL"
Sat Jun 22 23:59:40 +0000 2019,"happy PRIIIIIDE my eyebrows are literally scabbing.'""","St Petersburg, FL"
Sat Jun 22 23:59:40 +0000 2019,"  Thanks !!'""","Philadelphia, PA"
Sat Jun 22 23:59:39 +0000 2019,Congratulations to our 4 amazing lady chiefs. Winning national awards for their work. They will be missed  ,"Columbus, OH"
Sat Jun 22 23:59:39 +0000 2019,"Tonight on TCM -  The Last Angry Man:  The Donald Trump Story starring Red Buttons (1989)'""","Vermont, USA"
Sat Jun 22 23:59:39 +0000 2019," That was what I always got. Loved them.'""","Vanderbilt, PA"
Sat Jun 22 23:59:39 +0000 2019,"Peter Lemongello: AJ? ... Pyrshitski?\\n\\nAJ: Yes? \\n\\nPL: Your house is on fire, you need to leave.\\n\\nAJ: God Bless you\ ","Oceanside, CA"
Sat Jun 22 23:59:39 +0000 2019, Against. Mr E in my pool. I don\'t know when I\'m playing him but my goal is making it out of pools so I\ ,"Paradise, NV"
Sat Jun 22 23:59:39 +0000 2019,"Her body or nobody I refuse to compromise'""","Michigan, USA"
Sat Jun 22 23:59:39 +0000 2019,My zinnia babies are growinnnnn ,"Rochester, NH"
Sat Jun 22 23:59:39 +0000 2019,   They get to have big ass flags that could be used as a javelin......LOL but\ ,"Indianapolis, IN"
Sat Jun 22 23:59:39 +0000 2019,Well that was fun. Warmed up then stopped at 225 through bands. 3reps each every 3 minutes for 10rds. PS ..... Came\ ,"Columbus, OH"
Sat Jun 22 23:59:39 +0000 2019,Staring at the brigdes I\'ve burnt #noregrets @ Devils Pool ,"Philadelphia, PA"
Sat Jun 22 23:59:39 +0000 2019,  Y\ run on the same platform! It\ like ground hog day for y\ ,"Enterprise, NV"
Sat Jun 22 23:59:38 +0000 2019," #KeepFamiliesTogether'""","Creve Coeur, MO"
Sat Jun 22 23:59:38 +0000 2019, I\ suggesting get offline go see a shaman do a liver detox and some coffee enemas do some deep hea\ ,"Colorado, USA"
Sat Jun 22 23:59:38 +0000 2019,"in my bag yktv'""","Malta, NY"
Sat Jun 22 23:59:38 +0000 2019,"I wanna visit  and my babies this year. \\n\\nUniverse whaddup'""","East Point, GA"
Sat Jun 22 23:59:38 +0000 2019,"She a pretty little pitty. #HeyLily #pitbullsofinstagram #dogsofinstagram #Boise #Idaho #IdahoBent @ Boise, Idaho ","Boise, ID"
Sat Jun 22 23:59:38 +0000 2019,Y\ flying a SUV ain\ it ,"Huntsville, AL"
Sat Jun 22 23:59:38 +0000 2019,"Oh yeah, KOTWeekend (probably all next week too) OVO x Air Jordan 12 @ Chicago\'s Chicken Coop - Dallas ","Dallas, TX"
Sat Jun 22 23:59:38 +0000 2019, Sweet Dreams \,"North Carolina, USA"
Sat Jun 22 23:59:38 +0000 2019,"The Antonio McDyess 1996 Nuggets jersey has been elusive, much like the cream Bill Curry(Cliff Engle) sweater. If y\ ","Tuscaloosa, AL"
Sat Jun 22 23:59:38 +0000 2019," Yes please'""","Greenwich, CT"
Sat Jun 22 23:59:38 +0000 2019, \                                                    \,"New York, USA"
Sat Jun 22 23:59:38 +0000 2019,Hi twitter. My wife (Kat) is interested in engineering. She has spent 30hr on  working on Java Script.\ ,"Brooklyn, NY"
Sat Jun 22 23:59:38 +0000 2019,"9u pride starts the rumble in the jungle tournament in Olean 3-0, out scoring their opponents 35- 7!  Elimination g\ ","New York, USA"
Sat Jun 22 23:59:38 +0000 2019," Come over and find out!'""","Los Angeles, CA"
Sat Jun 22 23:59:38 +0000 2019, im famous wat you talking bout \,"New Orleans, LA"
Sat Jun 22 23:59:37 +0000 2019, The lies \,"San Antonio, TX"
Sat Jun 22 23:59:37 +0000 2019,"LIFE IS NOT A CABARET'""","Guerneville, CA"
Sat Jun 22 23:59:37 +0000 2019,Just Goofin ,"Surfside Beach, SC"
Sat Jun 22 23:59:37 +0000 2019,  \,"Edison, NJ"
Sat Jun 22 23:59:37 +0000 2019,"i think i\ in due for another shroom trip when i get back home'""","Pico Rivera, CA"
Sat Jun 22 23:59:37 +0000 2019,This is how you do Disney on your bday! @ Disney\'s Magic Kingdom ,"Florida, USA"
Sat Jun 22 23:59:37 +0000 2019," \ dang'""","Washington, DC"
Sat Jun 22 23:59:37 +0000 2019,"I feel so sick.'""","Houston, TX"
Sat Jun 22 23:59:37 +0000 2019,This was one heck of a race! LeZharia Bolen wins the 200m with a PR of 28.47s! #BolenCrew #AauKentuckyDistrict ,"Elizabethtown, KY"
Sat Jun 22 23:59:37 +0000 2019,"Maybe retired a few weeks ago, but still working for libraries! Love you  Enjoy! ","Shawnee, KS"
Sat Jun 22 23:59:37 +0000 2019,"  I need this situation'""","Houston, TX"
Sat Jun 22 23:59:37 +0000 2019,"Just went PRO!  \\nShyt finna get real NICE! #KING'""","Texas, USA"
Sat Jun 22 23:59:37 +0000 2019,U said u wasn\'t gon tell nobody smh ,"West Hollywood, CA"
Sat Jun 22 23:59:36 +0000 2019,"Missing someone really SUCKS tbh.'""","Cypress Gardens, FL"
Sat Jun 22 23:59:36 +0000 2019,Taking mami out to eat some ramen. \ \ @ Ramen Hakata-Lewisville ,"Lewisville, TX"
Sat Jun 22 23:59:36 +0000 2019,These vegan meat substitutes are getting out of control. #carnivore ,"Chicago, IL"
Sat Jun 22 23:59:36 +0000 2019,#GoDucks ,"Cincinnati, OH"
Sat Jun 22 23:59:36 +0000 2019,  Congratulations Happy 25th Anniversary Been A Big Fan From Day One \ ,"North Carolina, USA"
Sat Jun 22 23:59:36 +0000 2019," Ace hood we ballin'""","Palm Valley, FL"
Sat Jun 22 23:59:36 +0000 2019,"Someone come do my makeup, Thanks'""","Buena Park, CA"
Sat Jun 22 23:59:36 +0000 2019, Every uncle can verbatim the salary numbers of IPL players without one being able to tell me why we don\'t h\ ,"Atlanta, GA"
Sat Jun 22 23:59:36 +0000 2019,"TYLER BOMB!!!!!!!'""","Georgia, USA"
Sat Jun 22 23:59:36 +0000 2019,"Good evening, Goolies! How\'s everyone, tonight? This is always a fun movie to watch. #Svengoolie #SvenPals ","Highland Acres, DE"
Sat Jun 22 23:59:35 +0000 2019," They had their 5 minutes of fame'""","Lincoln, RI"
Sat Jun 22 23:59:35 +0000 2019," Taurus'""","Philadelphia, PA"
Sat Jun 22 23:59:35 +0000 2019," Wya bro \ we out tonight'""","Lewisville, TX"
Sat Jun 22 23:59:35 +0000 2019," I\ literally innnn love! I need to find myself one!'""","Long Beach, CA"
Sat Jun 22 23:59:35 +0000 2019,"Accountemps is hiring in #Provo, UT! Click the link in our bio to apply: Accounting Clerk #Accounting'""","Provo, UT"
Sat Jun 22 23:59:35 +0000 2019," Yes!!! Loved it!'""","Riverside, MD"
Sat Jun 22 23:59:35 +0000 2019,"Flow go'""","Georgia, USA"
Sat Jun 22 23:59:35 +0000 2019," girl.'""","Kalamazoo, MI"
Sat Jun 22 23:59:35 +0000 2019,"  Is she okay that looks it hurt?'""","Lincoln, NE"
Sat Jun 22 23:59:35 +0000 2019,50 years since the fire on the cuyahoga! ,Veterans Memorial Bridge
Sat Jun 22 23:59:35 +0000 2019, Do ya thing\,"Lake Worth, FL"
Sat Jun 22 23:59:35 +0000 2019,"Random find. Cheeky name (@ Un Je Ne Sais Quoi in Washington, DC) ","Washington, DC"
Sat Jun 22 23:59:35 +0000 2019,I think #PeteButtigieg will win given the democratic field opportunity.  As a republican who has never voted for a\ ,"Indianapolis, IN"
Sat Jun 22 23:59:35 +0000 2019,"  I buy her a bag of chips, too.'""","McAllen, TX"
Sat Jun 22 23:59:34 +0000 2019,Check out my man  for all your graphic design needs! Will NOT be disappointed! A1 Quality work! ,"Queens, NY"
Sat Jun 22 23:59:34 +0000 2019,"I\ so drunk and everyone keeps texting me if I\ pulling up yes! \ i dared someone to get me lit and they did.'""","Providence, RI"
Sat Jun 22 23:59:34 +0000 2019,"my 1 & only \ u mo than wifi baby @ New Orleans, Bitches! ","Kenner, LA"
Sat Jun 22 23:59:34 +0000 2019,"THIEVE BABY\\n#100WIN'""","Fairfield, CA"
Sat Jun 22 23:59:34 +0000 2019,Hard times made a nigga \,"Louisiana, USA"
Sat Jun 22 23:59:34 +0000 2019,"Why does it keep raining \ on their heads , at this concert \ @ Freaknik ","Atlanta, GA"
Sat Jun 22 23:59:34 +0000 2019,"  Omg Erin is he sending you pics of lube too or just me'""","Quarryville, PA"
Sat Jun 22 23:59:34 +0000 2019,"  Your words not mine'""","Hicksville, NY"
Sat Jun 22 23:59:34 +0000 2019,"#firstdayofsummer #saturdayfun #saturdays #weekendshenanigans #weekend #weekends #funday @ Rosedale, Queens ","Queens, NY"
Sat Jun 22 23:59:34 +0000 2019,Follow us  \\n,"Woodstock, GA"
Sat Jun 22 23:59:34 +0000 2019," Never really hung out in little tokyo, going for a coworkers bday, and thankfully he\'s older than me so *phew*""'","Corona, CA"
Sat Jun 22 23:59:34 +0000 2019,"I\'m at Heritage Books in Philadelphia, PA ","Philadelphia, PA"
Sat Jun 22 23:59:34 +0000 2019, Ohhhh ,"Portland, OR"
Sat Jun 22 23:59:34 +0000 2019,"Someone to talk to ?'""","Texas, USA"
Sat Jun 22 23:59:34 +0000 2019,"No bacon or sausage, good luck. ","River Rouge, MI"
Sat Jun 22 23:59:33 +0000 2019," Why is this Woman not Fired Donald? And if she is speaking for you,then you need to be Fired. The En\ ","Fort Worth, TX"
Sat Jun 22 23:59:33 +0000 2019," I watched it recently after a gap of 25 or so years. It\ it\ quite a thing.'""","Palo Alto, CA"
Sat Jun 22 23:59:33 +0000 2019, YUUAASSSSS!! \,"Lathrop, CA"
Sat Jun 22 23:59:33 +0000 2019,Coppered rose #miamihaircolorist #michaelpettine #matrixhaircolor @ Salone Bianco ,"New Windsor, NY"
Sat Jun 22 23:59:33 +0000 2019, Kory: doesn\ say anything ,"Houston, TX"
Sat Jun 22 23:59:33 +0000 2019, connects with  for another Destroyers score! 3:18 left in 2Q  #Destroyers take the lead by\ ,Nationwide Arena
Sat Jun 22 23:59:33 +0000 2019,#SaturdayNightLive... We Open at 4pm. Come Enjoy the LIVE MUSIC and COLD Beer at  MUSIC:\ ,"Marble Falls, TX"
Sat Jun 22 23:59:33 +0000 2019,"  You know my job little boy?'""","Missouri, USA"
Sat Jun 22 23:59:32 +0000 2019,"I\'m at Southside Fish & Clam in Lindenhurst, NY ","Lindenhurst, NY"
Sat Jun 22 23:59:32 +0000 2019,"My kids love this place (@ Kyodai Rotating Sushi Bar in Towson, MD)  ","Towson, MD"
Sat Jun 22 23:59:32 +0000 2019," Exactly. I know all about building a brand and she\'s going about it beautifully.""'","Waterloo, IA"
Sat Jun 22 23:59:32 +0000 2019,Night out!! @ Kress Terrace ,"Greensboro, NC"
Sat Jun 22 23:59:32 +0000 2019,My biggest regret today? Wearing mascara today.. ,"South Gate, CA"
Sat Jun 22 23:59:32 +0000 2019,"  Thank you !!'""","Philadelphia, PA"
Sat Jun 22 23:59:32 +0000 2019,Fact ,"Galveston, TX"
Sat Jun 22 23:59:32 +0000 2019,   Stupidity in action no  ways girls vs boys \,"Texas, USA"
Sat Jun 22 23:59:32 +0000 2019, A beautiful thing to say. \\nThank you.  \\nSigh.\\nMade me smile. \\n\ ,"Florida, USA"
Sat Jun 22 23:59:32 +0000 2019, Decent from you \,"Paradise, NV"
Sat Jun 22 23:59:32 +0000 2019,Sunglasses ,"Grand Rapids, MI"
Sat Jun 22 23:59:32 +0000 2019,Had a blast today at the  Such a privilege to have something so amazing practically in my own backyard. ,"North Carolina, USA"
Sat Jun 22 23:59:32 +0000 2019," Oh. My. God.'""","Washington, USA"
Sat Jun 22 23:59:32 +0000 2019,"Tyler Flowers. Yard. #ChopOn'""","North Carolina, USA"
Sat Jun 22 23:59:32 +0000 2019," Go Team Pro-Choice, y\ be kicking it real nice in \ Disgusting.'""","Ohio, USA"
Sat Jun 22 23:59:31 +0000 2019,"   Calling   a racist is hilarious'""","Florida, USA"
Sat Jun 22 23:59:31 +0000 2019,You have rights as an immigrant! Here\ a link that will help people out. ,"Cincinnati, OH"
Sat Jun 22 23:59:31 +0000 2019,Not 69 \ ,"Newark, NJ"
Sat Jun 22 23:59:31 +0000 2019," C\'est tres chaud ici! 96 degrees""'","Pinellas Park, FL"
Sat Jun 22 23:59:31 +0000 2019," Too windy. Hahaha yeah, it is.'""","Baldwin Park, CA"
Sat Jun 22 23:59:31 +0000 2019,"       Should be 4-0 but for Soto\ TOOTBLAN.'""","Gaithersburg, MD"
Sat Jun 22 23:59:31 +0000 2019," This is a lie. A flat out lie.'""","Westlake, OH"
Sat Jun 22 23:59:30 +0000 2019," Lol! For sure!!!'""","San Bernardino, CA"
Sat Jun 22 23:59:30 +0000 2019,"It was a beautiful day for a turn around trip to Lone Pine, a hike up the Mt. Whitney Recreational Trail, a bacon c\ ","California, USA"
Sat Jun 22 23:59:30 +0000 2019," give me a thumbs up'""","Sunrise Manor, NV"
Sat Jun 22 23:59:30 +0000 2019,"       I know.'""","Pennsylvania, USA"
Sat Jun 22 23:59:30 +0000 2019," Shit\'s trash""'","Boston, MA"
Sat Jun 22 23:59:30 +0000 2019," No chance.'""","Rosemead, CA"
Sat Jun 22 23:59:30 +0000 2019, Hugs \,"McKinney, TX"
Sat Jun 22 23:59:30 +0000 2019,"'Have you ever had a role like ""Management Trainee Intern""? What did you like most about that job? #Marketing #Bremerton, WA\''","Bremerton, WA"
Sat Jun 22 23:59:30 +0000 2019,"good indicator of someone\ mental health state: how many twilight movies they watch \\ni\ watched the first one twice today but'""","Narragansett, RI"
Sat Jun 22 23:59:29 +0000 2019,.#BlastFromThePast\\n#BestChoiceUnited & #ChinaWBBNationalTeam\\n#TheProcess #WeJustDifferent \\n#Ballhers #NotreDameWBB\ ,"Noblesville, IN"
Sat Jun 22 23:59:29 +0000 2019,Wise Man! ,"Florida, USA"
Sat Jun 22 23:59:29 +0000 2019,Ah shit here we go again ,"Midland, TX"
Sat Jun 22 23:59:29 +0000 2019,"I\'m at  in West Lake Hills, TX ","West Lake Hills, TX"
Sat Jun 22 23:59:29 +0000 2019,I was drunk for bout 12hrs man \,"Texas, USA"
Sat Jun 22 23:59:29 +0000 2019,"Dan Wolken\ columns are usually pretty terrible, but this is a pretty solid assessment of what happened with UCONN\ ","Cumberland, IN"
Sat Jun 22 23:59:29 +0000 2019," I\'m sad for this child. Truly, deeply sad.""'","Mount Lebanon, PA"
Sat Jun 22 23:59:29 +0000 2019," Hurry up!!'""","Mims, FL"
Sat Jun 22 23:59:29 +0000 2019,every single one of you look the same and i am not sorry about it \,"Colorado Springs, CO"
Sat Jun 22 23:59:29 +0000 2019,"They love some pool time!\\n\\n#poolparty #pool #lifeofdogs #dogsofinstagram #ranchomiragelife @ Rancho Mirage, Califor\ ","Rancho Mirage, CA"
Sat Jun 22 23:59:29 +0000 2019,"Life forces me to learn everything the hard way IM TIRED'""","Sunrise Manor, NV"
Sat Jun 22 23:59:29 +0000 2019," Semantics are challenging for you, apparently.  My grandparents were immigrants -  they immigrated leg\ ","San Diego, CA"
Sat Jun 22 23:59:28 +0000 2019,Lies ,"Louisiana, USA"
Sat Jun 22 23:59:28 +0000 2019," So,   you\ saying that  either your spine went out again or somebody actually reached\ ","South Hill, WA"
Sat Jun 22 23:59:28 +0000 2019,Damn .. I just got my first medical bill that I have to pay on my own \,"Arlington, TX"
Sat Jun 22 23:59:28 +0000 2019,What a beautiful pic ,"Stamford, CT"
Sat Jun 22 23:59:28 +0000 2019," Royal blue'""","Palmdale, CA"
Sat Jun 22 23:59:28 +0000 2019,"What if I got Lena Dunham into going to Dodger games? Talk about SYNERGY!'""","Los Angeles, CA"
Sat Jun 22 23:59:28 +0000 2019,His character was bad. Did you watch the show ,"Charlotte, NC"
Sat Jun 22 23:59:28 +0000 2019,"Sexism is so deep rooted in debate we have to learn to work around it to excel, having to cater to judges and oppon\ ","Kansas City, MO"
Sat Jun 22 23:59:28 +0000 2019,"TYLER FLOWERS BABY solo shot'""","Atlanta, GA"
Sat Jun 22 23:59:28 +0000 2019," Adorable'""","Trussville, AL"
Sat Jun 22 23:59:28 +0000 2019, I be dying in my wranglers everyday day but my thighs love it and ask fo mo\,"San Antonio, TX"
Sat Jun 22 23:59:27 +0000 2019,"Good with or without you luv.'""","Georgia, USA"
Sat Jun 22 23:59:27 +0000 2019,"Optic wins, 100 wins. The C in #LCS stands for Call of Duty.'""","Los Angeles, CA"
Sat Jun 22 23:59:27 +0000 2019," Hennessy, the key to your heart.'""","New Jersey, USA"
Sat Jun 22 23:59:27 +0000 2019,The first time I sang in front of a group of people was in 2nd grade at the talent show and I sang leave \ ,"Grand Prairie, TX"
Sat Jun 22 23:59:27 +0000 2019,"  Approval polls below 50% since the sociopath took office is not most of the nation'""","Madison, GA"
Sat Jun 22 23:59:27 +0000 2019," Where you from?'""","Augusta, GA"
Sat Jun 22 23:59:27 +0000 2019,Getting set up for Saturday night  with our second night of our Live PD drinking game. LETS DO THIS!\ ,"Lakeside, FL"
Sat Jun 22 23:59:27 +0000 2019,Lobster Ravioli for dinner at Gerbasi Restorante #bronxlittleitaly #foodporn #lobsterravioli #gerbasi\ ,"Bronx, NY"
Sat Jun 22 23:59:27 +0000 2019,Michael just said \ Eyelash\,"San Diego, CA"
Sat Jun 22 23:59:27 +0000 2019,Maybe this should happen more often. ,"Shannondale, WV"
Sat Jun 22 23:59:26 +0000 2019, Tell me the toolman visited Indy 500 speedway. Sorry I\'m watching home improvement on  in New Eng\ ,"Woonsocket, RI"
Sat Jun 22 23:59:26 +0000 2019,   \,"Eugene, OR"
Sat Jun 22 23:59:26 +0000 2019,"  If there is any good to come from this horror it may be that fewer people can be fooled in the future.'""","Washington, USA"
Sat Jun 22 23:59:26 +0000 2019,Ready to draw wedding coasters! #goofyfaces #caricaturecoasters #weddingideas #weddingcaricatures #bookanartist @ A\ ,"Pontiac, MI"
Sat Jun 22 23:59:26 +0000 2019,I stay ready for all my blessings ,"Maryland, USA"
Sat Jun 22 23:59:26 +0000 2019,The dirt kick though \ ,"Durham, NC"
Sat Jun 22 23:59:26 +0000 2019," Noooooooooo'""","Rosemead, CA"
Sat Jun 22 23:59:26 +0000 2019,"There\ nobody on Missouri roads. I\ tempted to smash a hundo all the way to Memphis.'""","Missouri, USA"
Sat Jun 22 23:59:26 +0000 2019,"Goodbye, cargo ship \ ALGECIRAS! Have a great time in Seattle, WA!'""","San Francisco, CA"
Sat Jun 22 23:59:26 +0000 2019,Come on... really? Does this get any cooler ? I am in \ with  . ,Packet Alley
Sat Jun 22 23:59:26 +0000 2019,"I wonder if they can hear us in the county jail downtown #out_here'""","Youngstown, OH"
Sat Jun 22 23:59:26 +0000 2019," if Z ever did this to their hair i would SCREAM bc im jEALOUS'""","Marietta, GA"
Sat Jun 22 23:59:26 +0000 2019," Same! My grandma passed about a month ago and she wanted to see  so badly but I never go to take her'""","Copley, OH"
Sat Jun 22 23:59:25 +0000 2019, Maybe! \,"Paradise, NV"
Sat Jun 22 23:59:25 +0000 2019," NO!'""","Manhattan, NY"
Sat Jun 22 23:59:25 +0000 2019,Strengthening both the body and mind. 8 days until #Milestone9 are you ready? #RMP #719FightTeam #WorkTimeFitness\ ,"Colorado Springs, CO"
Sat Jun 22 23:59:25 +0000 2019,I was gone off some mimosas earlier . You absolutely deserve a drink! ,"Louisiana, USA"
Sat Jun 22 23:59:25 +0000 2019,This was amazing!  Look at the attendees! On their feet!!!! #RelentessBeto ,"Bridgewater, NJ"
Sat Jun 22 23:59:25 +0000 2019," You really should.  It\ great.'""","St Louis, MO"
Sat Jun 22 23:59:25 +0000 2019, here we go ,Jazz at Lincoln Center
Sat Jun 22 23:59:25 +0000 2019,"Does this opportunity sound interesting? Facility Maintenance Manager -  #Hospitality #Dallas, TX'""","Dallas, TX"
Sat Jun 22 23:59:25 +0000 2019, I see you here! ,"Tanque Verde, AZ"
Sat Jun 22 23:59:25 +0000 2019,my mum just came in here and said \ you depressed or inlove? you sitting up here eating ice cream listening to S\ ,"Mobile, AL"
Sat Jun 22 23:59:25 +0000 2019," Honestly I wasn\'t impressed w Canada at all.""'","Hagerstown, MD"
Sat Jun 22 23:59:24 +0000 2019,#shesaidyes is for  because I can just hear \ or it didn\ happen\ ,"Centerville, OH"
Sat Jun 22 23:59:24 +0000 2019,Get hot? I\ sorry is getting hot blowing a 6-0 lead to the blue jays ? Lmfaooooo ,"Staten Island, NY"
Sat Jun 22 23:59:24 +0000 2019,Hope you feel better and had a nice night my friend \,"Philadelphia, PA"
Sat Jun 22 23:59:24 +0000 2019,  Who are u ,"Johnson City, TN"
Sat Jun 22 23:59:24 +0000 2019," Michael Jordan'""","St Joseph, MN"
Sat Jun 22 23:59:24 +0000 2019,"The bar next door keeps switching between 70s techno, disco, and rock ballads. This is fucking criminal. We don\'t s\ ","Depew, NY"
Sat Jun 22 23:59:24 +0000 2019,"I am seriously hoping my vegan + gluten-free lemon elderflower cupcakes are photogenic because I wanna show the world my royal creation'""","Michigan, USA"
Sat Jun 22 23:59:24 +0000 2019, The modern day version of the 3 Stooges \ difference is the originals were funny\,"Forsyth, IL"
Sat Jun 22 23:59:23 +0000 2019,my sister stay asking me where i\ at like she don\ have my location \,"Georgia, USA"
Sat Jun 22 23:59:23 +0000 2019," This is HORRIFIC. Gross.'""","Durham, NC"
Sat Jun 22 23:59:23 +0000 2019,"     this kid is your twin'""","Fountain Inn, SC"
Sat Jun 22 23:59:23 +0000 2019,Peter getting squeezed quite a bit so far tonight #Rockies ,"Denver, CO"
Sat Jun 22 23:59:23 +0000 2019,30 Min Rest Break Pics\\n#lovemyjob @ 1-15 Utah ,"Utah, USA"
Sat Jun 22 23:59:23 +0000 2019,"'Career tip for landing jobs like ""Safety Manager"" in #Ontario, CA. Go on informational interviews. The best way to\ ","Ontario, CA"
Sat Jun 22 23:59:23 +0000 2019," Last year I was cabin camping and thought I heard someone getting murdered but it was just an owl'""","Baltimore, MD"
Sat Jun 22 23:59:23 +0000 2019,The kids really love to have fun in the water. \ ,"Charlotte, NC"
Sat Jun 22 23:59:23 +0000 2019,First half and second half. Doc apt on Monday see how my arm is doing. If it\ good to go I might have to start tra\ ,"Los Angeles, CA"
Sat Jun 22 23:59:23 +0000 2019," I suppose it correct. Best to do ur own research. Honestly, both sides do so much shit. I dont say d\ ","Staten Island, NY"
Sat Jun 22 23:59:23 +0000 2019,"  I won\ it\ just a saying, I just really want that game'""","Medford, OR"
Sat Jun 22 23:59:22 +0000 2019,"near bsgstblender: a89ae40d-001e-4d01-bd5a-fb79a73fff49'""","Pittsburgh, PA"
Sat Jun 22 23:59:22 +0000 2019," Gosh dern it....you are so handsome, sir.'""","Chicago, IL"
Sat Jun 22 23:59:22 +0000 2019,  I need that hat champ! #NeverForget your title winning hit 17 years ago \,"Redmond, WA"
Sat Jun 22 23:59:22 +0000 2019,"  Exactly right'""","Hollister, CA"
Sat Jun 22 23:59:22 +0000 2019,"   Lets get this shit started!'""","Mukilteo, WA"
Sat Jun 22 23:59:22 +0000 2019,"  The tendon may be stronger but it doesn\'t make them pitch better. It makes them more durable, nothing else.""'","California, USA"
Sat Jun 22 23:59:22 +0000 2019," Let me recommend google sketch up and a architect gf to side piece \\n\\nWorks for me!!\\n\\n(Don\ tell her pls)'""","Los Angeles, CA"
Sat Jun 22 23:59:22 +0000 2019,Congrats on that # - keep it up    ,"Westchase, FL"
Sat Jun 22 23:59:22 +0000 2019," You\ hot'""","Florida, USA"
Sat Jun 22 23:59:22 +0000 2019,What\'s for dinner? \,"North Carolina, USA"
Sat Jun 22 23:59:21 +0000 2019,Crazy clouds over Murrells Inlet  our view from the boat\ ,"Murrells Inlet, SC"
Sat Jun 22 23:59:21 +0000 2019," Why the late start tonight? Usually moves for national TV, I know, but not seeing that today.'""","McKinney, TX"
Sat Jun 22 23:59:21 +0000 2019,   happy Saturday ladies hope your weekend is going great ,"Pittsfield, MA"
Sat Jun 22 23:59:21 +0000 2019," Every day at work...lol'""","Dallas, TX"
Sat Jun 22 23:59:21 +0000 2019,"Shoot, I bought BTC at like $4k and now it\'s back up to $10k+, BUT I only bought a few dollars\' worth \","San Diego, CA"
Sat Jun 22 23:59:20 +0000 2019,Eiffel and Eiffel   @ Kings Island ,"Mason, OH"
Sat Jun 22 23:59:20 +0000 2019,"gosh, I\ so sorry. you should maybe get that checked. ","San Francisco, CA"
Sat Jun 22 23:59:20 +0000 2019,whew. ,"Louisville, KY"
Sat Jun 22 23:59:20 +0000 2019,"(5) Vipers tie it up 3-3 to close the 3rd against (12) Rick Strickland Baseball.'""","Indiana, USA"
Sat Jun 22 23:59:20 +0000 2019,"  Republicans love to use veterans as a weapon against other interest groups.'""","Glendora, CA"
Sat Jun 22 23:59:20 +0000 2019,"'""You dont call retarded people, retard. Bad taste. You call your friends retard, when they are being retarded"" ~Micheal Scott\''","Mississippi, USA"
Sat Jun 22 23:59:20 +0000 2019,Lol man I really hate these houses ,"Boston, MA"
Sat Jun 22 23:59:20 +0000 2019,  Finnish Winter War showed the Soviet army to be weaker than Hitler suspected. A key par\ ,"Maryville, TN"
Sat Jun 22 23:59:20 +0000 2019,Wait... there was only 5 years between #GenieInABottle and JoJo\ debut album? #JoJoAnniversary feels like they wer\ ,"Mississippi, USA"
Sat Jun 22 23:59:20 +0000 2019,   i miss last night when i looked over on the porch and saw kiana with a wh\ ,"Chicago, IL"
Sat Jun 22 23:59:20 +0000 2019, Thank you \,"Philadelphia, PA"
Sat Jun 22 23:59:19 +0000 2019," Was Glenn Simpson the \'Sid Blumenthal\' go-to person for the Obama regime, as Sid was for the Clintons?""'","Boston, MA"
Sat Jun 22 23:59:19 +0000 2019," If only we could have the satisfaction of impeachment hearings first...n'""","Oregon, USA"
Sat Jun 22 23:59:19 +0000 2019," Sim'""","Alameda, CA"
Sat Jun 22 23:59:19 +0000 2019,"#DoubleRainbow #OklahomaWeather #Rainbow \ @ Checotah, Oklahoma ","Checotah, OK"
Sat Jun 22 23:59:19 +0000 2019,Damn ,"Los Angeles, CA"
Sat Jun 22 23:59:19 +0000 2019," Lmfaoooo'""","Alexandria, VA"
Sat Jun 22 23:59:19 +0000 2019," I agree with you'""","Auburn Hills, MI"
Sat Jun 22 23:59:19 +0000 2019," Greg is not wrong. London is a good choice. So is Amsterdam.'""","Taylorsville, UT"
Sat Jun 22 23:59:19 +0000 2019," Lmao I love it!!!!!'""","Manchester, NH"
Sat Jun 22 23:59:18 +0000 2019,This one guy: how high are you? \\nAnother guy: well he\ eating a burnt chicken tender \\nThe other guy: dang he\ high high \,"Henderson, NV"
Sat Jun 22 23:59:18 +0000 2019,"okay everybody: amber and I have decided we\'re dressing in Spidey outfits for edco, but i can\'t decide on which sui\ ","Oak Ridge North, TX"
Sat Jun 22 23:59:18 +0000 2019,Since returning from her stress fracture in her tibia my youngest daughter Mya has worked hard to develop her playm\ ,Norfolk State University
Sat Jun 22 23:59:18 +0000 2019,"I\'m at Bird Lake in Philadelphia, PA ","Philadelphia, PA"
Sat Jun 22 23:59:18 +0000 2019,It\'s an Elmer\'s kind of day...came for first food...stayed for Strawberry Shortcake. @ Elmer\'s Restaurant ,"Tacoma, WA"
Sat Jun 22 23:59:18 +0000 2019,OMG SHE ATE SH*T \ ,"White Plains, NY"
Sat Jun 22 23:59:18 +0000 2019,"So proud of myself for remembering to bring my  cup! It\ the small things in life, y\ and tac\ ","Irving, TX"
Sat Jun 22 23:59:18 +0000 2019,rip uncle henry \,"Virginia, USA"
Sat Jun 22 23:59:18 +0000 2019,"ready to go home and take a fat ass nap'""","Los Angeles, CA"
Sat Jun 22 23:59:18 +0000 2019, It has changed my life in many good ways too!!\,"New York, USA"
Sat Jun 22 23:59:18 +0000 2019," For me it\ Days of Future Past & American Hustle based on those choices'""","Commerce, CA"
Sat Jun 22 23:59:18 +0000 2019," Says the spokes person for one of the largest Islamic terrorist groups in the world. You do better keeping quiet...'""","Vadnais Heights, MN"
Sat Jun 22 23:59:18 +0000 2019,"   I just did this for my husband - oops no room in my purse.'""","Lakewood, CO"
Sat Jun 22 23:59:18 +0000 2019," Oh I got a few people on my list'""","Orange, CA"
Sat Jun 22 23:59:18 +0000 2019,"My wife just took #bonnie over to meet the neighbors new puppy. It hasn\ stopped barking for 10 min #anklebiter'""","Le Roy, IL"
Sat Jun 22 23:59:17 +0000 2019,"remember when comunismkills followed me and  because we went to an antifa protest'""","South Carolina, USA"
Sat Jun 22 23:59:17 +0000 2019," By far the most despicable of stories. She took a payment, signed an NDA and retracted her own story. He\ ","Fort Lauderdale, FL"
Sat Jun 22 23:59:17 +0000 2019,"Gotta Nikon d3400 great condition for sale HMU or let someone know, even open to entertaining the people who aren\ serious about buying it.'""","Edison, NJ"
Sat Jun 22 23:59:17 +0000 2019," Haha!'""","Charlotte, NC"
Sat Jun 22 23:59:17 +0000 2019,Yellow is my favorite color \,"Fort Smith, AR"
Sat Jun 22 23:59:17 +0000 2019,Does anyone know where the HECZ QUARTERS is?? ,"Frisco, TX"
Sat Jun 22 23:59:17 +0000 2019,"#parenting'""","Plainfield, NJ"
Sat Jun 22 23:59:17 +0000 2019,Start your campaign now for 2023 against this senator from District 49. Please. \\n please move your\ ,"Gulfport, MS"
Sat Jun 22 23:59:17 +0000 2019,Beautiful day out on the Chattahoochee in Carroll and Coweta counties! #thismyga #exploregeorgia ,"Atlanta, GA"
Sat Jun 22 23:59:17 +0000 2019,"Be here is like be on hell'""","Syracuse, NY"
Sat Jun 22 23:59:17 +0000 2019," I like your dad.'""","Memphis, TN"
Sat Jun 22 23:59:17 +0000 2019,"  AOC you don\'t care about the safety of these children, separation is necessary to determine if the\ ","Texas, USA"
Sat Jun 22 23:59:17 +0000 2019," Ali a bad bitch'""","Virginia Beach, VA"
Sat Jun 22 23:59:16 +0000 2019, I didn\'t hear him.  Wonder what Michael Douglas would say.\,"Bellevue, WA"
Sat Jun 22 23:59:16 +0000 2019,"  sad i cant come but y\ better get there for Spektre'""","Brooklyn, NY"
Sat Jun 22 23:59:16 +0000 2019,Bendecido Quer\ que te gozar\ en inigualable concierto. Abrazos y cuidate por favor.\ ,"Anaheim, CA"
Sat Jun 22 23:59:16 +0000 2019,Truuu ,"Grand Rapids, MI"
Sat Jun 22 23:59:16 +0000 2019,"I feel so shitty right now. I can\ believe whats going on with Trump. Fucking insane. Awful'""","Port Angeles, WA"
Sat Jun 22 23:59:16 +0000 2019," I was a fan of the number 3, interplanet Janet, and The Great American Melting Pot.'""","Cocoa Beach, FL"
Sat Jun 22 23:59:15 +0000 2019,  Enough to know how it was gon end \,"Nashville, TN"
Sat Jun 22 23:59:15 +0000 2019,There is something about a beach. ,Wrightsville Beach
Sat Jun 22 23:59:15 +0000 2019," You were in the 5th grade in 99, holy crap I was in 11th grade and wondering why I was starring at hotties'""","Ohio, USA"
Sat Jun 22 23:59:15 +0000 2019,Haven\ been able to watch B/C school was busy and now just catching up. Can someone fill me in on something? Why i\ ,"Massachusetts, USA"
Sat Jun 22 23:59:15 +0000 2019,"  Send thousands of Grandma\'s down there to take care of the kids. Pay THEM, rather tha\ ","Fitchburg, MA"
Sat Jun 22 23:59:15 +0000 2019,Se acababa la botella y de camino otra venia\,"Can Alto, Puerto Rico"
Sat Jun 22 23:59:15 +0000 2019,I think Cory is a bad candidate but give him credit for this. Pretty funny ,"Homer, LA"
Sat Jun 22 23:59:15 +0000 2019," Where can I find these'""","Houston, TX"
Sat Jun 22 23:59:15 +0000 2019," Sholl is it will never get old'""","Troutdale, OR"
Sat Jun 22 23:59:15 +0000 2019,C O M M I T T E D\ #H2P #BallFor23    ,"Fort Lauderdale, FL"
Sat Jun 22 23:59:15 +0000 2019,"   I am so sorry'""","Pennsylvania, USA"
Sat Jun 22 23:59:14 +0000 2019,"  That looks like it hits the spot !'""","Delaware, USA"
Sat Jun 22 23:59:14 +0000 2019,When you call out someone with privilege for trying disenfranchise people of color and they block you. I struck a n\ ,"Manhattan, NY"
Sat Jun 22 23:59:14 +0000 2019,Getting Ready for the Charlotte Oddities and Curiosities Expo Come check us out along with so many other amazing ve\ ,"North Carolina, USA"
Sat Jun 22 23:59:14 +0000 2019,Don\ let your shitty franchise ruin his career please. Onward. ,"Nashville, TN"
Sat Jun 22 23:59:14 +0000 2019,"Anybody tryna bartend?'""","Carencro, LA"
Sat Jun 22 23:59:14 +0000 2019,"'Allied Universal is looking for teammates like you. See our latest #security job openings, including ""Security Offi\ ","Oakland, CA"
Sat Jun 22 23:59:14 +0000 2019, \ \ \ \ \ \ \ \ \ \ \ \ \ \ \ \ \ \ \ ,"Fresno, CA"
Sat Jun 22 23:59:14 +0000 2019,"'Click the link in our bio to see currently open #Clerical jobs like ""Administrative Support Associate full time"" at Lowe\\\'s in #Aurora, CO.\''","Colorado, USA"
Sat Jun 22 23:59:14 +0000 2019,"in just two months i\ be living on my own for 3 years, AND i\ be upgrading from my own apt to my own house. fck\ ","Houston, TX"
Sat Jun 22 23:59:14 +0000 2019,"Met this guy earlier this year at Comic-Con, and now getting to see him on the stage (Fresh from finishing his grap\ ","New Brunswick, NJ"
Sat Jun 22 23:59:14 +0000 2019, very nice \,"Los Angeles, CA"
Sat Jun 22 23:59:13 +0000 2019,"He came back like a survivor'""","Baton Rouge, LA"
Sat Jun 22 23:59:13 +0000 2019,dacovehawaii Enjoyed yet another refreshing a\ bowl as my last meal before leaving Hawaii. Great ambience here. L\ ,"Honolulu, HI"
Sat Jun 22 23:59:13 +0000 2019,Running out of gas while pulling up to the pump like ,"Utah, USA"
Sat Jun 22 23:59:13 +0000 2019,The random thoughts that go through my head at random moments never cease to amaze me. \\n\\n remember\ ,"Bryn Mawr, PA"
Sat Jun 22 23:59:13 +0000 2019,"What y\ doing?'""","Shreveport, LA"
Sat Jun 22 23:59:13 +0000 2019,"You spend money that you don\ have, to buy things that you don\ need, to impress people you don\ like. #Smh'""","Los Angeles, CA"
Sat Jun 22 23:59:13 +0000 2019,"I can\ believe there are men out there that look like Shawn Mendes'""","New Orleans, LA"
Sat Jun 22 23:59:12 +0000 2019,"I need to get the fuck away'""","Houston, TX"
Sat Jun 22 23:59:12 +0000 2019,DESTRUCTION OF AMERICA BY GEORGE SOROS \\n\\n,"Irmo, SC"
Sat Jun 22 23:59:12 +0000 2019," I\'m seeing a pattern here.  Mexico tariffs, Air strikes on Iran, Deportation raids, all announced an\ ","Tucson, AZ"
Sat Jun 22 23:59:12 +0000 2019,Be nice to my guy at the car wash ,"Alafaya, FL"
Sat Jun 22 23:59:12 +0000 2019,Natalie Achonwa remains questionable with a left calf injury for tomorrow night\  game at Seattle.\\n\\nT\ ,"Indiana, USA"
Sat Jun 22 23:59:12 +0000 2019," sad times'""","Four Corners, TX"
Sat Jun 22 23:59:12 +0000 2019,"Ew, gross! It looks like something my brother\ cat barfed up. ","New Hope, MN"
Sat Jun 22 23:59:12 +0000 2019,"it all passes, someday, for sure, certainly.'""","Newington, VA"
Sat Jun 22 23:59:12 +0000 2019,"Coming to you in 2019, \ a design agency focused on giving your brand a leading edge.'""","National City, CA"
Sat Jun 22 23:59:11 +0000 2019," now that\'s humble love""'",TNC Staging at Hobby Airport
Sat Jun 22 23:59:11 +0000 2019,"  It was the Dutch too when they invaded South Africa'""","Farmington, UT"
Sat Jun 22 23:59:11 +0000 2019,"Installing an AC by myself has got me feeling like I\ in an episode of Broad City #shework'""","Brooklyn, NY"
Sat Jun 22 23:59:11 +0000 2019," welp'""","Chicago, IL"
Sat Jun 22 23:59:11 +0000 2019," Beautiful!'""","Oklahoma City, OK"
Sat Jun 22 23:59:11 +0000 2019,Great 1st day at  Inner Harbor Challenge. 17U finishes 2-0 and 15/16U finishes 1-1 falling to Fenco\ ,"Tysons Corner, VA"
Sat Jun 22 23:59:10 +0000 2019,So excited to start the unofficial start to Hunter O&M Advanced lab with Jessica and Michexa tomorrow !! Official s\ ,"Wappingers Falls, NY"
Sat Jun 22 23:59:10 +0000 2019,Team mystery incorperated could not escape the Abandoned Orphanage! ,"Rock Hill, SC"
Sat Jun 22 23:59:10 +0000 2019,"All my bills are paid #adultingin5wordsorless'""","Hoboken, NJ"
Sat Jun 22 23:59:10 +0000 2019,"  A hell of a job holding on to that car'""","Kendall, FL"
Sat Jun 22 23:59:10 +0000 2019," Migraine? I get them with the visual aura out of nowhere'""","San Francisco, CA"
Sat Jun 22 23:59:10 +0000 2019," Avg 75-80'""","North Carolina, USA"
Sat Jun 22 23:59:10 +0000 2019, i know you seen my message \,"Maryland, USA"
Sat Jun 22 23:59:10 +0000 2019, I mean... ,"Boston, MA"
Sat Jun 22 23:59:10 +0000 2019,#ClimateChangeIsReal and I\'m seriously considering moving back to the North. There is going to be mass death when w\ ,"Charlotte, NC"
Sat Jun 22 23:59:09 +0000 2019," They might win a natty?'""","Alpharetta, GA"
Sat Jun 22 23:59:09 +0000 2019,"Who tryna lose on xbox or p4? Add me'""","North Carolina, USA"
Sat Jun 22 23:59:09 +0000 2019,"Should I go to Escape?'""","Los Angeles, CA"
Sat Jun 22 23:59:09 +0000 2019,"I left St. Louis, the city of Bluuueees...because it\ a giant shithole. #deadandcompany'""","Minnesota, USA"
Sat Jun 22 23:59:09 +0000 2019, Is rather get a follow and you see something in my tweets that proves to you I\ hungry and ready and you\ ,"Renton, WA"
Sat Jun 22 23:59:09 +0000 2019,"   Only if I get to light my new Seattle candle'""","Portland, OR"
Sat Jun 22 23:59:09 +0000 2019,8.5 miles of canoeing today \,"Florida, USA"
Sat Jun 22 23:59:09 +0000 2019,just moved in a new apartment complex and I didn\ have the code for the gate so I waited outside for a car to driv\ ,"Arlington, TX"
Sat Jun 22 23:59:09 +0000 2019,Seider rn ,"Mount Pleasant, SC"
Sat Jun 22 23:59:09 +0000 2019,"Ohhhh ya know... Just showcasing the #Dog \ #instapup #instadog #lily #OMG #Puppy @ Long Beach, Mississippi ","Long Beach, MS"
Sat Jun 22 23:59:09 +0000 2019,The good thing for numbskull Doe is that there\'s not enough room for the actually productive brain power fields to\ ,"Louisville, KY"
Sat Jun 22 23:59:09 +0000 2019,Ew ,"Buffalo, NY"
Sat Jun 22 23:59:09 +0000 2019," 6/7 minutes to start'""","Paradise, NV"
Sat Jun 22 23:59:09 +0000 2019,Periodttt ! ,"Port Salerno, FL"
Sat Jun 22 23:59:08 +0000 2019,The 2 biggest Mets fans #letsgomets @ Coolray Field ,"Georgia, USA"
Sat Jun 22 23:59:08 +0000 2019, i love u\,"Long Beach, CA"
Sat Jun 22 23:59:08 +0000 2019," 5-2 yanks'""","Queens, NY"
Sat Jun 22 23:59:08 +0000 2019, guys need to get ur story right TY GIBBS did not start from the back he started on the 4th row a\ ,"Yucaipa, CA"
Sat Jun 22 23:59:08 +0000 2019,During the Redding Carr fire ,"Chico, CA"
Sat Jun 22 23:59:08 +0000 2019,Prime time match up between Jaden Bradley 2022 PG (Cannon School) & Ja\ Michael 2021 SF (Burlington School). Bot\ ,"Greensboro, NC"
Sat Jun 22 23:59:08 +0000 2019," Juicy Jonas'""","Manhattan, NY"
Sat Jun 22 23:59:08 +0000 2019,Smash mouth football baby. ,"Wade Hampton, SC"
Sat Jun 22 23:59:08 +0000 2019,hehe sorry mommy \ ,"Dallas, TX"
Sat Jun 22 23:59:08 +0000 2019,Good Luck!\ ,"Illinois, USA"
Sat Jun 22 23:59:08 +0000 2019,"frick_frack_24 \ #birthday / #poolparty, over ran with #teens. @ Maricopa, Arizona ","Maricopa, AZ"
Sat Jun 22 23:59:08 +0000 2019,So fun seeing one of my  teachers and a friend from high school! Love being home!! ,"Pennsylvania, USA"
Sat Jun 22 23:59:07 +0000 2019,"If you or anyone you know is looking for an apartment in the San Antonio/UTSA area, I have a lease that needs to be\ ","San Antonio, TX"
Sat Jun 22 23:59:07 +0000 2019,It\ all going down tonight! Honored to have sat in during sound check. The positive vibes and talent are overflowi\ ,"Atlanta, GA"
Sat Jun 22 23:59:07 +0000 2019,Im not playing with you  #Immortal ,"Newark, NJ"
Sat Jun 22 23:59:07 +0000 2019,These people are fucking nazis ,"Jurupa Valley, CA"
Sat Jun 22 23:59:07 +0000 2019,Make it permanent. ,"Anaheim, CA"
Sat Jun 22 23:59:07 +0000 2019,"There is a lot of people out here naming their babies Wrenlee, but I remember high school where everyone told\ ","Wyoming, USA"
Sat Jun 22 23:59:07 +0000 2019,Tacotopia \  I was in my happy place \ ,"Los Angeles, CA"
Sat Jun 22 23:59:06 +0000 2019,   Congratulations on the new team! \,"East Foothills, CA"
Sat Jun 22 23:59:06 +0000 2019,When academia became a business and not a service to the public... ,"San Francisco, CA"
Sat Jun 22 23:59:06 +0000 2019,"bdubs in ohio was on some whole bullshit'""","Mason, OH"
Sat Jun 22 23:59:06 +0000 2019,"  Caracas hahahaha vdd mano'""","New York, USA"
Sat Jun 22 23:59:06 +0000 2019," Nah I prefer the picnic area while the sun goes down'""","Oceanport, NJ"
Sat Jun 22 23:59:06 +0000 2019,"   tRump\ government won\ allow them visas!'""","Virginia, USA"
Sat Jun 22 23:59:06 +0000 2019,Board Members and Director of the #GiveBackASmile Charitable Foundation. We had a great meeting over the last 2 day\ ,"Wisconsin, USA"
Sat Jun 22 23:59:06 +0000 2019,"  I never did either. Who in their right mind would name their kid Asdrubal'""","Louisville, OH"
Sat Jun 22 23:59:06 +0000 2019,"   I think you\'re right about that.""'","Roswell, GA"
Sat Jun 22 23:59:06 +0000 2019," Si como en Playboy!'""","Sanford, FL"
Sat Jun 22 23:59:06 +0000 2019,Idg why girls wear grillz \,"Country Club, FL"
Sat Jun 22 23:59:06 +0000 2019,Drinking a Double IPA by Newfangled Brew Works at  \ ,"Colonial Park, PA"
Sat Jun 22 23:59:06 +0000 2019,  Penn state hurt bout this one \ ,"Fort Campbell North, KY"
Sat Jun 22 23:59:06 +0000 2019,  He should do what he was HIRED to do - SERVE his constituents in a time of crisis. ANSWER the\ ,"Manhattan, NY"
Sat Jun 22 23:59:06 +0000 2019," Sometimes these fans wanna act like they never watched a soap opera let alone a TV show before.'""","Philadelphia, PA"
Sat Jun 22 23:59:06 +0000 2019,"I am sick of everybody'""","Houston, TX"
Sat Jun 22 23:59:05 +0000 2019,"Wid absolutely NO shame!! #swimsuitmodel #kauai @ Wailua, Hawaii ","Wailua, HI"
Sat Jun 22 23:59:05 +0000 2019,       My son Jonah & I were\ ,"Norman, OK"
Sat Jun 22 23:59:05 +0000 2019,"Just ok is not ok!'""","Timberlane, LA"
Sat Jun 22 23:59:05 +0000 2019,"   Kamala Harris would make an excellent president.'""","Michigan, USA"
Sat Jun 22 23:59:05 +0000 2019," Sure you can. As long as you also admit you were wrong.'""","Austin, TX"
Sat Jun 22 23:59:05 +0000 2019,"Man I really miss my niggas feel like c note'""","Atascocita, TX"
Sat Jun 22 23:59:05 +0000 2019,"#relayforlife #relayforlife2019 #teamwayne #teamdarryl #teamteal #better #beeu #fuckcancer @ Hayward, California ","Hayward, CA"
Sat Jun 22 23:59:05 +0000 2019,Beautiful warm and clear morning with great workout buddies \\n\\n#healthyhappyfit60plus #fitnessfunwithfriends @ Newha\ ,"Concord, CA"
Sat Jun 22 23:59:04 +0000 2019,"  Which stop?'""","Red Bank, NJ"
Sat Jun 22 23:59:04 +0000 2019,This is an Excellent read and So On Point! Thank you for sharing this    ,"Florida, USA"
Sat Jun 22 23:59:04 +0000 2019,Posing peace! thevesselnyc @ The Vessel ,"Manhattan, NY"
Sat Jun 22 23:59:04 +0000 2019,Check out Dr.Jeff on Animal Planet. \\n\\nHe\'s in a Community  where many dont have electricity or speak english.\\nHe th\ ,"Sun City West, AZ"
Sat Jun 22 23:59:04 +0000 2019, Yess! Edens Baird practically blonde so I\ like \ I\ about to strip my hair and idk what color I want\ ,"Carlsbad, NM"
Sat Jun 22 23:59:04 +0000 2019," Because it\'s made in batches it\'s never made fresh for you and it\'s pretty much watered down""'","Minneapolis, MN"
Sat Jun 22 23:59:04 +0000 2019,Let\ go FCD!  Beat Toronto FC and earn 3 more points!  #challengeall #FCDvTOR ,Toyota Stadium
Sat Jun 22 23:59:04 +0000 2019," I\ so confused'""","Seattle, WA"
Sat Jun 22 23:59:04 +0000 2019,"I\'ll be at #AX2019 at the  booth hanging out and sketching about.\\nIf you\'d like to inquire about a pre-con,\ ","Santa Clara, CA"
Sat Jun 22 23:59:04 +0000 2019,Today was dope. I love quality family time! \ #family #familytime #qualitytime #bogusbasin #idaho #Godisgood\ ,Bogus Basin Ski Resort
Sat Jun 22 23:59:04 +0000 2019," none of them because I was cursed with a sensitive stomach'""","Mississippi, USA"
Sat Jun 22 23:59:04 +0000 2019, Best Rock\ covers of all time? For me - \\n\\nHendrix - All Along The Watchtower\\n\\nManfred Mann - Blinded\ ,"Kings Park West, VA"
Sat Jun 22 23:59:03 +0000 2019,"I want Olive Garden so bad rn'""","Chicago, IL"
Sat Jun 22 23:59:03 +0000 2019,"Mike Stanton could fuck up a bukkaki party'""","Holbrook, NY"
Sat Jun 22 23:59:03 +0000 2019,"Ughhhhhh'""","Port Lavaca, TX"
Sat Jun 22 23:59:03 +0000 2019,    Yeah you\'re right these are all haters they want us to be convi\ ,"Flint, MI"
Sat Jun 22 23:59:03 +0000 2019," They\'re going to lose games. Even to bad teams... It\'s inevitable, but this is inexcusable""'","Boston, MA"
Sat Jun 22 23:59:03 +0000 2019,"I am in short sleeves. I am also in a snow storm. #colorado'""","Leadville, CO"
Sat Jun 22 23:59:03 +0000 2019,(whoops the spice thread is funny I just have strong fish opinions) ,"Los Angeles, CA"
Sat Jun 22 23:59:03 +0000 2019,Double fisting baby wines (he got me a red AND a white for... reasons?) with my fav waiting for the rain to roll in\ ,"Denver, CO"
Sat Jun 22 23:59:03 +0000 2019,"Can you recommend anyone for this job? Perfusion Manager -  #Healthcare #Houston, TX'""","Houston, TX"
Sat Jun 22 23:59:03 +0000 2019,Rap sign language! ,United States
Sat Jun 22 23:59:03 +0000 2019,Drinking a Miles Davis\' Bitches Brew by  @ LCRA North Shore Park \ ,"Texas, USA"
Sat Jun 22 23:59:02 +0000 2019,Hey  what\ a gal gotta do to get a shoutout at Tuesday nights  show??? ,"Chicago, IL"
Sat Jun 22 23:59:02 +0000 2019," Who are you?'""","North Carolina, USA"
Sat Jun 22 23:59:02 +0000 2019, I wish we would\ made a bigger SP move this winter than waiting until mid June for DK. We have a zi\ ,"Charleston, WV"
Sat Jun 22 23:59:02 +0000 2019," Why would they sign him when Slvin Gentry is planning on running ?'""","Round Rock, TX"
Sat Jun 22 23:59:02 +0000 2019," Oh and Graux Streauxs!'""","Rayne, LA"
Sat Jun 22 23:59:02 +0000 2019,Drinking a Cuffing Season Chocolate Pomegranate Gose by  @ The Blind \ ,"Virginia, USA"
Sat Jun 22 23:59:02 +0000 2019,"Can\ decide'""","Altus, OK"
Sat Jun 22 23:59:02 +0000 2019,Mannnn FUCK THAT \ It ain\ worth it \,"Toledo, OH"
Sat Jun 22 23:59:02 +0000 2019,"Shit, I missed my chance to say in the bay with my bae \ ","Turnersville, NJ"
Sat Jun 22 23:59:01 +0000 2019,Seeing how & why  protested outside the  building today reminds me of #CoveringClimateNow at  ,"Manhattan, NY"
Sat Jun 22 23:59:01 +0000 2019,"Yeah baby.... my hat arrived! @ Belleville, Illinois ","Belleville, IL"
Sat Jun 22 23:59:01 +0000 2019," Si! Yo entiendo ahora, lol. Es importante porque estoy perfeccionando mi Espanol. Necesito practicar!'""","Jersey Village, TX"
Sat Jun 22 23:59:01 +0000 2019," love is a double edged sword'""","Paradise, NV"
Sat Jun 22 23:59:01 +0000 2019,"Garry want wingy (@ Franks for the Memories in Mundelein, IL) ","Mundelein, IL"
Sat Jun 22 23:59:01 +0000 2019,"Here. We. Go. #USMNT'""","Lancaster, KY"
Sat Jun 22 23:59:01 +0000 2019,"Happy birthday my G  !'""","Kansas, USA"
Sat Jun 22 23:59:01 +0000 2019,La verdad todo!!   #BTSENPUERTORICO ,"Almirante Norte, Puerto Rico"
Sat Jun 22 23:59:01 +0000 2019,"'Don\\\'t be shy. Score a job like ""Teller - 20 Hours - Union Avenue"" at Wells Fargo by asking for referrals. It\\\'s a gr\ ","Los Gatos, CA"
Sat Jun 22 23:59:01 +0000 2019,We walk It out like an usher \\n.\\n.\\n.\\n.\\n.\\n.\\n#ZumbaRashid #ZumbaInstructorNetwork #ZIN\\n#zumbafitness. #zumba #fitness\ ,"Decatur, GA"
Sat Jun 22 23:59:01 +0000 2019," respond to my DM'""","Fort Payne, AL"
Sat Jun 22 23:59:01 +0000 2019, YOU BROKE IT \,"Scenic Oaks, TX"
Sat Jun 22 23:59:00 +0000 2019," I say that to say DEMAND FREE SNACKS'""","Inverness, FL"
Sat Jun 22 23:59:00 +0000 2019," With wood not to mention! #dingers'""","Cache, OK"
Sat Jun 22 23:59:00 +0000 2019,Fish-shaped bun under there. They also have fish shaped cones.... @ Snowtime ,"Chandler, AZ"
Sat Jun 22 23:59:00 +0000 2019,"Want to work at FedEx Express? We\'re hiring in #GreatFalls, MT! Click the link in our bio for details on this job a\ ","Great Falls, MT"
Sat Jun 22 23:58:59 +0000 2019,"  Anyone know this guy, beating his meat to a woman at the train? ","Red Bank, NJ"
Sat Jun 22 23:58:59 +0000 2019,OJ - Drinking a Tang Ten by  @ Fifth Frame Brewing Co.  \ ,"New York, USA"
Sat Jun 22 23:58:59 +0000 2019,Whenever Brantley has a chance to go oppo & do a little damage vs #TheShift he does it vs #Yankees - so irregardles\ ,"Providence, RI"
Sat Jun 22 23:58:59 +0000 2019,"Even if you\ a dehumanizing cretin concerned only with efficiency, wouldn\ it still be less expensive to provide\ ","Clovis, NM"
Sat Jun 22 23:58:59 +0000 2019,50th Birthday Party ROCKIN!!! #godfirst #godisgood #godisgoodalways #djlife #djfreedomortiz #events #event\ ,"Ashburn, VA"
Sat Jun 22 23:58:59 +0000 2019, lol I told you to be careful \,"Smyrna, TN"
Sat Jun 22 23:58:59 +0000 2019, At least you have options \,"LaGrange, GA"
Sat Jun 22 23:58:58 +0000 2019," Nasty bitch'""","Rancho Cucamonga, CA"
Sat Jun 22 23:58:58 +0000 2019,"     Yes sir!!'""","Boston, MA"
Sat Jun 22 23:58:58 +0000 2019, Thank you! \,"Lancaster, PA"
Sat Jun 22 23:58:58 +0000 2019,Beach day! ,"Brooklyn, NY"
Sat Jun 22 23:58:58 +0000 2019," It\'s part of the takeover.""'","Phoenix, AZ"
Sat Jun 22 23:58:58 +0000 2019,Drinking a Phase Change (2019) by  @ Lagunitas Brewing Company-Chicago \ ,"Chicago, IL"
Sat Jun 22 23:58:58 +0000 2019,"Nike was dropping kd\ lebron\ and Kobe\ and they was heaaattttt now signature shoes be kinda, meh'""","Chicago, IL"
Sat Jun 22 23:58:58 +0000 2019,"just call me if you want me'""","Texas, USA"
Sat Jun 22 23:58:58 +0000 2019,Why was this me with Justin Bieber ,"Los Angeles, CA"
Sat Jun 22 23:58:58 +0000 2019,"  LMAO so good'""","Los Angeles, CA"
Sat Jun 22 23:58:58 +0000 2019, When do the Renovations start this off season? Also what are the renovations that still have to be do\ ,"Collinsville, IL"
Sat Jun 22 23:58:58 +0000 2019,"'Awesome thread. ""Magastapo"" is my new favorite epithet! Thank you  ! ","Independence, MO"
Sat Jun 22 23:58:57 +0000 2019,"' It was a gorgeous dress and you pulled it off so well.  If only ""we all"" had confidence to look that good! MamaGreenInKC\''","Olathe, KS"
Sat Jun 22 23:58:57 +0000 2019,These skies lately are insane       ,"Myrtle Beach, SC"
Sat Jun 22 23:58:57 +0000 2019," Idk lol just never got into it. I don\ know one single thing about it tbh'""","Panama City Beach, FL"
Sat Jun 22 23:58:57 +0000 2019,"Clint\'s mom is not for the BS! #LifeAfterLockup""'","Virginia, USA"
Sat Jun 22 23:58:57 +0000 2019,being a cat mom is so exhausting \,"Antelope, CA"
Sat Jun 22 23:58:57 +0000 2019," That\'s crazy. They built one and put it right by the mall some years back. I wonder what happened""'","Concord, NC"
Sat Jun 22 23:58:57 +0000 2019,"This detour was brought to you by the Fbluf: Fuck bitches Life Up Foundation'""","Queens, NY"
Sat Jun 22 23:58:57 +0000 2019,"No surprise here,  is unquestionably one of the top high school QB talents over the past couple years and\ ","Alamo, CA"
Sat Jun 22 23:58:57 +0000 2019,"'""Is this a library issue?""\\n\\n""You bet your ass it is.""\\n\\n#SRRT #alaac19\''","Washington, DC"
Sat Jun 22 23:58:57 +0000 2019," Thanks Dev!!'""","Philadelphia, PA"
Sat Jun 22 23:58:57 +0000 2019,"Being tested major today'""","Portland, OR"
Sat Jun 22 23:58:57 +0000 2019,"      Whatever man. Gravity hammer for days brooooo!'""","Indianapolis, IN"
Sat Jun 22 23:58:57 +0000 2019," You have beautiful eyes and a pretty smile.'""","Pinellas Park, FL"
Sat Jun 22 23:58:57 +0000 2019,"  It\'s just a fact!""'","Buffalo, NY"
Sat Jun 22 23:58:56 +0000 2019,Teddy\ first time at the beach... \ ,"Texas, USA"
Sat Jun 22 23:58:56 +0000 2019," I DONT REMEMBER THIS'""","Seattle, WA"
Sat Jun 22 23:58:56 +0000 2019,In needed of a new desk any ideas \\n       ,"Murfreesboro, TN"
Sat Jun 22 23:58:56 +0000 2019, Lol yea their points system is only on wine and maybe beer.... and to some degree that gives me the flux b\ ,"Chicago, IL"
Sat Jun 22 23:58:56 +0000 2019,i have so many cute fits that i never took a picture in\,"Greensboro, NC"
Sat Jun 22 23:58:56 +0000 2019,Why he look like one of them characters off of the movie Grease ,"Tallahassee, FL"
Sat Jun 22 23:58:56 +0000 2019,We are making our way from Texas to Vegas and will be traveling through Pinal County in the morning. I look forward\ ,"Marana, AZ"
Sat Jun 22 23:58:56 +0000 2019,Horse Selfie! #horsesofinstagram #bailey #modellife #mybaby #tuckawaycampground #wisconsin #horsey #horseselfie @ T\ ,"Wisconsin, USA"
Sat Jun 22 23:58:56 +0000 2019," Nah I\ not'""","Brookline, MA"
Sat Jun 22 23:58:56 +0000 2019," Me either, but I would certainly try if I had the chance to dance with Sal!'""","Point Pleasant, WV"
Sat Jun 22 23:58:56 +0000 2019,HEI PRICK ,"San Francisco, CA"
Sat Jun 22 23:58:56 +0000 2019, I mean I don\ wear bikinis but I\ down \,"Lake Havasu City, AZ"
Sat Jun 22 23:58:56 +0000 2019,"  No kidding. Talk about split personality'""","Addison, TX"
Sat Jun 22 23:58:55 +0000 2019,"Paige bueckers is the real deal man'""","Denton, TX"
Sat Jun 22 23:58:55 +0000 2019, Hi \ I had to start a new account\,"Athens, GA"
Sat Jun 22 23:58:55 +0000 2019," Yasss, take it and go! Bonus points in broad daylight \","Los Angeles, CA"
Sat Jun 22 23:58:55 +0000 2019,Family and friends make celebrating extra special. Thanks to our family and friends who loved us well today. \ ,"Bel Air North, MD"
Sat Jun 22 23:58:55 +0000 2019,"I say this with love. Go the fuck to sleep.'""","Plainfield, NJ"
Sat Jun 22 23:58:55 +0000 2019,I though this was you for a sec.      \  ,"Hercules, CA"
Sat Jun 22 23:58:54 +0000 2019,In your home- that steals things with your knowledge and sells it for a cocksucking! While you go to sleep!  The bl\ ,"Washington, DC"
Sat Jun 22 23:58:54 +0000 2019,"Snack\ #LatePost #Vegan #Hervibore #PlantPowered #PlantBased #CrueltyFree #EthicalVegan @ Silverado Ranch, Las Veg\ ","Paradise, NV"
Sat Jun 22 23:58:54 +0000 2019, You only saying something cause I used Meg \,"Paradise, NV"
Sat Jun 22 23:58:54 +0000 2019,  Wow what a juice bomb!!!\,"Texas, USA"
Sat Jun 22 23:58:54 +0000 2019,"15 blown saves.  #RedSox'""","White Horse, NJ"
Sat Jun 22 23:58:54 +0000 2019,"back on! woohoo!'""","Laurel, MD"
Sat Jun 22 23:58:54 +0000 2019, Coke and \ jello together mildly intrigues me. But then the cream cheese totally throws me off. \,"South Orange, NJ"
Sat Jun 22 23:58:54 +0000 2019," XS / iOS 13b2'""","San Francisco, CA"
Sat Jun 22 23:58:54 +0000 2019,"  can you flex because I\ curious'""","Massachusetts, USA"
Sat Jun 22 23:58:54 +0000 2019,"I\'m at V.E. Macy Park in Ardsley, NY ","Ardsley, NY"
Sat Jun 22 23:58:54 +0000 2019," Cause black people don\'t live in Alaska.""'","College Station, TX"
Sat Jun 22 23:58:54 +0000 2019," Tapin'""","California, USA"
Sat Jun 22 23:58:54 +0000 2019,"I want the best and am not going to stop until I get it..\\n#watch'""","Texas, USA"
Sat Jun 22 23:58:53 +0000 2019,"My daughters wedding reception.\ @ Amarillo, Texas ","Amarillo, TX"
Sat Jun 22 23:58:53 +0000 2019," please. PLEASE do not speaking the truth!!!!'""","Dallas, TX"
Sat Jun 22 23:58:53 +0000 2019,$ashleyjohnson12 ,"Fernandina Beach, FL"
Sat Jun 22 23:58:53 +0000 2019,Future educators unite\ #thereispowerinstudentvoice ,Hyatt Regency Dallas
Sat Jun 22 23:58:53 +0000 2019,"If i see another gender reveal i might die.'""","Lafayette, LA"
Sat Jun 22 23:58:53 +0000 2019," Tell her privately and make it seem like it\ no big deal. Keep it light don\ act awkward just be straight up'""","Denver, CO"
Sat Jun 22 23:58:53 +0000 2019,Does trump have a friend that\ not a racist or a traitor ,"South Daytona, FL"
Sat Jun 22 23:58:53 +0000 2019,Dain Dainja commits to Baylor.\\n\\n,"Woodbury, MN"
Sat Jun 22 23:58:53 +0000 2019,"It was a productive day of #Electrolysis & #Laser continuing education, with one of the Top Trainers of our industr\ ","Coral Springs, FL"
Sat Jun 22 23:58:53 +0000 2019,I took the subway and busses today I am so proud of myself. Tryna go Uber free for a week. Wish me luck. We\ see how long I last \,"Manhattan, NY"
Sat Jun 22 23:58:53 +0000 2019," yoo I think you need to say it louder bro'""","Queens, NY"
Sat Jun 22 23:58:52 +0000 2019, The magic of clouds ,"Kansas City, MO"
Sat Jun 22 23:58:52 +0000 2019,"    Step away from Twitter. You are making a fool of yourself'""","Palo Alto, CA"
Sat Jun 22 23:58:52 +0000 2019," Unfreaking believable. No actually because that whole \ is someway for trump and kushner to build hotels'""","Long Beach, CA"
Sat Jun 22 23:58:52 +0000 2019,next stop St. Louis. my lost luggage betta be there\ #makeupfree #lostluggage @ Chicago O\'Hare Inter\ ,"Chicago, IL"
Sat Jun 22 23:58:52 +0000 2019,No me molesten por un rato... \  ,"Boston, MA"
Sat Jun 22 23:58:52 +0000 2019,i know i should take advantage of my Saturday night off and go hang w my friends but lately I\ been feeling like\ ,"Miamisburg, OH"
Sat Jun 22 23:58:52 +0000 2019,Cool! ,"Shawnee, KS"
