Date,Tweet
Date,eet',Country
Wed Jun 19 10:08:54 +0000 2019,Max Casella\\n,"Warren, OH"
Wed Jun 19 10:08:54 +0000 2019," Pues solo llamame y yo te lo doy'""","Rocky Mount, NC"
Wed Jun 19 10:08:53 +0000 2019,"idc if my layout don\ fit LITERALKY BOTH OF MY FAVS SRE IN ONE PIC OMG'""","Los Angeles, CA"
Wed Jun 19 10:08:53 +0000 2019,  Let\'s see a team wiggle out of that \,"Apex, NC"
Wed Jun 19 10:08:52 +0000 2019,Engage young adults with a visit to your manufacturing business - A career in modern manufacturing isn\'t just about\ ,"Burr Ridge, IL"
Wed Jun 19 10:08:52 +0000 2019, #News on this problem keeps coming.  reports on  about yet another #recall o\ ,"Pennsylvania, USA"
Wed Jun 19 10:08:52 +0000 2019,good night! \,"Port Angeles, WA"
Wed Jun 19 10:08:52 +0000 2019," Thots and prayers'""","Ross Township, PA"
Wed Jun 19 10:08:52 +0000 2019,"i need my car to be fixed, TODAY!'""","Florida, USA"
Wed Jun 19 10:08:52 +0000 2019," Favorite bands!'""","Houston, TX"
Wed Jun 19 10:08:52 +0000 2019,"We\'re about ta come out of captivity, we bout to come out of darkness. And the promised land will be ours foeva...\ ","Lewis and Clark, MO"
Wed Jun 19 10:08:51 +0000 2019,Watermelon lemonade for #FathersDay. Enjoy. #sunday ,"Florida, USA"
Wed Jun 19 10:08:51 +0000 2019, \,"Union City, GA"
Wed Jun 19 10:08:50 +0000 2019,"  Except the children of American criminals eventually see their parents again.'""","Chesapeake, VA"
Wed Jun 19 10:08:50 +0000 2019,"Gas leaks near schools are effecting the health of kids and, according to some, contributing to and worsening the h\ ","Worcester, MA"
Wed Jun 19 10:08:50 +0000 2019,"'Been enjoying the new instrumental version of  ""Untitled Hymn: A Collection of Hymns"" Unique idea an\ ","Illinois, USA"
Wed Jun 19 10:08:50 +0000 2019,Lucky to see dolphins \ today.  Watch in the video at the 3 second mark and the 22 second mark.  So neat. I \ \ Hap\ ,"Ormond-by-the-Sea, FL"
Wed Jun 19 10:08:50 +0000 2019,"I\ be around'""","Riverside, CA"
Wed Jun 19 10:08:49 +0000 2019,What is wrong with this country?? OMG! ,"Lake Charles, LA"
Wed Jun 19 10:08:48 +0000 2019,My shins (that how you spell it?) they are in so much pain\,"Manhattan, NY"
Wed Jun 19 10:08:48 +0000 2019,Millions of stores to accept $Litecoin !!!!\\n\\n,"Jackson, MI"
Wed Jun 19 10:08:47 +0000 2019,"Literally was stabbed to death now I can\ sleep cause of flashbacks.'""","Honolulu, HI"
Wed Jun 19 10:08:47 +0000 2019,"Does  know what working is? I mean really, does this guy work? When? Exclude golfing & Twitter time\ ","Florida, USA"
Wed Jun 19 10:08:47 +0000 2019,,"Papillion, NE"
Wed Jun 19 10:08:46 +0000 2019, is amazing \,"Hammond, LA"
Wed Jun 19 10:08:45 +0000 2019,"  Yeah fuck the rules of engagement you tell them!'""","Kansas, USA"
Wed Jun 19 10:08:45 +0000 2019,"The Fed does not seem to get that low inflation is a byproduct of Technology. Amazing !!'""","Pennsylvania, USA"
Wed Jun 19 10:08:45 +0000 2019,"You, sir are incorrect, Kate had her life stolen. Her community did not provide her justice. We must remember. What\ ","Portland, OR"
Wed Jun 19 10:08:44 +0000 2019, There\ no correlation with height \,"Manhattan, NY"
Wed Jun 19 10:08:44 +0000 2019,"I\ either taking Bre to NOLA or Costa Maya for her bday. God knows she deserves it.'""","Laredo, TX"
Wed Jun 19 10:08:43 +0000 2019,"When you start your day with these guys, life is good!  #wednesdaythoughts #SecretLifeOfPets2 \\n#dogsarefamily\ ","Melbourne, FL"
Wed Jun 19 10:08:43 +0000 2019,Closed due to landslide in #RT168Midland on Fairview Rd Both NB/SB between Woodlane Ave and Columbus Ave #traffic ,"Midland, PA"
Wed Jun 19 10:08:43 +0000 2019,"A veces veo mis lista de gente bloqueados para ver en qu\ andan mis prisioneros.'""","North Bethesda, MD"
Wed Jun 19 10:08:42 +0000 2019,I will die\ ,"Queens, NY"
Wed Jun 19 10:08:42 +0000 2019," Harvard and other quality universities may not be in your future, but the Army is always an option. The\ ","Antioch, IL"
Wed Jun 19 10:08:42 +0000 2019,"Lord, I ask that you give me the strength to keep going strong and striving to make dreams a reality. Amen'""","Newark, NJ"
Wed Jun 19 10:08:42 +0000 2019,Thank you for trusting bellaPerlina to custom design your earrings and bracelet on your wedding day. You look stunn\ ,"Madison Center, CT"
Wed Jun 19 10:08:42 +0000 2019,sleeping with just a hoodie type of mood ,"Port Angeles, WA"
Wed Jun 19 10:08:41 +0000 2019,"When I know my car company got me fucked up , I\ been paying since January why does my remaining amount the same!? Lmao gmfu'""","Hampton, VA"
Wed Jun 19 10:08:40 +0000 2019,"Slept in this morning. #5amwritersclub is now #6amwritersclub for me. My car is making a strange noise, so I need t\ ","Vermont, USA"
Wed Jun 19 10:08:40 +0000 2019,"  Let me guess, you support the dude who wrote the crime bill, the dude who voted for the\ ","Johnston, RI"
Wed Jun 19 10:08:40 +0000 2019," AOC needs to be prosecuted for her words.'""","Virginia Beach, VA"
Wed Jun 19 10:08:40 +0000 2019,"AOC > any knuckle dragger with an (R) next to their name'""","Grapevine, TX"
Wed Jun 19 10:08:40 +0000 2019,"Crazy how things happen in a snap of of a finger'""","Ohio, USA"
Wed Jun 19 10:08:39 +0000 2019, Will said... ,"Mississippi, USA"
Wed Jun 19 10:08:39 +0000 2019,   The attorneys have already issued statements on both sides trying to minimize the in\ ,"Henderson, NV"
Wed Jun 19 10:08:39 +0000 2019," Watching this video made me think of groot and rocket'""","Los Angeles, CA"
Wed Jun 19 10:08:39 +0000 2019,Congrats Chris. One of my all time favorite clients. ( also congrats to Mike Eaves another great guy) ,"Reading, MA"
Wed Jun 19 10:08:38 +0000 2019,Thursday June 20th ...\\n#Unzipped at  \\nHosted by  \\nAnd sexy gogo studs \\namveg89 \\nmr.faultlin\ ,"Los Angeles, CA"
Wed Jun 19 10:08:38 +0000 2019," Monster among men'""","New Jersey, USA"
Wed Jun 19 10:08:37 +0000 2019,"I just want my spirit clean, my surroundings positive & my environment peaceful \","Atlanta, GA"
Wed Jun 19 10:08:37 +0000 2019,"Me:\\nMy Uber driver: here let me try to find you some pictures of my house'""","Brooklyn, NY"
Wed Jun 19 10:08:37 +0000 2019,I fucking understand this more than anything. ,"Miami, FL"
Wed Jun 19 10:08:37 +0000 2019,Big light skin ass Jamaican...\ hate anyone from a Island \,"Norfolk, VA"
Wed Jun 19 10:08:37 +0000 2019,If we can\'t get one of last season\'s goalies signed.. it feels like last season\'s progress was all for nothing. \,"Cary, NC"
Wed Jun 19 10:08:36 +0000 2019,"Since I\ working from home I have to create this on my floor so my knees have been killing me. This is deadass labor'""","Los Angeles, CA"
Wed Jun 19 10:08:36 +0000 2019,Moo ,"Eureka, MO"
Wed Jun 19 10:08:36 +0000 2019,Good Morning.... #GODisGOOD\,"Florida, USA"
Wed Jun 19 10:08:35 +0000 2019," good to know I\ tried Pineapple, Hops and Ginger so far'""","Burlington, VT"
Wed Jun 19 10:08:35 +0000 2019,"  Not like it matters lol'""","Campbell, CA"
Wed Jun 19 10:08:35 +0000 2019," Yes, for like the last six years. It didn\'t dawn on me until Sunday that he could possibly be livin\ ","Union City, GA"
Wed Jun 19 10:08:34 +0000 2019,Michael Karacson Gay sissy faggot to humiliate and expose Login into my  account exposing me\ ,"Mishawaka, IN"
Wed Jun 19 10:08:32 +0000 2019,La guerra de palabras de la JUNTA y el Gobierno continua. La junta tiene raz\ sobre la irresponsabilidad del Gobie\ ,"Monacillo, USA"
Wed Jun 19 10:08:31 +0000 2019, The audacity to even use this hashtag ! \,"Sugar Land, TX"
Wed Jun 19 10:08:31 +0000 2019,Ya sab\ que  Donald Trump buscar\ su reelecci\ ayer lo hizo formal para la campa\ 2020. Sigue denunciando l\ ,"Minnesota, USA"
Wed Jun 19 10:08:31 +0000 2019,"The Nile is a river in Egypt and I\ not sure if it\ flooded or not, but apparently I\ in denial over this weathe\ ","Akron, OH"
Wed Jun 19 10:08:30 +0000 2019,Incident on #123Bus from Palisade Avenue : Christ Hospital to Port Authority Bus Terminal ,"Jersey City, NJ"
Wed Jun 19 10:08:30 +0000 2019,Updated: Construction on #NY17 Both directions from Exit 130 - NY 208 to Exit 131 - NY 17; Thruway Connector; Ramp ,"Kiryas Joel, NY"
Wed Jun 19 10:08:29 +0000 2019,Goodness!!! ,"Georgia, USA"
Wed Jun 19 10:08:29 +0000 2019,Apartment Goin Be Ready In 4 Months \,"Washington, DC"
Wed Jun 19 10:08:28 +0000 2019, Amen \,"Fall River, MA"
Wed Jun 19 10:08:28 +0000 2019,  Clearly \,"Gainesville, FL"
Wed Jun 19 10:08:27 +0000 2019,Triggered...lol ,"Hartland, WI"
Wed Jun 19 10:08:27 +0000 2019,"  I will surely pray that God\'s will will fill her life and her famlies.""'","Clearwater, FL"
Wed Jun 19 10:08:26 +0000 2019,"I\ show my barber the video  \ (@ Sealey\'s Sanitary Barber Shop in Charlotte, NC) ","Charlotte, NC"
Wed Jun 19 10:08:26 +0000 2019," I call it a CRISIS at our borders!!'""","Irondequoit, NY"
Wed Jun 19 10:08:25 +0000 2019,"Idk why but I see Todrick, Hayley, and Steve Grand all opening for Taylor.'""","Oklahoma, USA"
Wed Jun 19 10:08:25 +0000 2019,"  Truth hurts'""","Maitland, FL"
Wed Jun 19 10:08:25 +0000 2019,"Today\'s the day!""'","Holyoke, MA"
Wed Jun 19 10:08:24 +0000 2019," #ResistPelosi'""","Mendon, NY"
Wed Jun 19 10:08:24 +0000 2019," I think she\ keep soaring.'""","California, USA"
Wed Jun 19 10:08:24 +0000 2019,Another birthday today! Happy sweet 16 to you  !!! Flyer turned side base turned main base! Thank y\ ,"Sound Beach, NY"
Wed Jun 19 10:08:24 +0000 2019," Add Logan Act.'""","Alabama, USA"
Wed Jun 19 10:08:22 +0000 2019," Hollywood\'s pushing of their agenda through their platforms, late nights constant political bashin\ ","Queens, NY"
Wed Jun 19 10:08:22 +0000 2019,"I\'m at Virginia\ House in Columbus, GA ","Columbus, GA"
Wed Jun 19 10:08:22 +0000 2019, back to back to back jacks! ,"Newark, OH"
Wed Jun 19 10:08:21 +0000 2019,"   Because tRump is a white supremacist'""","Missouri, USA"
Wed Jun 19 10:08:21 +0000 2019,"Gahanna: 6:02am: sunrise\\nsunset will be at 9:03pm'""","Gahanna, OH"
Wed Jun 19 10:08:21 +0000 2019," Are we great yet?'""","Barrow, AK"
Wed Jun 19 10:08:21 +0000 2019,"I want everything and I know ima get it'""","Washington, DC"
Wed Jun 19 10:08:20 +0000 2019,":('""","Corpus Christi, TX"
Wed Jun 19 10:08:20 +0000 2019," She is a clown'""","Georgia, USA"
Wed Jun 19 10:08:20 +0000 2019,Old but still useful to understand how teachers are using technology in the classroom - if your teachers are submit\ ,"Fishers, IN"
Wed Jun 19 10:08:19 +0000 2019,"We should all do more of this.  #WorldSaunteringDay #SaunteringDay #InternationalSaunteringDay'""","Carmel, IN"
Wed Jun 19 10:08:18 +0000 2019,   There are plenty of destinations on #RooseveltIsland to warrant steppi\ ,"Queens, NY"
Wed Jun 19 10:08:18 +0000 2019,"not getting the amount of attention i deserve rn???? shocked and truly disgusted'""","San Diego, CA"
Wed Jun 19 10:08:18 +0000 2019,I\ gotten so spoiled from going to sleep every weekend with Daniel by my side that it\ literally impossible to sleep now \,"Henderson, KY"
Wed Jun 19 10:08:18 +0000 2019,Truth via Brandon Weber ,"Tysons Corner, VA"
Wed Jun 19 10:08:17 +0000 2019,"  slayed my life #hersignaturemove'""","Wayne, NJ"
Wed Jun 19 10:08:17 +0000 2019,I put this together for you quickly  I think it sums up the entire blockchain and cryptocurrency discu\ ,"Atlanta, GA"
Wed Jun 19 10:08:17 +0000 2019,"Don jr. accuses Biden of groping. Laughable. MSNBC.'""","Philadelphia, PA"
Wed Jun 19 10:08:16 +0000 2019," Staying tuned for updates. Put your best people on this'""","Hilton Head Island, SC"
Wed Jun 19 10:08:16 +0000 2019," Lol. That\ good to hear.'""","San Antonio, TX"
Wed Jun 19 10:08:16 +0000 2019,"We know someone whose guaranteed to lead the start of every race. Meet our  Pace Truck Driver, Lyman\ ",Dixieland Speedway
Wed Jun 19 10:08:15 +0000 2019,can you hire me at Vogue?? #Vogue      ,"Los Angeles, CA"
Wed Jun 19 10:08:15 +0000 2019," No te preocupes Yulin, que no te van a dejar sola! (Sarcasmo)'""","New London, CT"
Wed Jun 19 10:08:15 +0000 2019," Well that\'s very sweet of you to say!""'","Middleport, NY"
Wed Jun 19 10:08:15 +0000 2019,"5am backwoods hit different'""","New Orleans, LA"
Wed Jun 19 10:08:14 +0000 2019,"Good morning Tweetie Pies Happy Wednesday!'""","Farmers Branch, TX"
Wed Jun 19 10:08:14 +0000 2019,Babylon Sisters (very high quality! ,"Chillicothe, IL"
Wed Jun 19 10:08:13 +0000 2019,El perreo es su profesi\,"Los Angeles, CA"
Wed Jun 19 10:08:13 +0000 2019,"  This is a place where this might not be so obvious to everyone.'""","Campbell, CA"
Wed Jun 19 10:08:13 +0000 2019, Thank you so much Alan!! \,"North Carolina, USA"
Wed Jun 19 10:08:12 +0000 2019, LMAO he says after not keeping like half of his promises \,"Cheney, WA"
Wed Jun 19 10:08:12 +0000 2019,"6:07 in the morning, I wake up and she\ really calling me out for this ","Kane, PA"
Wed Jun 19 10:08:12 +0000 2019, Minneapolis Star Tribune\\n\\n1980\\nMultiple\\n\\n1984\\nMondale\\n\\n1988\\nDukakis\\n\\n1992\\nClinton\\n\\n1996\\nClinton\\n\\n2\ ,"Southaven, MS"
Wed Jun 19 10:08:11 +0000 2019,"  Same here. I live in the country and takes e 40 min. 1 way to get to the city of Charlottesville.'""","Virginia, USA"
Wed Jun 19 10:08:11 +0000 2019," I fatti dimostrano che il City non ha liberato Guardiola'""","Boston, MA"
Wed Jun 19 10:08:11 +0000 2019,Clowns ... ,"Laurel, MD"
Wed Jun 19 10:08:10 +0000 2019,"U niggas thought ma shit was totaled \ yeaa ight'""","San Jose, CA"
Wed Jun 19 10:08:09 +0000 2019,Kiss \ my boyfriend Oscars!  #oscars  #movie #travel #kiss #newyorkcity\ #timesquere #manhattan\ ,"Rosedale, CA"
Wed Jun 19 10:08:08 +0000 2019,"  Thanks Mark!!!'""","Dove Valley, CO"
Wed Jun 19 10:08:08 +0000 2019,work in the a.m & here i am \,"Atwater, CA"
Wed Jun 19 10:08:08 +0000 2019,"Goood morning Faithful People,\ morning Dear Heavenly Father,\ You for waking me up!\ You for\ ","Katy, TX"
Wed Jun 19 10:08:08 +0000 2019,Buenos Dias! \ \\nBack from vacation... ready for the news... maybe not for these two. \ #TeamNoSleep\ ,"Orlando, FL"
Wed Jun 19 10:08:08 +0000 2019,  \,"Lafayette, IN"
Wed Jun 19 10:08:07 +0000 2019,My lawyer is black.\ ,"Houston, TX"
Wed Jun 19 10:08:07 +0000 2019,Measurement Times for everyone ending  #LBsSummer19 and everyone joining  #LBsBodiesToTheBay!! \\n\ June 27th 7\ ,"Toledo, OH"
Wed Jun 19 10:08:06 +0000 2019,"  Wow! That\ great!!!'""","Monroe, NY"
Wed Jun 19 10:08:06 +0000 2019,100% ,"Arlington, VA"
Wed Jun 19 10:08:06 +0000 2019," Though it\ the Cubs and I\ learned in 35 years with this team, nothing ever happens the way you think it will 95% of the time.'""","Chicago, IL"
Wed Jun 19 10:08:06 +0000 2019,never to early to listen to Contra\,"Chicago, IL"
Wed Jun 19 10:08:05 +0000 2019," Swiftie here!!'""","Mississippi, USA"
Wed Jun 19 10:08:05 +0000 2019,IBGs important for several reasons but one I hadnt thought of is a potential role in reducing total Army size. \\n\ ,"Washington, DC"
Wed Jun 19 10:08:04 +0000 2019,"brent faiyaz always gets me feELIN SUM TYPA WAYYY'""","Las Vegas, NV"
Wed Jun 19 10:08:04 +0000 2019,"The grass may seem greener on the other side, and we often find ourselves drawn to and blinded by a light is shiny\ ","Wisconsin, USA"
Wed Jun 19 10:08:04 +0000 2019,Question de sanctions ? Un \ en France ne risque pas grand chose de m\ Aux USA on ne rigole pas avec la d\ ,"Queens, NY"
Wed Jun 19 10:08:04 +0000 2019,Memphis dudes are a whole different breed of \ Boy\ \,"Memphis, TN"
Wed Jun 19 10:08:03 +0000 2019,Sister: Why did dad get so fat?\\nMe: Don\ say that \ Say what??\\nMe: Dad\\n\\n\,"Fresno, CA"
Wed Jun 19 10:08:03 +0000 2019,"I\'m at Pennsylvania Liquor Control Board in Philadelphia, PA ","Philadelphia, PA"
Wed Jun 19 10:08:02 +0000 2019,Love  :) Thanks Joel!! ,"Dove Valley, CO"
Wed Jun 19 10:08:00 +0000 2019,"I wanna be up ... I want my business jumping I need all my equipment new whip new shhhhpot'""","Washington, DC"
Wed Jun 19 10:07:59 +0000 2019,Clock in at 6 and I only had 30 minutes of rest \,"Texas, USA"
Wed Jun 19 10:07:59 +0000 2019,"I wanna sleep for like 5000000 hours straight'""","Bronx, NY"
Wed Jun 19 10:07:59 +0000 2019,"  South Dakota is beautiful. Just not in Highmore. Lol.'""","South Dakota, USA"
Wed Jun 19 10:07:59 +0000 2019,      There are no air-breathing\ ,"Minneapolis, MN"
Wed Jun 19 10:07:58 +0000 2019,"Good talk'""","Napa, CA"
Wed Jun 19 10:07:58 +0000 2019,Swiftie here!! ,"Mississippi, USA"
Wed Jun 19 10:07:57 +0000 2019,"If Terry Ashford could influence the world \ with his part of journalism, I implore the world to take immediate act\ ","Washington, DC"
Wed Jun 19 10:07:57 +0000 2019,"We at work doing nothing , I could have still been in bed with my nigga \","New Orleans, LA"
Wed Jun 19 10:07:56 +0000 2019,People often ask me \ do you get up at 0430 to coach/train?\ So I often respond with one of mr favorite quotes f\ ,"McKinney, TX"
Wed Jun 19 10:07:56 +0000 2019,Did y\ know I could Sing in Spanish? Tu S\ Tu\ ,"West Hollywood, CA"
Wed Jun 19 10:07:55 +0000 2019, She says thank you \,"Orlando, FL"
Wed Jun 19 10:07:54 +0000 2019,"Nothing but respect for MY (sometimes) quarterback, dudes an animal ","Ewing, NJ"
Wed Jun 19 10:07:54 +0000 2019, In democracies change is slow and frustrating. Elon Musk had the right idea. Make people want to get\ ,"Cleveland Heights, OH"
Wed Jun 19 10:07:53 +0000 2019," Get them out of our country Now. America First,  get out.'""","Alabama, USA"
Wed Jun 19 10:07:53 +0000 2019," it was great to see you on the bump last night,  even though it was against the Buccos...#allthebest from East #Tennessee'""","Maryville, TN"
Wed Jun 19 10:07:53 +0000 2019,"Excellent piece in The Atlantic. \\n take: There\'s nothing stopping Amazon from raising worker\'s salaries.""'","Riverview, FL"
Wed Jun 19 10:07:52 +0000 2019,"I\'m at LSG SkyChefs in Philadelphia, PA ","Philadelphia, PA"
Wed Jun 19 10:07:51 +0000 2019,This man sleeping so peaceful i just wanna slap tf outta him \,"Melbourne, FL"
Wed Jun 19 10:07:51 +0000 2019,This is exactly the response you expect from a white supremacist dictator. ,"Manhattan, NY"
Wed Jun 19 10:07:51 +0000 2019,These boys drive me wild but I love them more than life itself man \,"Lancaster, CA"
Wed Jun 19 10:07:51 +0000 2019,"  \ yea minor do not run from the police'""","Morrisville, PA"
Wed Jun 19 10:07:50 +0000 2019,I don\ recommend anybody ever riding on ,"Miami, FL"
Wed Jun 19 10:07:49 +0000 2019,"Happy National Martini Day \ \ have all sorts of barware for you to shake things up!Shakers, muddlers & j\ ","Providence, RI"
Wed Jun 19 10:07:49 +0000 2019,If you\ in the St. Louis area tune into  this morning to see me between 9-10am!!! \ #Fox2Now #Fox2Morning\ ,"St Louis, MO"
Wed Jun 19 10:07:47 +0000 2019," The beach yes is my favorite place looks so relaxing'""","Georgia, USA"
Wed Jun 19 10:07:47 +0000 2019,"   U sure? I do this on my bike on the reg... might die soon idk lol'""","Charlotte, NC"
Wed Jun 19 10:07:47 +0000 2019,"#ChildsPlayMovie'""","Boulder, CO"
Wed Jun 19 10:07:46 +0000 2019,"   I did too.'""","Florida, USA"
Wed Jun 19 10:07:45 +0000 2019,I went to sleep last night after Mookie\'s homerun. I woke up this morning and saw we lost by 1. Do I just have to s\ ,"Beaumont, TX"
Wed Jun 19 10:07:45 +0000 2019,Yes! \ ,"New York, USA"
Wed Jun 19 10:07:44 +0000 2019," Gross'""","Sugar Land, TX"
Wed Jun 19 10:07:44 +0000 2019," Eeek..'""","Olney, MD"
Wed Jun 19 10:07:44 +0000 2019,"I\'m at Southwest Water Polution Control in Philadelphia, PA ","Philadelphia, PA"
Wed Jun 19 10:07:43 +0000 2019,"I\'m in a really good place right now, I love the people I have surrounded myself with. Thank you all, for everything""'","Riverbank, CA"
Wed Jun 19 10:07:43 +0000 2019,Ella no era as\ no era as\ se quien la da\,"Los Angeles, CA"
Wed Jun 19 10:07:41 +0000 2019,"Uh... Wow. I think I see why this is so cheap, even by Houston standards. ","Rhode Island, USA"
Wed Jun 19 10:07:41 +0000 2019,"   Great reference!  Important read in this era of white nationalism, hate and\ ","Frisco, TX"
Wed Jun 19 10:07:41 +0000 2019," #ResistAcosta'""","Mendon, NY"
Wed Jun 19 10:07:40 +0000 2019," Same with berries!'""","Fanwood, NJ"
Wed Jun 19 10:07:39 +0000 2019,Eli Manning\ feelings > winning  ,"Mystic Island, NJ"
Wed Jun 19 10:07:39 +0000 2019,"The Twins are still the only team to not lose 3 in a row. Go Twins!'""","Minnesota, USA"
Wed Jun 19 10:07:38 +0000 2019,"Hotel rooms and rental cars were my life for years...'""","Kansas City, MO"
Wed Jun 19 10:07:38 +0000 2019,"       beat me to my excuse. #TheStruggleIsReal'""","Crystal Beach, NY"
Wed Jun 19 10:07:38 +0000 2019," It\ the ok sign, it\ never been  a white powered sign.  I\ sorry people you don\ like are using it,\ ","Mississippi, USA"
Wed Jun 19 10:07:37 +0000 2019,#Godswork #trust #truth @ OMA Wellness ,"Clinton, MD"
Wed Jun 19 10:07:36 +0000 2019," There are a a lot'""","Manhattan, KS"
Wed Jun 19 10:07:36 +0000 2019, Congrats/good luck to all the  alumni! #WeStandTogether #PurpleGold #Adanac #GrowTheGame ,"Bellevue, WA"
Wed Jun 19 10:07:36 +0000 2019,   So I woke up and channel 10 news was on...I literally fumbled while trying to\ ,"Philadelphia, PA"
Wed Jun 19 10:07:36 +0000 2019," Lmao very contradicting tweet for a liberal woman\ right activist'""","Boston, MA"
Wed Jun 19 10:07:36 +0000 2019,My Phone Be So Dry Smh Ion Even Know Why I Pay The Bill\,"Washington, DC"
Wed Jun 19 10:07:34 +0000 2019, \ ,"Austin, TX"
Wed Jun 19 10:07:33 +0000 2019,"   Wow'""","Tennessee, USA"
Wed Jun 19 10:07:32 +0000 2019," what if Zion decides to play overseas?'""","Piscataway, NJ"
Wed Jun 19 10:07:31 +0000 2019,He said \ keeping my pussy hostage\ and I immediately came\,"Norfolk, VA"
Wed Jun 19 10:07:31 +0000 2019,"Interested in a job in #SanJose, CA? This could be a great fit:  #Pharmacist'""","San Jose, CA"
Wed Jun 19 10:07:30 +0000 2019,"I\'m at Parkview At Collingswood B Building in Collingswood, NJ  ","Collingswood, NJ"
Wed Jun 19 10:07:30 +0000 2019,I was curious to see if there were any correlations with your social media handle and your real name! \,"Callaway, FL"
Wed Jun 19 10:07:29 +0000 2019, She says thank you Noona Grace\,"Orlando, FL"
Wed Jun 19 10:07:29 +0000 2019,"I\'m at Security Gate 8 in Philadelphia, PA ","Philadelphia, PA"
Wed Jun 19 10:07:29 +0000 2019,"#petty #vegans @ Atlanta, Georgia ","Atlanta, GA"
Wed Jun 19 10:07:29 +0000 2019,  Thanks for the inspiration! So much fun to draw. Couldn\'t imagine doing all these fiddly bits\ ,"Frederick, MD"
Wed Jun 19 10:07:28 +0000 2019,yaaa man \,"Houston, TX"
Wed Jun 19 10:07:28 +0000 2019,Updated: Construction on #BayonneBridge Both directions from New Jersey Side to New York Side ,"Bayonne, NJ"
Wed Jun 19 10:07:27 +0000 2019,Incident on #65Bus at Newark Penn Station ,"Newark, NJ"
Wed Jun 19 10:07:27 +0000 2019,"Greensboro: 6:02am: sunrise\\nsunset will be at 8:38pm'""","Greensboro, NC"
Wed Jun 19 10:07:27 +0000 2019, That would awesome!! We\ too!!! ,"Mississippi, USA"
Wed Jun 19 10:07:26 +0000 2019,Mixtap cover of the decade ,"Harrison, MI"
Wed Jun 19 10:07:26 +0000 2019, Belki f\ meydan okumad\ \,"Portland, OR"
Wed Jun 19 10:07:26 +0000 2019,"  Tell them to go fu#k themselves! Lol'""","Plattsburgh, NY"
Wed Jun 19 10:07:26 +0000 2019,I found my biological brother that I searched for my whole life.  Departed by foster care & there he is! \ ,"San Jose, CA"
Wed Jun 19 10:07:26 +0000 2019,"Last lap, last place, fuck it ","Scaggsville, MD"
Wed Jun 19 10:07:26 +0000 2019,Congratulations \ \ ,"West Reading, PA"
Wed Jun 19 10:07:25 +0000 2019,"All those names mentioned are fucking crooks !'""","Fort Hood, TX"
Wed Jun 19 10:07:25 +0000 2019," Is that the same Rubio who constantly quotes the Bible in these pages? He\ more dangerous and deranged than Trump!'""","California, USA"
Wed Jun 19 10:07:25 +0000 2019,"  WE HAD A CONVERSATION ABOUT THIS'""","Citrus Ridge, FL"
Wed Jun 19 10:07:25 +0000 2019,"Woke up at 6 a.m. thinking I need less stress and more inspiration.'""","Pittsburgh, PA"
Wed Jun 19 10:07:24 +0000 2019,"bitch I love my skin!!!! I\ so proud of her and it\ all thanks to ole henricksen face products'""","San Antonio, TX"
Wed Jun 19 10:07:24 +0000 2019,I\ still up tired like a mf\,"White Center, WA"
Wed Jun 19 10:07:23 +0000 2019," AND WE have nausea watching you EVERY TIME you spew your socialism bull!!'""","Mendon, NY"
Wed Jun 19 10:07:23 +0000 2019," Watch for puddles short man. Get wet or drown . Go back to Dayton'""","New Albany, IN"
Wed Jun 19 10:07:23 +0000 2019,"It looks like people really missed the Castlevania videos. Loving the reception so far, you guys are awesome and I\ ","Phoenix, AZ"
Wed Jun 19 10:07:23 +0000 2019," In the words of the real Korey Wise talking in an interview on 125th Street, he said The Devil doesn\'t like lo\ ","New York, NY"
Wed Jun 19 10:07:22 +0000 2019," The man who vandalized the star with a pickaxe bailed out by a guy who vandalized the star years ago. Speaks volumes'""","Virginia, USA"
Wed Jun 19 10:07:22 +0000 2019," I agree'""","Maine, USA"
Wed Jun 19 10:07:22 +0000 2019,I\ really stuck between what I should do when I get out. Stay in Seattle or go back to Florida \,"Ault Field, WA"
Wed Jun 19 10:07:22 +0000 2019,"I\ feeling away, nothing is the same \","Washington, DC"
Wed Jun 19 10:07:22 +0000 2019,"Rs bro I can\ even sleep because these dumb ass braces'""","Columbus, OH"
Wed Jun 19 10:07:21 +0000 2019," Yay Joy'""","Philadelphia, PA"
Wed Jun 19 10:07:20 +0000 2019,"  No'""","Wichita Falls, TX"
Wed Jun 19 10:07:20 +0000 2019,"Want to work in #KingsMountain, NC? View our latest opening:  #Nursing'""","Kings Mountain, NC"
Wed Jun 19 10:07:18 +0000 2019,"I\'m at Eastwick in Philadelphia, PA ","Philadelphia, PA"
Wed Jun 19 10:07:16 +0000 2019," This is unbelievable, get your act together so we can get to work on time. Horrible service as usual.   But y\ ","Boston, MA"
Wed Jun 19 10:07:16 +0000 2019,"I have social anxiety because I\ almost died multiple times while being social.'""","Boston, MA"
Wed Jun 19 10:07:16 +0000 2019,   Since you aren\ God and it isn\ your life or moral struggle get out of ot\ ,"Lake Charles, LA"
Wed Jun 19 10:07:13 +0000 2019,"  Realizing what heaven is and what it is not'""","Georgia, USA"
Wed Jun 19 10:07:13 +0000 2019,I thought we already knew that ,"Orlando, FL"
Wed Jun 19 10:07:13 +0000 2019,Nooo meg isn\ coming to indy \,"Columbus, IN"
Wed Jun 19 10:07:12 +0000 2019,Today is such a bitter sweet day. My last baby doctor apt ever \,"West Virginia, USA"
Wed Jun 19 10:07:12 +0000 2019," So very beautiful'""","Tennessee, USA"
Wed Jun 19 10:07:12 +0000 2019,So me ,"Virginia Beach, VA"
Wed Jun 19 10:07:12 +0000 2019," Lost'""","Kentucky, USA"
Wed Jun 19 10:07:12 +0000 2019," I don\ trust anyone else to get it right, but that may say more about me than anything...'""","Tampa, FL"
Wed Jun 19 10:07:12 +0000 2019,"'   He completely f""ed up  explaining whst he was meaning but doesnt make it tr\ ","Burlington, MA"
Wed Jun 19 10:07:11 +0000 2019,"current weather in Mansfield: mist, 62\ humidity, wind 3mph, pressure 1011mb'""","Mansfield, OH"
Wed Jun 19 10:07:11 +0000 2019," The #Cubs and #WrigleyField'""","Florida, USA"
Wed Jun 19 10:07:11 +0000 2019,"I\'m at American Airlines Catering Facility in Philadelphia, PA ","Philadelphia, PA"
Wed Jun 19 10:07:11 +0000 2019,He can thank me for getn him out.\ @ I75 Atlanta Ga. ,"Georgia, USA"
Wed Jun 19 10:07:10 +0000 2019,"david is so pure'""","Los Angeles, CA"
Wed Jun 19 10:07:09 +0000 2019,"I keep forgetting Namgi is gonna drop anyday at anytime MY HEART IS QUAKING TODAY MAN #RMxSUGA'""","Whittier, CA"
Wed Jun 19 10:07:09 +0000 2019,So i went into a candy shop for my birthday but I didn\ expect this...... ,Omaha Fairmont Antique and Mercantile
Wed Jun 19 10:07:08 +0000 2019,M\ efectos negativos en la siguiente nota:\\n\\n,"Bronx, NY"
Wed Jun 19 10:07:08 +0000 2019," You\'re a liar. That narrative is not believed and why it\'s no longer effective. However, the Democra\ ","Texas, USA"
Wed Jun 19 10:07:08 +0000 2019, I wish \,"Mountain House, CA"
Wed Jun 19 10:07:08 +0000 2019,And is already more of a man than you\ ever be. ,"Orlando, FL"
Wed Jun 19 10:07:08 +0000 2019,Closed due to flooding in #Barberton on Barber Rd Both NB/SB between Norton Ave and I-76 #traffic ,"Barberton, OH"
Wed Jun 19 10:07:08 +0000 2019," Please get that Man on the Show.'""","Green Oak, MI"
Wed Jun 19 10:07:07 +0000 2019,I got an email from President Trump asking for a donation to his presidential campaign \,"Hoopeston, IL"
Wed Jun 19 10:07:06 +0000 2019,Two players who have gotten in altercations with fans #cf97 ,"Chicago, IL"
Wed Jun 19 10:07:05 +0000 2019, #Sexywerewitch ,"Philadelphia, PA"
Wed Jun 19 10:07:05 +0000 2019, I LOVE YOU\,"Johnson City, NY"
Wed Jun 19 10:07:04 +0000 2019,Blessed to see another day! \,"Buechel, KY"
Wed Jun 19 10:07:04 +0000 2019,"#AStarForCarrie'""","Bradenton, FL"
Wed Jun 19 10:07:03 +0000 2019,"I honestly think bein\' a #SideNigga is better than a relationship if you\'re numb hearted..""'","Monroe, LA"
Wed Jun 19 10:07:03 +0000 2019,#WBW: Ten years ago today - Better Talk Now at home at  6/19/09. One of my favorite photos of him.\ ,"Elkton, MD"
Wed Jun 19 10:07:02 +0000 2019," taehyung is my day haha- uhm?'""","North Carolina, USA"
Wed Jun 19 10:07:02 +0000 2019,"UNWANTED PERSON at 13200 BLOCK OF SE DIVISION ST, PORTLAND, OR [Portland Police #PP19000203831] 02:44 #pdx911'""","Portland, OR"
Wed Jun 19 10:07:01 +0000 2019," You re the laughing stock of the Democratic Party. Keep talking.'""","Skidaway Island, GA"
Wed Jun 19 10:07:01 +0000 2019,Show the crazy ranting gun carrying psycho and not the cute little boy when you tell the story of the latest lone s\ ,"Dallas, TX"
Wed Jun 19 10:07:01 +0000 2019,Ii love this boy lik shittt\,"Washington, DC"
Wed Jun 19 10:07:01 +0000 2019," I agree with you there.'""","Chicago, IL"
Wed Jun 19 10:07:01 +0000 2019,Nothing better than a dogs love. Give her big hugs! ,"Broadlands, VA"
Wed Jun 19 10:07:00 +0000 2019,"Still up surfing'""","San Bernardino, CA"
Wed Jun 19 10:07:00 +0000 2019,"Gauge how much someone cares about you by how much they try to feed you.'""","Philadelphia, PA"
Wed Jun 19 10:06:59 +0000 2019,#gm Almost that time will be available #everywhere #jazzytazz #TIMEISMONEYTIM2  dropping soon #new #mixtape\ ,"Baltimore, MD"
Wed Jun 19 10:06:59 +0000 2019,I can\ believe I\ barely waking up from my \ hr nap\ \,"Oxnard, CA"
Wed Jun 19 10:06:59 +0000 2019,Who up \,"Memphis, TN"
Wed Jun 19 10:06:58 +0000 2019,Oh no...\ ,"Oakland, CA"
Wed Jun 19 10:06:58 +0000 2019,"   Why is your Jewish heritage relevant here? You know, even some Germany citizens and mili\ ","Salem, MA"
Wed Jun 19 10:06:57 +0000 2019,Good effing bye \  ,"St Louis, MO"
Wed Jun 19 10:06:57 +0000 2019,"Thought I was fucked up with no shoes til I met me a brother with no feet'""","Boston, MA"
Wed Jun 19 10:06:57 +0000 2019,"She spoke just fine, people always have some sort of critique lol. Whatever makes you feel better about yourself. ","Tempe, AZ"
Wed Jun 19 10:06:57 +0000 2019,Onion rings ,"Philadelphia, PA"
Wed Jun 19 10:06:56 +0000 2019,Rob Thomas - One Less Day (Dying Young) [Official Music Video]  via ,"Slatington, PA"
Wed Jun 19 10:06:55 +0000 2019,"  They\ still there but as store fronts. The Fat Darryl was my jam.'""","Edison, NJ"
Wed Jun 19 10:06:55 +0000 2019,I like to use speech to have my picture book WIP read back to me. There\ many Filipino words in it so I spent near\ ,"Honolulu, HI"
Wed Jun 19 10:06:55 +0000 2019,10/10 thread ,"Los Angeles, CA"
Wed Jun 19 10:06:53 +0000 2019," \ what was the reason.. Mrazek sounded like he wanted to stay..'""","Cary, NC"
Wed Jun 19 10:06:53 +0000 2019," my dude'""","Washington, USA"
Wed Jun 19 10:06:53 +0000 2019,For MD ,"Paradise, NV"
Wed Jun 19 10:06:53 +0000 2019, Yes \,"Mountain House, CA"
Wed Jun 19 10:06:52 +0000 2019,Happy Birthday ya dig and da king tambi\ \ are 22 years young\ ,"South San Jose Hills, CA"
Wed Jun 19 10:06:51 +0000 2019,Ten years on Twitter. A direct descent into hell. #MyTwitterAnniversary ,"Cold Spring, NY"
Wed Jun 19 10:06:51 +0000 2019,"  Same'""","Everett, MA"
Wed Jun 19 10:06:50 +0000 2019," My favorite part is how behind in the polls you are.'""","Cheney, WA"
Wed Jun 19 10:06:49 +0000 2019,Every time I think the hard part is over the next step is like HA bitch you fucking thought. This whole piece requires so much detail \,"Los Angeles, CA"
Wed Jun 19 10:06:49 +0000 2019," YUP'""","Addison, IL"
Wed Jun 19 10:06:49 +0000 2019,"Going Vegan'""","Queens, NY"
Wed Jun 19 10:06:48 +0000 2019,My background is in psychology and law. ,"Houston, TX"
Wed Jun 19 10:06:47 +0000 2019,Up before Tink \,"Columbus, OH"
Wed Jun 19 10:06:47 +0000 2019, Good morning Suzanne! Happy Wednesday my beautiful friend. \ ,"Fuquay-Varina, NC"
Wed Jun 19 10:06:46 +0000 2019," - check this out. (The one guy is my teacher in my sketch class.)'""","Greenwood Village, CO"
Wed Jun 19 10:06:46 +0000 2019,"Could have been better lol'""","Lake Charles, LA"
Wed Jun 19 10:06:46 +0000 2019,"#petty @ Atlanta, Georgia ","Atlanta, GA"
Wed Jun 19 10:06:46 +0000 2019,     everyone else is not us since we are the Culture... Official  p\ ,"Lubbock, TX"
Wed Jun 19 10:06:46 +0000 2019,Let us help you relax and recharge \ #travel #travelagent #travelagentsrock #cruises #adventure #getaway #explore\ ,"Florida, USA"
Wed Jun 19 10:06:46 +0000 2019,Richland County has a #pennyproblem with the penny tax program. $140M disparity. Project estimates from 2012-2014 a\ ,"South Carolina, USA"
Wed Jun 19 10:06:45 +0000 2019,  This is  I believe anyone can use it an import data (not 100% sure) but I ca\ ,"South Carolina, USA"
Wed Jun 19 10:06:44 +0000 2019," Yes'""","Virginia Beach, VA"
Wed Jun 19 10:06:44 +0000 2019,Is Chris Wray at  sitting on documents that reveal actions in 2008 to foment fast and furious scandal? ,"Georgia, USA"
Wed Jun 19 10:06:42 +0000 2019," The Texas/Mexican-isms were totally real. I\ Mexican, grew up in Rio Grande Valley, lived in San\ ","Indiana, USA"
Wed Jun 19 10:06:41 +0000 2019,"  Yeah'""","North Kansas City, MO"
Wed Jun 19 10:06:41 +0000 2019,HAPPY BIRTHDAY!!! \ ,"Florida, USA"
Wed Jun 19 10:06:40 +0000 2019,Meatballs ,"Philadelphia, PA"
Wed Jun 19 10:06:40 +0000 2019,"  So I can\  say what I think'""","Gladstone, MO"
Wed Jun 19 10:06:40 +0000 2019,Listen to the most recent episode of of \ Principal Liner Notes Podcast\ entitled \ the Crossroads.\ ,"Clemmons, NC"
Wed Jun 19 10:06:40 +0000 2019,Greetings\ ,"Los Angeles, CA"
Wed Jun 19 10:06:40 +0000 2019," Could a Would a Shouldna broke my countries laws. Like all the same you prosecuted'""","Austin, TX"
Wed Jun 19 10:06:39 +0000 2019,Dear  please support amendments to H.R. 2740 to defund the trans ban by  and to stop Trum\ ,Interstate 80 & Greenback Lane / Elkhorn Boulevard
Wed Jun 19 10:06:39 +0000 2019,   #KamalaHarris2020 #yeswekam #KHive ,"Enfield, CT"
Wed Jun 19 10:06:39 +0000 2019," does he know what a lobbyist is?'""","Alabama, USA"
Wed Jun 19 10:06:39 +0000 2019,971304\ wrong with you?\ Reza Aslan kicks off coverage of Trump rally on the lowest note possible ,"Maryland, USA"
Wed Jun 19 10:06:39 +0000 2019,#FBI ,"Anaheim, CA"
Wed Jun 19 10:06:38 +0000 2019,"Go! Be! Great!!'""","Englewood, OH"
Wed Jun 19 10:06:37 +0000 2019," It was the most awkward meet up ever and I wanted to cry/laugh. Hahahahaah'""","Hawaii, USA"
Wed Jun 19 10:06:37 +0000 2019,#goodmorning #family and #friends - today we walk to work strolling through #nyc. Vamos #colombia !  Hoy ganamos y\ ,"Manhattan, NY"
Wed Jun 19 10:06:36 +0000 2019," How do you do this?'""","Mount Pocono, PA"
Wed Jun 19 10:06:35 +0000 2019,  They\'ll never be Kennedys. Both JFK and RFK buckled down and learned what it was like for t\ ,"Dallas, TX"
Wed Jun 19 10:06:34 +0000 2019,"The main principles of Islam which if you do it you will be Muslim. \\nIt is your decision, nothing in Islam by force\ ",United States
Wed Jun 19 10:06:34 +0000 2019,"   Space Needle, Seattle, WA ",Space Needle
Wed Jun 19 10:06:34 +0000 2019,#SOS_EDU\\n\\n \\n       ,"Baltimore, MD"
Wed Jun 19 10:06:34 +0000 2019,Oh can\ forget my eyebrows & hair \,"Arkansas, USA"
Wed Jun 19 10:06:33 +0000 2019," You\ welcome!'""","Callaway, FL"
Wed Jun 19 10:06:33 +0000 2019,"  Thank you. I\'ll be at the Highland Inn Thursday!""'","Georgia, USA"
Wed Jun 19 10:06:33 +0000 2019,Just blessed to see another 24\,"Milwaukee, WI"
Wed Jun 19 10:06:32 +0000 2019,On my 2nd cup of \ finally breathing thru my \,"Pittsburgh, PA"
Wed Jun 19 10:06:32 +0000 2019," MAGA. Make Alexandria Go Away.'""","Wisconsin, USA"
Wed Jun 19 10:06:32 +0000 2019, I love it!  My peeps! \,"Fridley, MN"
Wed Jun 19 10:06:32 +0000 2019,"Like, it\ dope being asked vs doing the asking but, so far it sucks doing shit for other people and not myself... \","Chicago, IL"
Wed Jun 19 10:06:32 +0000 2019,Them feet ,"Philadelphia, PA"
Wed Jun 19 10:06:32 +0000 2019,"Joey Franco was a kid who went to our school....but I digress. I want my Green Day hat replaced, Crystal.'""","San Diego, CA"
Wed Jun 19 10:06:31 +0000 2019,"Loving God, thank you that in your sight we are all special. Watch over us and bless us. Help us to share our gifts\ ","Florida, USA"
Wed Jun 19 10:06:31 +0000 2019,"So true!  I always say \ you don\ get push back, you are not doing it right\ #Equity lives in the how and the ho\ ","Tampa, FL"
Wed Jun 19 10:06:30 +0000 2019, Women don\ defend women who insult their intelligence by routinely lying to them even when there is videot\ ,"North Amityville, NY"
Wed Jun 19 10:06:30 +0000 2019,New episode recording with our long-term guest Julia Jiang introducing six new developments in Manhattan. @ New Yor\ ,"Manhattan, NY"
Wed Jun 19 10:06:29 +0000 2019, duuuhhh \,"Monmouth, OR"
Wed Jun 19 10:06:29 +0000 2019,"  I just finished writing/ bed time'""","Minneapolis, MN"
Wed Jun 19 10:06:29 +0000 2019,"  Amen'""","North Kansas City, MO"
Wed Jun 19 10:06:29 +0000 2019," You better think !'""","Portland, OR"
Wed Jun 19 10:06:29 +0000 2019,"'""Gonna change your nickname to Chernobyl because you\\\'re unpredictable, volatile, and an over-reactor.""\''","Sudley, VA"
Wed Jun 19 10:06:28 +0000 2019,"  Brothers to the end.'""","Rogers, AR"
Wed Jun 19 10:06:26 +0000 2019,"No one text me this weekend I\ be watching evangelion front to back for 72 hours thank you for understanding'""","Scottsdale, AZ"
Wed Jun 19 10:06:26 +0000 2019,Get to that bag today \,"Cleves, OH"
Wed Jun 19 10:06:26 +0000 2019,"If you wanna get to the top, extra work is REQUIRED.'""","Delaware, USA"
Wed Jun 19 10:06:25 +0000 2019," Bill and Ted\ Excellent Adventure.'""","Jenison, MI"
Wed Jun 19 10:06:25 +0000 2019,"I\ drained'""","Wallingford, CT"
Wed Jun 19 10:06:24 +0000 2019, may have seen a throw like this a time or 2! ,"Newark, OH"
Wed Jun 19 10:06:24 +0000 2019,Eggs can get left at school on field trip day ,"Philadelphia, PA"
Wed Jun 19 10:06:24 +0000 2019,You know that dick is good when he just left i pull out my vibrator wanting more \,"Norfolk, VA"
Wed Jun 19 10:06:24 +0000 2019," Started off doing knee push ups, bench pressing with low weights, and planking for a minute every\ ","Phoenix, AZ"
Wed Jun 19 10:06:24 +0000 2019, 1999.  2019.  #20YearsAndNow ,"Indianapolis, IN"
Wed Jun 19 10:06:24 +0000 2019,Father Daughter tandem Wavestorming....\ #goprokids gopro  #fatherdaughterteam\ ,"Kaanapali, HI"
Wed Jun 19 10:06:24 +0000 2019,You couldn\'t pay me enough to f**k that man. \ ,"Manhattan, NY"
Wed Jun 19 10:06:23 +0000 2019, The garden boots were a big save today!! ,"Montpelier, VT"
Wed Jun 19 10:06:22 +0000 2019,Incident on #I684 NB at Exit 8 - Hardscrabble Road - CR 138 - Croton Falls ,"Croton Falls, NY"
Wed Jun 19 10:06:22 +0000 2019,Incident on #NJ3 EB from Park Ave to Ridge Rd ,"Rutherford, NJ"
Wed Jun 19 10:06:22 +0000 2019,Construction on #US4 Both directions from NY 146 to South street ,"Mechanicville, NY"
Wed Jun 19 10:06:21 +0000 2019,"Cleared: Incident on #NewJerseyTurnpike NB at Interchange 13 - I-278/Goethals Bridge'""","Linden, NJ"
Wed Jun 19 10:06:21 +0000 2019," I\ still not a believer in Yankees jumping in on Bum \ just doesn\ feel very Cashman. But maybe?'""","Washington, DC"
Wed Jun 19 10:06:21 +0000 2019,"What do you prefer?'""","Wilson, NC"
Wed Jun 19 10:06:21 +0000 2019,"#Toronto, the North\'s #Philadelphia fans? Haha.  ","Newark, NJ"
Wed Jun 19 10:06:20 +0000 2019,Why am I feeling so \,"Stockton, CA"
Wed Jun 19 10:06:20 +0000 2019," When did you have a mans , you was just in my dms ? Baanging my line \","North Dakota, USA"
Wed Jun 19 10:06:20 +0000 2019," Everyday'""","Virginia Beach, VA"
Wed Jun 19 10:06:20 +0000 2019," All 4 got banned lol'""","Georgia, USA"
Wed Jun 19 10:06:20 +0000 2019,psychic manipulation  ,"Santa Rosa, CA"
Wed Jun 19 10:06:20 +0000 2019, Stevie Wonder\\nSerena Williams\\nLamarr Woodley\\nTheodore Roethke\\nS. Epatha Merkerson\\nAnd of course .....\\nEdwar\ ,"Michigan, USA"
Wed Jun 19 10:06:19 +0000 2019," If you lose yourself then you were working too hard to keep something that was never your\'s to begin with""'","Mount Carmel, TN"
Wed Jun 19 10:06:19 +0000 2019,"So, in essence the #GoJetsGo gave up Lemieux, Trouba, swapped their own 1st round pick and let Hayes walk for Pionk\ ","Queens, NY"
Wed Jun 19 10:06:18 +0000 2019," No one lol. Unreleased breaveaux'""","Florida, USA"
Wed Jun 19 10:06:17 +0000 2019," i love you baby g'""","Forney, TX"
Wed Jun 19 10:06:16 +0000 2019,#News on this problem keeps coming.  reports  about yet another #recall of #ProcessedFood co\ ,"Pennsylvania, USA"
Wed Jun 19 10:23:01 +0000 2019,"Like if you\ up'""","Deerfield Beach, FL"
Wed Jun 19 10:23:01 +0000 2019,Those who pretend to forget that Barack Obama also had camps are doomed to look like partisan hacks. - Martin Nimol\ ,"Florida, USA"
Wed Jun 19 10:23:00 +0000 2019,"   I used to have one just like this one except it was all blue. True story'""","Sunbury, PA"
Wed Jun 19 10:23:00 +0000 2019," Greta,  MSNBC and CNN are the DNC.  How else are they making money since their viewership is Neal?'""","Countryside, VA"
Wed Jun 19 10:22:59 +0000 2019,"I\'m at  Co. in Montclair, NJ ","Montclair, NJ"
Wed Jun 19 10:22:59 +0000 2019,"Finding peace in the fact that unc back with his party crew. All my family man. Each one has been so sudden.'""","Florida, USA"
Wed Jun 19 10:22:59 +0000 2019, This is the unfortunate part of an open world RP the good side is it opens the door to meet new people an\ ,"San Antonio, TX"
Wed Jun 19 10:22:58 +0000 2019,Bitcoin is an energy hog. Where is all that electricity coming from? ,"Asheville, NC"
Wed Jun 19 10:22:58 +0000 2019,lol #hilarity #giggle #smile #amusing ,"Cheyenne, WY"
Wed Jun 19 10:22:58 +0000 2019,"Al Horford to Lakers ? Depends on the money I for sure want Pat Bev'""","East Point, GA"
Wed Jun 19 10:22:57 +0000 2019,"A lot of people aren\ ready for you yet and that\ ok.'""","Rockville, MD"
Wed Jun 19 10:22:57 +0000 2019," The Congressional health insurance plan goes globA-L\\nOf course premiums and copays are only free for Congress members...'""","Manhattan, NY"
Wed Jun 19 10:22:57 +0000 2019," So if the tariffs are not bad enough, does he want to deflate our currency also? Why not make it even mor\ ","Nashua, NH"
Wed Jun 19 10:22:57 +0000 2019,I don\'t get it.. 5 steps foward with a 1st year coach..HUGE growth in season ticket base and now the management is\ ,"Cary, NC"
Wed Jun 19 10:22:57 +0000 2019, my sisssster\,"Houston, TX"
Wed Jun 19 10:22:56 +0000 2019,So happy to hear this. Milwaukee Record is a goddamn treasure. ,"Glendale, WI"
Wed Jun 19 10:22:56 +0000 2019," fucc who produced this'""","San Francisco, CA"
Wed Jun 19 10:22:56 +0000 2019,"Construction work in #Manor on TX-130-TOLL SB between US-290 and before FM-973, delay of 1 min #ATXtraffic ","Texas, USA"
Wed Jun 19 10:22:56 +0000 2019, How bout just drop out sleepy Joe \,"Superior, WI"
Wed Jun 19 10:22:55 +0000 2019,too funny #funniness #snicker #smile #playful ,"Manhattan, NY"
Wed Jun 19 10:22:55 +0000 2019,Facebook unveils \'its most invasive and dangerous form of surveillance yet\' with launch of \'Libra\' cryptocurrency ,"Manhattan, NY"
Wed Jun 19 10:22:54 +0000 2019,"Who dug up this crypt keeper?  #morningjoe'""","Florida, USA"
Wed Jun 19 10:22:54 +0000 2019,"Facing these two blunts on my way to the airport..'""","Manhattan, NY"
Wed Jun 19 10:22:53 +0000 2019,"  That was Shaft 5'""","Mayagüez, Puerto Rico"
Wed Jun 19 10:22:53 +0000 2019," Oh - perfect! My reheat in the oven routine fries aren\ good at all.'""","Florida, USA"
Wed Jun 19 10:22:52 +0000 2019,Can somebody just buy me some air pods since I\ a good person?\,"Chicago, IL"
Wed Jun 19 10:22:52 +0000 2019,"Ohh if you stay out happy hour is about to start... they have a 2-10am happy hour....'""","Paradise, NV"
Wed Jun 19 10:22:52 +0000 2019,NIKE ,"Louisiana, USA"
Wed Jun 19 10:22:51 +0000 2019,The webergrills Q is the perfect grill for a quick cook. Perfectly designed enameled grates that protect stainless\ ,"Gloucester, MA"
Wed Jun 19 10:22:51 +0000 2019,"  In a dictatorship maybe...'""","Baldwin Harbor, NY"
Wed Jun 19 10:22:51 +0000 2019, \ \ \ \ \ \ \ \ \ \ \ \ \ \ \ \ \ \ \,"San Diego, CA"
Wed Jun 19 10:22:50 +0000 2019," These do look interesting...When I adopt a pupper. Definitely looking into.'""","Burlington, MA"
Wed Jun 19 10:22:50 +0000 2019, It\'s incredibly simple to find detailed examples of trump\'s obvious racism.\\n\\nIn the 70\'s his NYC real\ ,"Pennsylvania, USA"
Wed Jun 19 10:22:49 +0000 2019,"  We want Ilhan deleted from the USA.'""","Newport, SC"
Wed Jun 19 10:22:49 +0000 2019,Ours too \ ,"Baltimore, MD"
Wed Jun 19 10:22:49 +0000 2019," I\'d feel sorry for the people who actually believe this but they\'ve been given plenty of chances to know better by now.""'","Orlando, FL"
Wed Jun 19 10:22:48 +0000 2019,"You got a little piece of me w/ ya'""","Los Angeles, CA"
Wed Jun 19 10:22:48 +0000 2019,"Take a day off from cooking! Local friends, join us today at  for a Give 20 event. Go for lunch or\ ","Pennsylvania, USA"
Wed Jun 19 10:22:47 +0000 2019,Big ole 10/4 ,"Ball, LA"
Wed Jun 19 10:22:47 +0000 2019,Oh I won\ forget! ,"Canonsburg, PA"
Wed Jun 19 10:22:47 +0000 2019,This is amazing I just cried \ ,"Syracuse, NY"
Wed Jun 19 10:22:47 +0000 2019," Bus \ #729'""","Newton, MA"
Wed Jun 19 10:22:46 +0000 2019,Great start to my morning \,"Bellevue, OH"
Wed Jun 19 10:22:46 +0000 2019,"pose is so good i\ litrally obsessed with mj rodriguez \ blanca is my baby'""","Brooklyn, NY"
Wed Jun 19 10:22:46 +0000 2019,Giiirl jugaste con mis sentimientos \ ya estaba chillando but im so happy it was just a prank \ love you ,"San Antonio, TX"
Wed Jun 19 10:22:45 +0000 2019,i fell asleep and music started to play only tho i i hear \,"Edgewater, FL"
Wed Jun 19 10:22:45 +0000 2019,Bunnies at night #bunny #rabbit #park #coffeewalk #appreciatethelittlethings  #wildlife #nightphotoshoot\ ,"Santa Monica, CA"
Wed Jun 19 10:22:45 +0000 2019,"'""My Four Moods:\\n1. I need coffee.\\n2. I need a nap.\\n3. I need a vacation. \\n4. I need duct tape, rope and a shovel.""\ ","St Petersburg, FL"
Wed Jun 19 10:22:45 +0000 2019,"Rise and grind!'""","Radcliff, KY"
Wed Jun 19 10:22:45 +0000 2019,"#quotesdaily #maryland #quotestoliveby #quotes #life #lifequotes #instagram #instagood #quoteoftheday @ Annapolis,\ ","Annapolis, MD"
Wed Jun 19 10:22:44 +0000 2019,"  Travesty.  She is Clinton\'s fixer.  She was in basement of State Dept cleaning out documents related to #Benghazi.""'","Georgia, USA"
Wed Jun 19 10:22:44 +0000 2019," Is away of Bavaria??'""","Brooklyn, NY"
Wed Jun 19 10:22:42 +0000 2019," These r his people'""","Virginia, USA"
Wed Jun 19 10:22:42 +0000 2019, Congrats Boys\,"North Gates, NY"
Wed Jun 19 10:22:42 +0000 2019,"  We have been!'""","Coronado, CA"
Wed Jun 19 10:22:41 +0000 2019,  Fantastic picture \,"Hartsdale, NY"
Wed Jun 19 10:22:41 +0000 2019,"    No guilt, just Illegals violating or laws!\","Texas, USA"
Wed Jun 19 10:22:41 +0000 2019,"Looking into making our own caps and tee shirts. I will investigate,  but I need feedback. Summer is upon us. Let\'s\ ","Montville, CT"
Wed Jun 19 10:22:41 +0000 2019,"While I agree he deserves the contract, he didn\ wow Dana. That\ what you gotta do man... this isn\ like the NFL\ ","Boston, MA"
Wed Jun 19 10:22:40 +0000 2019,"The struggle was real growing up'""","Kansas City, MO"
Wed Jun 19 10:22:40 +0000 2019,Gotta stop taking sleep for granted \,"Bronx, NY"
Wed Jun 19 10:22:40 +0000 2019,"Thank you,    You are right.  You are brave. #ConcentrationCamps'""","Los Angeles, CA"
Wed Jun 19 10:22:40 +0000 2019," I did this a few weeks back'""","Los Angeles, CA"
Wed Jun 19 10:22:40 +0000 2019," Huh! That\ certainly concerning.'""","Nashville, TN"
Wed Jun 19 10:22:40 +0000 2019,The gangs all here.. ,"Pennsylvania, USA"
Wed Jun 19 10:22:40 +0000 2019,This #Retail job might be a great fit for you. Click the link in our bio to see it and more. Stock Associate | Merc\ ,"Laguna Hills, CA"
Wed Jun 19 10:22:39 +0000 2019,We fought \ i was shocked ,"Georgia, USA"
Wed Jun 19 10:22:39 +0000 2019,Tyler Boyd might be the best player on the  and I\ never heard of him until last night \,"Thompsonville, PA"
Wed Jun 19 10:22:39 +0000 2019,Trump 2020 ,"Garland, TX"
Wed Jun 19 10:22:38 +0000 2019," Hey l!'""","Braselton, GA"
Wed Jun 19 10:22:38 +0000 2019," Yeah, not so good. My grandpa\ funeral is on Thursday. All these deaths back to back is cray-cray'""","Bakersfield, CA"
Wed Jun 19 10:22:38 +0000 2019,Don\ think for a second I ain\ with the shit\,"Las Vegas, NV"
Wed Jun 19 10:22:37 +0000 2019," Willful Ignorance. There\'s no excuse.""'","Canton, MA"
Wed Jun 19 10:22:37 +0000 2019,The Skonie Skoop \\n\\n,"Delaware, USA"
Wed Jun 19 10:22:37 +0000 2019,"Live like you were dying'""","Green, OH"
Wed Jun 19 10:22:36 +0000 2019,Off to Boston for a conference. This should be interesting! \,"Providence, RI"
Wed Jun 19 10:22:35 +0000 2019, That cartoon bread \,"Washington, DC"
Wed Jun 19 10:22:34 +0000 2019," great meeting you on Twitter, enjoy my review of Alone in the Dark 2  ","Topeka, KS"
Wed Jun 19 10:22:33 +0000 2019," Amen and Amen'""","Newport, TN"
Wed Jun 19 10:22:33 +0000 2019," Lol usually you get shit in by leftists for the audacity of existing'""","South Carolina, USA"
Wed Jun 19 10:22:33 +0000 2019," Forgot you on PS4 smh'""","Roseville, MI"
Wed Jun 19 10:22:33 +0000 2019,"Frankly from what I saw, I\ not convinced many of those people could pass a spelling or math test much less a citi\ ","Florida, USA"
Wed Jun 19 10:22:31 +0000 2019,Business owners! Let\ talk TAXES.\\n\\nUncle Sam does not play around with his money. Here are some business hacks for\ ,"Pembroke Pines, FL"
Wed Jun 19 10:22:30 +0000 2019,The hypocrisy of it all truly astounds me ,"Pittsburgh, PA"
Wed Jun 19 10:22:30 +0000 2019,#ReturntoAfrica #Afrochella19 ,"Queens, NY"
Wed Jun 19 10:22:30 +0000 2019,"So deeply sorry for the loss of your husband.  Praying for you and your family for strength, peace and comfort. ","Wisconsin, USA"
Wed Jun 19 10:22:29 +0000 2019,"At a point in the video, I asked myself \ I sure it wasn\ me who recorded the VN\ lol\\n\\nSounded just like me lol ","Carol Stream, IL"
Wed Jun 19 10:22:28 +0000 2019,too funny #laughter #chuckle #grin #jolly ,"Seattle, WA"
Wed Jun 19 10:22:27 +0000 2019," You were watching Obama last night?'""","Port Royal, SC"
Wed Jun 19 10:22:27 +0000 2019," Everything is about trump and his crime family'""","Pennsylvania, USA"
Wed Jun 19 10:22:27 +0000 2019,     It\ all about systemic output. BP most misleading vital sign. Ind\ ,"Silver Spring, MD"
Wed Jun 19 10:22:27 +0000 2019,"I was speeding down the wrong path I found my lane and I rerouted'""","Georgia, USA"
Wed Jun 19 10:22:26 +0000 2019,A busy morning on   and  are working the controversial school budget cuts ou\ ,"Providence, RI"
Wed Jun 19 10:22:26 +0000 2019,"The Venezuelans in Trinidad are about to wrek House .. I just know it.. more bad karma if u do...'""","Miami, FL"
Wed Jun 19 10:22:25 +0000 2019,My sleep been trash lately\,"Georgia, USA"
Wed Jun 19 10:22:24 +0000 2019, WIFI Network TheGrid = not available \ ,"Newton, MA"
Wed Jun 19 10:22:24 +0000 2019, #MAGA \,"Cleveland, OH"
Wed Jun 19 10:22:24 +0000 2019,Some blessings are blocked by what you refuse to leave\,"Jackson, GA"
Wed Jun 19 10:22:24 +0000 2019, You\ not funny \,"Pennsylvania, USA"
Wed Jun 19 10:22:24 +0000 2019,"I killed it ... it moved...'""","Olney, MD"
Wed Jun 19 10:22:24 +0000 2019," Wonderful song'""","Tennessee, USA"
Wed Jun 19 10:22:24 +0000 2019,"I\ really meeting Ariana today wtf'""","Manhattan, NY"
Wed Jun 19 10:22:23 +0000 2019, I seee youuu ,"Buffalo, NY"
Wed Jun 19 10:22:23 +0000 2019," Yep!  guessed correctly 700x35.'""","Raleigh, NC"
Wed Jun 19 10:22:23 +0000 2019,"current weather in Granger: mist, 62\ humidity, wind 3mph, pressure 1009mb'""","Granger, IN"
Wed Jun 19 10:22:23 +0000 2019,How cute is this   ,"Raleigh, NC"
Wed Jun 19 10:22:22 +0000 2019,"I\ on the 4th or 5th \ that\ crazy\ for this 15 min. car ride and my Lyft driver is still talking'""","Las Vegas, NV"
Wed Jun 19 10:22:22 +0000 2019,I can\'t believe that sheriff would end such a noble program. I read his horseshit excuse and that does nothing to c\ ,"North Carolina, USA"
Wed Jun 19 10:22:22 +0000 2019,"The Water Country theme song STAYS ON during sex'""","Irvine, CA"
Wed Jun 19 10:22:22 +0000 2019,too funny #mirth #lol #smirk #jolly ,"Manhattan, NY"
Wed Jun 19 10:22:21 +0000 2019," The feeling is mutual this is brutal'""","Mount Ephraim, NJ"
Wed Jun 19 10:22:20 +0000 2019,Boy when I tell ya I\ had the longest morning ever \ I hate seeing families fight like they righteous ain\ e\ ,"Birmingham, AL"
Wed Jun 19 10:22:20 +0000 2019,Updated: Incident on #NJ42 NB from Exit 10B - CR 681/Lower Landing Rd to I-295 ,"Blackwood, NJ"
Wed Jun 19 10:22:20 +0000 2019,"My favorite  clip and quote \ \ don\ stretch, I was born ready\ ","Texas, USA"
Wed Jun 19 10:22:20 +0000 2019,Check out this article from Jackson Sun:\\n\\nWhat is in the largest budget in Madison County history\\nCongratulations\ ,"Tennessee, USA"
Wed Jun 19 10:22:20 +0000 2019,Updated: Incident on #I80 EB from East of Exit 35 - Mount Hope Av to Exit 39 - NJ 53 ,"Rockaway, NJ"
Wed Jun 19 10:22:19 +0000 2019," A blessing for a blessing!'""","Virginia Beach, VA"
Wed Jun 19 10:22:19 +0000 2019,  Truly believe you\ have to destroy the GOP thru the electoral process in order to rebuild\ ,"Tennessee, USA"
Wed Jun 19 10:22:18 +0000 2019,"  Culver or Hunter for sure'""","New Orleans, LA"
Wed Jun 19 10:22:18 +0000 2019,"Learning French.\\n Favorite French musical artists, bands, French tunes?\\nLidting to the music is delightful, & I\'m s\ ","Los Angeles, CA"
Wed Jun 19 10:22:18 +0000 2019," Planned by parties stateside USA, yes that fact is obvious.\\n= Why     ","Florida, USA"
Wed Jun 19 10:22:18 +0000 2019,thank u bc city girl summer was not working out for me ,"Arkansas, USA"
Wed Jun 19 10:22:18 +0000 2019,The moon as I landed last night \ ,"Orlando, FL"
Wed Jun 19 10:22:17 +0000 2019,Hardin Simmons \,"Abilene, TX"
Wed Jun 19 10:22:17 +0000 2019,"I just saw a man blow a honker into a hanky.  He didn\ look that old either.'""","Indianapolis, IN"
Wed Jun 19 10:22:17 +0000 2019,Sophie\ Choice ,"Queens, NY"
Wed Jun 19 10:22:17 +0000 2019,       In rehab...... \ S&C\ ,"Vermont, USA"
Wed Jun 19 10:22:16 +0000 2019,"How do u know when u got love from yo people?'""","Texas, USA"
Wed Jun 19 10:22:16 +0000 2019,Today\'s workout! Lolli Lolli (Pop That Body) - Explicit Album Version by Three 6 Mafia\\n,"LaGrange, GA"
Wed Jun 19 10:22:16 +0000 2019,The only notification I look forward too .. ,"Bronx, NY"
Wed Jun 19 10:22:16 +0000 2019,I just wanna ball 100 summers ,"Phoenix, AZ"
Wed Jun 19 10:22:16 +0000 2019," Actually, this is their \","Maplewood, NJ"
Wed Jun 19 10:22:15 +0000 2019,There are children in concentration camps. There are children in concentration camps. There are children in concent\ ,"Vermont, USA"
Wed Jun 19 10:22:15 +0000 2019," you\'re far too kind, Danny. thank you.""'","Philadelphia, PA"
Wed Jun 19 10:22:15 +0000 2019,    \\nCreate an account and you should be able to manuall\ ,"South Carolina, USA"
Wed Jun 19 10:22:14 +0000 2019,"hey Little, are you ready?! \ ","Alabama, USA"
Wed Jun 19 10:22:14 +0000 2019, I need to understand the whole affect. Not just \ this\,"New York, USA"
Wed Jun 19 10:22:14 +0000 2019,"Kokomo: 6:13am: sunrise\\nsunset will be at 9:17pm'""","Kokomo, IN"
Wed Jun 19 10:22:14 +0000 2019, Thank You WWE For releasing The Pride Shirts They Look Great. . Thank You For Supporting The LGBTQ \ H\ ,"Jefferson Hills, PA"
Wed Jun 19 10:22:13 +0000 2019," But in doing so, aren\'t you setting a spring loaded trap that will go off with the slightest touch? Te\ ","Colorado, USA"
Wed Jun 19 10:22:13 +0000 2019,nice #comedy #tee-hee #grin #playful ,"Texas, USA"
Wed Jun 19 10:22:13 +0000 2019,  Yes Agree Kathleen have a great day \,"Staten Island, NY"
Wed Jun 19 10:22:12 +0000 2019, New York deserves what they got with you. It may teach them to be more careful in the future. You have done mo\ ,"Ballenger Creek, MD"
Wed Jun 19 10:22:12 +0000 2019," Such great service work!'""","Florida, USA"
Wed Jun 19 10:22:12 +0000 2019,It\ the yota ,"Lahaina, HI"
Wed Jun 19 10:22:11 +0000 2019,smh... ,"Alabama, USA"
Wed Jun 19 10:22:11 +0000 2019,Praying for another great day \,"Mississippi, USA"
Wed Jun 19 10:22:11 +0000 2019,Pet Peeve : People being So Inconsiderate of My Time \,"Miami, FL"
Wed Jun 19 10:22:11 +0000 2019,"The #American Prophet & prolific Author, Ellrn G White, was a Great #American ","Chicopee, MA"
Wed Jun 19 10:22:11 +0000 2019,Ready for it! ,"Federal Heights, CO"
Wed Jun 19 10:22:11 +0000 2019,#senryu by Roberta Beach Jacobson\\n\\n#ukraine #LHR #photosynthesis #YYZ #haiku #bestoftheday #relatable #japan\ ,"Indianola, IA"
Wed Jun 19 10:22:10 +0000 2019,"I did not wake up fa all this bullshit'""","Houston, TX"
Wed Jun 19 10:22:10 +0000 2019,When the person you\ with is your best friend too \,"Dorneyville, PA"
Wed Jun 19 10:22:10 +0000 2019,Last day for you to win an Under The Dome Experience for #StarryNight2019! Enter by noon at  ,"Amherst, NY"
Wed Jun 19 10:22:10 +0000 2019, No really what have the Rangers done NOTHING so please stop boring us Boomer we don\ care.\ ,"Queens, NY"
Wed Jun 19 10:22:10 +0000 2019,The swamp ,"Pleasanton, CA"
Wed Jun 19 10:22:09 +0000 2019,"Gooood morning my silly buddies how you ladies doing   Baby Shark Do dododooo'""","Jersey City, NJ"
Wed Jun 19 10:22:09 +0000 2019,lol #hilarity #laugh #smirk #laughable ,"Seattle, WA"
Wed Jun 19 10:22:09 +0000 2019," How much'""","Los Angeles, CA"
Wed Jun 19 10:22:09 +0000 2019,"By whom? And does he know? Was he there? On my way to MKE right now, should I tell him? ","Wisconsin, USA"
Wed Jun 19 10:22:08 +0000 2019,"As we tweet today let\'s remember James 1:19-20.""'","Wyoming, USA"
Wed Jun 19 10:22:08 +0000 2019,#Stamped \ ,"Maryland, USA"
Wed Jun 19 10:22:08 +0000 2019,Gloomy days continue.... #Columbus ,"Columbus, OH"
Wed Jun 19 10:22:08 +0000 2019,"'  Who remembers the ""rocky horror picture show""?    That\\\'s a trump rally\''","Coram, NY"
Wed Jun 19 10:22:08 +0000 2019,"#rulestoliveby @ Double R Designs, LLC ","South Carolina, USA"
Wed Jun 19 10:22:08 +0000 2019,Good morning @ Historic St. Augustine ,"St Augustine, FL"
Wed Jun 19 10:22:08 +0000 2019, Trump Initiative....\\nWhat initiative? Where? When can we read it. \\nOr it this the political equivalent\ ,"Costa Mesa, CA"
Wed Jun 19 10:22:07 +0000 2019,"' Remember the  and  families supported vicious, corrupt ""Free Market"" General/\ ","Georgia, USA"
Wed Jun 19 10:22:07 +0000 2019,"Just posted a photo @ Manchester, Connecticut ","Manchester, CT"
Wed Jun 19 10:22:07 +0000 2019," When you take a dump that\ a movement too.'""","Arkansas, USA"
Wed Jun 19 10:22:06 +0000 2019,NAH SON I GTG\ OF THE OTHER CAMERAS DO THAT ,"San Bernardino, CA"
Wed Jun 19 10:22:06 +0000 2019,nice #funniness #giggle #grin #amusing ,"Texas, USA"
Wed Jun 19 10:22:06 +0000 2019,  We are so sorry to hear about your loss...May the Angels always watch over you all ??\,"Alabama, USA"
Wed Jun 19 10:22:05 +0000 2019,Menudo\ ,"Pasadena, TX"
Wed Jun 19 10:22:05 +0000 2019,"Water receding near Noblitt Park in Columbus, IN. There\ more rain in the forecast though that\ expected to start\ ","Columbus, IN"
Wed Jun 19 10:22:04 +0000 2019,This is what happens when you play with death \ \ ,"Bridgeport, MI"
Wed Jun 19 10:22:04 +0000 2019,"Can it be Friday already?'""","San Bernardino, CA"
Wed Jun 19 10:22:04 +0000 2019," You don\ think dude is gender neutral in this context? I\ sorry if it came across as not inclusive. I certainly didn\ mean it'""","Jeffersonville, IN"
Wed Jun 19 10:22:02 +0000 2019,People be pressing me for no reason\,"Los Angeles, CA"
Wed Jun 19 10:22:01 +0000 2019,"I feel that this article is totally unnecessary. We all know he\'s full of shit, every time he speaks. ","New York, USA"
Wed Jun 19 10:22:01 +0000 2019," We don\'t defend hired thugs.""'","Orlando, FL"
Wed Jun 19 10:22:01 +0000 2019,"If my childhood friends didn\ tell their parents they would jump off a bridge after me... u a lil bitch'""","Copperas Cove, TX"
Wed Jun 19 10:22:01 +0000 2019,My Twitter always switching from Night to day by itself. \,"Georgia, USA"
Wed Jun 19 10:22:01 +0000 2019,Another day in paradise ,"Myrtle Beach, SC"
Wed Jun 19 10:22:01 +0000 2019,  I LOVE this! Thank you! \,"Vermont, USA"
Wed Jun 19 10:22:01 +0000 2019,Finally feeling sleepy even though my gym alarm goes off @ 7:25 \,"Mississippi, USA"
Wed Jun 19 10:22:00 +0000 2019,"Sorry, but that is the English language.  Learn it.\\nYou said Trump wasn\'t human. \\n#Hypocrite ","Michigan, USA"
Wed Jun 19 10:22:00 +0000 2019," You\ welcome Suzanne and thank you.'""","Fuquay-Varina, NC"
Wed Jun 19 10:21:59 +0000 2019," Black'""","Springfield, FL"
Wed Jun 19 10:21:59 +0000 2019,"Why I\ up'""","Mississippi, USA"
Wed Jun 19 10:21:59 +0000 2019," Always welcome here in the USA Katrina. Got some good Ribs here in North Carolina where I live.'""","North Carolina, USA"
Wed Jun 19 10:21:59 +0000 2019," When will you be removed?'""","Virginia, USA"
Wed Jun 19 10:21:59 +0000 2019," Hokej?'""","Connecticut, USA"
Wed Jun 19 10:21:58 +0000 2019,"  Worton'""","Port Orange, FL"
Wed Jun 19 10:21:58 +0000 2019,Semi crash on NB 65 at 61st       ,"Chicago, IL"
Wed Jun 19 10:21:57 +0000 2019,"Someone just jumped out infront of my car & blinded me with a bright ass light, so I called the cops to report the\ ","Abilene, TX"
Wed Jun 19 10:21:57 +0000 2019,  Love to see see this happen to those 2 Muslim Terrorists so called \ and good\ ,"Dartmouth, MA"
Wed Jun 19 10:21:57 +0000 2019,Clay says \ yeah brother\ \,"Ohio, USA"
Wed Jun 19 10:21:56 +0000 2019,"Of course he gave the order. And there still isn\'t anything anyone can, or will, do about it. The Saudis act with i\ ","Rhode Island, USA"
Wed Jun 19 10:21:56 +0000 2019,Wake up already \ ,"Brawley, CA"
Wed Jun 19 10:21:55 +0000 2019,"bonito dia a todes'""","Trujillo Alto, Puerto Rico"
Wed Jun 19 10:21:55 +0000 2019,It never gets easier watching Andy leave my house. ,"New Jersey, USA"
Wed Jun 19 10:21:54 +0000 2019,Nothing flashy here. Just a MAX EFFORT lower body training session  .  The best way to start the day. I l\ ,"Miami Beach, FL"
Wed Jun 19 10:21:54 +0000 2019,"   You know Obama filled those locations with illegal immigrants first right?'""","Sunrise, FL"
Wed Jun 19 10:21:54 +0000 2019,#BREAKING #PerdidoKey drive is closed near the the #Florida/#Alabama state line at the Key Harbor condos because of\ ,Alabama / Florida State Line
Wed Jun 19 10:21:53 +0000 2019,"Accident, shoulder blocked in #MiamiDade on SR-826 Palmetto Expy NB after Dolphin Expy, stop and go traffic back to Bird Rd #SFLtraffic'""","Miami, FL"
Wed Jun 19 10:21:53 +0000 2019,"  Because we should be looking at the the lobbyist that are filling Pelosi pockets'""","Boston, MA"
Wed Jun 19 10:21:53 +0000 2019,"I hate arguing with idiots. Of any political persuasion. Got to go back to work. Making $ so I can live somewhere with a shower.'""","Los Angeles, CA"
Wed Jun 19 10:21:53 +0000 2019,I never get ta have a good night sleep dawg it\ always something \,"Houston, TX"
Wed Jun 19 10:21:52 +0000 2019,Accident in #DurhamCounty on I 85 SB near Hwy 147 - Exit 172 #traffic ,"Durham, NC"
Wed Jun 19 10:21:51 +0000 2019,Real women train hard!! Functional HIIT training at Total Fitness of Greenville #functionalfitness #personaltrainer\ ,"North Carolina, USA"
Wed Jun 19 10:21:51 +0000 2019,"  Good luck!  I am conducting my first interview today and I am also nervous.'""","Wesley Chapel, FL"
Wed Jun 19 10:21:51 +0000 2019,"  Congratulations Jill!!!'""","Plum, PA"
Wed Jun 19 10:21:51 +0000 2019,"Oh so Florida for wawa In almost every corner now. They were scarce last time I was down here'""","Orlando, FL"
Wed Jun 19 10:21:51 +0000 2019," You call yourself a Christian?'""","Clearwater, FL"
Wed Jun 19 10:21:50 +0000 2019,Happy 6.19 everyone ,"Brook Park, OH"
Wed Jun 19 10:21:50 +0000 2019, Rich people\'s lives are better. The poor/middle class are paying for it. Repiglicans always tank our\ ,"Canton, MA"
Wed Jun 19 10:21:50 +0000 2019,"' ""Unjustly sought out and confined"" - - don\\\'t worry, Dan, the Reich passed a suite of laws that made it all legal.\''","Boston, MA"
Wed Jun 19 10:21:49 +0000 2019," You are doing an awesome job getting the truth out, keep going!'""","Lakesite, TN"
Wed Jun 19 10:21:49 +0000 2019," Fuck yeaaaaHhHHH'""","Garland, TX"
Wed Jun 19 10:21:47 +0000 2019,So excited to bring tea & tastings to this Red Carpet Opening Night! Mamma Mia! Discover the flavor of the Grecian\ ,"Florida, USA"
Wed Jun 19 10:21:46 +0000 2019," Bette is aging like liverwurst.\\nWasnt that good fresh\\nCant really tell if its spoiled or was always like this.'""","Southaven, MS"
Wed Jun 19 10:21:46 +0000 2019," Make it happen!'""","Dallas, TX"
Wed Jun 19 10:21:46 +0000 2019,Coach Satterfield getting a good one here. Card Nation! ,"Orlando, FL"
Wed Jun 19 10:21:45 +0000 2019," Who let Celia not write anything?'""","Brooklyn, NY"
Wed Jun 19 10:21:45 +0000 2019,"this first birth gon determines how many more kids i have.'""","Indianapolis, IN"
Wed Jun 19 10:21:45 +0000 2019," Following the horrific video of Lawrence being verbally attacked by Left for being Trump supporter!'""","Georgia, USA"
Wed Jun 19 10:21:45 +0000 2019, I have written a php5 book a while ago that now is retired and created \ photography equipment bundle fo\ ,"Parkland, FL"
Wed Jun 19 10:21:44 +0000 2019,too funny #laughter #chuckle #grin #laughable ,"Fremont, CA"
Wed Jun 19 10:21:43 +0000 2019,I love her! ,"Fairview Park, OH"
Wed Jun 19 10:21:43 +0000 2019,I wanna get nasty nasty with somebody son \,"Houston, TX"
Wed Jun 19 10:21:42 +0000 2019,"If everyone can help me out, I\'d appreciate it. My friends over at the Battle Creek Field of Flight Air Show & Ball\ ","Pontiac, MI"
Wed Jun 19 10:21:41 +0000 2019,"'""All maps provide one thing: an abstraction of the #world from one point of view. Maps help us find things. But map\ ",United States
Wed Jun 19 10:21:41 +0000 2019,This is still one of my all-time favorite songs! ,"Florida, USA"
Wed Jun 19 10:21:41 +0000 2019, Morning sis. \,"Georgia, USA"
Wed Jun 19 10:21:40 +0000 2019,"Salutations!'""","Providence, RI"
Wed Jun 19 10:21:40 +0000 2019," Funny Lol'""","Hartsdale, NY"
Wed Jun 19 10:21:39 +0000 2019,Ending Mass Incarceration Conference with  Rev. Jesse Jackson and Mrs. Xenona Clayton. ,Ebenezer Baptist Church
Wed Jun 19 10:21:38 +0000 2019,    \,"Staten Island, NY"
Wed Jun 19 10:21:38 +0000 2019,omg the l o n g e s t b o i \ <6 <9 ,"Sun Village, CA"
Wed Jun 19 10:21:37 +0000 2019,The hottest youth sports league \ ,"Denton, TX"
Wed Jun 19 10:21:37 +0000 2019,I just finished day 18 of the  plan \'How To Thrive\'. Check it out here:\\n,"Clarksdale, MS"
Wed Jun 19 10:21:37 +0000 2019," Miss you, come wild out with me soon \","Midlothian, TX"
Wed Jun 19 10:21:37 +0000 2019,lol #hilarity #lol #smirk #playful ,"Seattle, WA"
Wed Jun 19 10:21:37 +0000 2019," Stoopid he should\ messaged you. Get the coin'""","Oklahoma, USA"
Wed Jun 19 10:21:37 +0000 2019,"If someone tells you that they don\ have the money to do something, don\ respond with, \ doesn\ cost THAT much\ ","Middle Valley, TN"
Wed Jun 19 10:21:37 +0000 2019,    If The President is squandering our great economy then w\ ,"Georgia, USA"
Wed Jun 19 10:21:36 +0000 2019,SO COOL. ,"Brewer, ME"
Wed Jun 19 10:21:36 +0000 2019,"Sleepy but can\ sleep'""","Illinois, USA"
Wed Jun 19 10:21:36 +0000 2019,Your #midsummermadness main event. 6/9/19 at the armory in #spencerwv.  vs.  ,"Spencer, WV"
Wed Jun 19 10:21:35 +0000 2019,"When shorty knows her worth she\ always \ much \ for someone who can\ manipulate or control her ..'""","Tacoma, WA"
Wed Jun 19 10:21:35 +0000 2019," Don\ make me use ammo'""","Georgia, USA"
Wed Jun 19 10:21:34 +0000 2019,Good morning Fenway. Good morning Boston. \,"Boston, MA"
Wed Jun 19 10:21:33 +0000 2019, BTW anyone know what his commitment timeline would be? Still a summer decision or something that wi\ ,"Virginia, USA"
Wed Jun 19 10:21:33 +0000 2019," These videos from Batuu, featuring Dan \ Talent\ Zehr, are fantastic fun and we can\ wait for\ ","Decatur, AL"
Wed Jun 19 10:21:33 +0000 2019," Please share your solution to our immigration problem???'""","Bayou Cane, LA"
Wed Jun 19 10:21:33 +0000 2019,"Goodnight tmw should be a Good day cause I\ starting FRESH'""","Las Vegas, NV"
Wed Jun 19 10:21:32 +0000 2019,Girl ain\ nobody skinny no more \ ,"Laguna, CA"
Wed Jun 19 10:21:32 +0000 2019,they\ baby your honor ,"Metairie, LA"
Wed Jun 19 10:21:32 +0000 2019,I swear the WiFi doesn\ work on the train on my phone for some reason \,"Massachusetts, USA"
Wed Jun 19 10:21:32 +0000 2019,This is the last week of school for my middle school daughter. She\ bored. She said \ wish we still did those fun\ ,"Edison, NJ"
Wed Jun 19 10:21:31 +0000 2019,"Save the date June 27, 2019 I will be celebrating 27 year of deliverance from drugs and alcohol come out and hear o\ ","Stratford, CT"
Wed Jun 19 10:21:31 +0000 2019,"Does anyone under the age of sixty carry a hanky to blow their nose? \ \\n#randomairportthoughts'""","Indianapolis, IN"
Wed Jun 19 10:21:31 +0000 2019,"   Gonna make it clear though. Most definitely his gameplay but I clipped it. All in good fun.'""","Ashburn, VA"
Wed Jun 19 10:21:31 +0000 2019,Why would he apologize...hes racist.. ,"Uniondale, NY"
Wed Jun 19 10:21:30 +0000 2019,too funny #laughter #snicker #smirk #cute ,"Manhattan, NY"
Wed Jun 19 10:21:30 +0000 2019," #BUILDTHEWALL. And fund border security and immigration reform'""","Delaware, USA"
Wed Jun 19 10:21:30 +0000 2019," There comes a time when you need to put yourself first lovely.'""","Bellevue, OH"
Wed Jun 19 10:21:30 +0000 2019,Wow. Now THATS a campaign ad. ,"Pennsylvania, USA"
Wed Jun 19 10:21:29 +0000 2019,in the last six months you...\\n\\n1- yes\\n2- no\\n3- yes\\n4- no\\n5- yes\\n6- no\\n7- yes\\n8- yes\\n9- yes\\n10- yes\\n11- no\\n12- yeah\ ,"Mebane, NC"
Wed Jun 19 10:21:29 +0000 2019,Good Morning! ,"Georgia, USA"
Wed Jun 19 10:21:29 +0000 2019,"If someone Wright\ you a HUGE check that you just had to have right now and then you don\ cash it until 2 months later. Fuck you.'""","New Mexico, USA"
Wed Jun 19 10:21:28 +0000 2019,2019 Husqvarna Svartpilen 401 - For when coffee just won\ do the trick. #svartpilen401  #neoretro\ ,"Wildomar, CA"
Wed Jun 19 10:21:28 +0000 2019,too funny #laughter #chuckle #grin #merry ,"Texas, USA"
Wed Jun 19 10:21:28 +0000 2019,Pop Smoke & Kid Cudi LMFAOO ,"Bronx, NY"
Wed Jun 19 10:21:27 +0000 2019, Thats not an a \,"Westbrook, ME"
Wed Jun 19 10:21:27 +0000 2019," Omg stopppp bitch you\ scaring me'""","Tangerine, FL"
Wed Jun 19 10:21:27 +0000 2019,Is that a Cure sample? I like this! ,1105 Tired & Need Wine
Wed Jun 19 10:21:26 +0000 2019," Yes !I hope he actually does it though. Actions speak louder  then words.'""","Danvers, MA"
Wed Jun 19 10:21:26 +0000 2019,funny #humor #tee-hee #smirk #comic ,"Seattle, WA"
Wed Jun 19 10:21:25 +0000 2019," He\ another neutered puppy, just like Lindsey and Ted.'""","Medfield, MA"
Wed Jun 19 10:21:25 +0000 2019,Morning run \,"Toledo, OH"
Wed Jun 19 10:21:24 +0000 2019,"Friday The 13th Part 2 is an absolutely ridiculous & cheesy, but a very well directed teen slasher movie. Even thou\ ","Los Angeles, CA"
Wed Jun 19 10:21:24 +0000 2019,I would \ pay extra for this. ,"Dallas, TX"
Wed Jun 19 10:21:24 +0000 2019,All I know is that Christopher Cross never featured people on his songs. They just sang back up. ,"Arnold, MD"
Wed Jun 19 10:21:23 +0000 2019," NAH DIS NEW JOB AIGHT BRO I JUST AINT BACC USE TO BEIN OUTSIDE BUT 2DAY SHULD BE COOL WIT DIS WEATHER'""","Raleigh, NC"
Wed Jun 19 10:21:23 +0000 2019,This is just your daily reminder that whoever you are today is enough.  Whatever you accomplish today is enough.\ ,"Michigan, USA"
Wed Jun 19 10:21:23 +0000 2019,I am Lonely I want Millionaire Partner.\\n#millionairematch #millionairedatingsite #dateamillionaire\ ,"California, MD"
Wed Jun 19 10:21:23 +0000 2019,Now that\ a Super couple ,"Upper Sandusky, OH"
Wed Jun 19 10:21:22 +0000 2019,"I missed #TittyTuesday??'""","Monroe, LA"
Wed Jun 19 10:21:22 +0000 2019," ok'""","Philadelphia, PA"
Wed Jun 19 10:21:21 +0000 2019,"All that money, the money is the motive'""","Los Angeles, CA"
Wed Jun 19 10:21:21 +0000 2019,Yes yo\ ,"Philadelphia, PA"
Wed Jun 19 10:21:21 +0000 2019,Debris in road in #Rochester on I-490 EB at Brown St #traffic ,"New York, USA"
Wed Jun 19 10:21:20 +0000 2019,What a queen! ,"Baltimore, MD"
Wed Jun 19 10:21:19 +0000 2019,"Lane closures removed in #Franklin on I-70 WB at I-670 Exit 96, traffic flowing freely back to W Broad St #traffic ","Columbus, OH"
Wed Jun 19 10:21:18 +0000 2019,Incident on #NJ42 NB from Exit 13 - NJ 55 to I-295 ,"Deptford, NJ"
Wed Jun 19 10:21:18 +0000 2019,i love las vegas \ ,"Las Vegas, NV"
Wed Jun 19 10:21:18 +0000 2019,"Idk if it was the rain or what but I slept like a kid on melatonin last night !'""","Washington, DC"
Wed Jun 19 10:21:17 +0000 2019,"east coast crew, hollywood style \\n\\n \\n \\n\\n#newmusic #teamwork #letsgo @ Los Angeles, Californ\ ","Los Angeles, CA"
Wed Jun 19 10:21:17 +0000 2019," Always more with Kennedy.'""","Longmont, CO"
Wed Jun 19 10:21:17 +0000 2019,"What\ your dream job? No, seriously...money is not a thing...what would you do in an ideal world?'""","Waco, TX"
Wed Jun 19 10:21:17 +0000 2019,#nofear ,"Claypool Hill, VA"
Wed Jun 19 10:21:17 +0000 2019,"Damn, can I get an avenue or a boulevard designation? \ ","Chicago, IL"
Wed Jun 19 10:21:17 +0000 2019,Horny hours \,"Hemet, CA"
Wed Jun 19 10:21:16 +0000 2019," Go to sleep'""","Los Angeles, CA"
Wed Jun 19 10:21:16 +0000 2019,"Psalms 108:3-5\\nI will praise You, O Lord, among the peoples,\\nAnd I will sing praises to You among the nations.\\nFor\ ","Vero Beach, FL"
Wed Jun 19 10:21:16 +0000 2019,Awake before my alarm. Again. So tired of being mentally exhausted \,"Richmond, KY"
Wed Jun 19 10:21:15 +0000 2019," I\ trying to figure that out myself'""","Syracuse, NY"
Wed Jun 19 10:21:15 +0000 2019,Where\ Elbert \ Wheels\ Dubenion?  Can\ have Kemp without Dubie...Just sayin...$2? ,"Chester Heights, PA"
Wed Jun 19 10:21:14 +0000 2019,"Just posted a photo @ Rochester, New York ","New York, USA"
Wed Jun 19 10:21:14 +0000 2019,"Shell\'s we meet Friday hopefully everybody is herre by then if not we go Live.""'","Lewis and Clark, MO"
Wed Jun 19 10:21:13 +0000 2019,Check out more info on product here ,"American Fork, UT"
Wed Jun 19 10:21:13 +0000 2019,"  #themottdifference'""","Michigan, USA"
Wed Jun 19 10:21:11 +0000 2019,Put some clothes on & grab a date because you don\ want to miss this show!  \\n\\nThese last few tickets are just ling\ ,"Charlotte, NC"
Wed Jun 19 10:21:11 +0000 2019,Idk why y\ won\ let 6 inch go GAT DAMN ,"Brooklyn, NY"
Wed Jun 19 10:21:11 +0000 2019,"#Emprego alerta: Global Digital Project Manager - 46594 | The Nature Conservancy | Arlington, VA  #conserva\","Arlington, VA"
Wed Jun 19 10:21:11 +0000 2019,Bd! Dlbm!\\nDIOS SIEMPRE ES BUENO!\\n#mesigue! en Estacion De Bomberos De Humacao 141 ,"Humacao, Puerto Rico"
Wed Jun 19 10:21:10 +0000 2019, Is that a gold box \ has in his hand\  Sweet Potato Pie \ Watch Queen Sugar\ ,"Newnan, GA"
Wed Jun 19 10:21:10 +0000 2019,This is good. I might start saying this because it\ true.....she tries her hardest but I hit that bitch back with\ ,"Forest Heights, MD"
Wed Jun 19 10:21:09 +0000 2019, I might be able to help you get a beauty job working from home! DM me \,"Naugatuck, CT"
Wed Jun 19 10:21:09 +0000 2019,Hawai\ boys \ #crusaderstrong ,"Halawa, HI"
Wed Jun 19 10:21:08 +0000 2019," You and me both'""","North Carolina, USA"
Wed Jun 19 10:21:08 +0000 2019,Uhmmm you know no black person held those signs because they would hold a sign saying \ blacks for trump \ it\ wou\ ,"Alafaya, FL"
Wed Jun 19 10:21:07 +0000 2019,"  Man that ladies really stupid ain\'t she she don\'t know history""'","Iowa, USA"
Wed Jun 19 10:21:06 +0000 2019,"  You going to camp???'""","West Hartford, CT"
Wed Jun 19 10:21:06 +0000 2019,"   So you got your new truck?'""","Dilley, TX"
Wed Jun 19 10:21:05 +0000 2019," Some house with a lot of men'""","Los Angeles, CA"
Wed Jun 19 10:21:04 +0000 2019," Lol'""","Hartsdale, NY"
Wed Jun 19 10:21:04 +0000 2019,   \ ,"Westbrook Center, CT"
