Date,Tweet
Date,eet',Country
Mon May 20 10:19:53 +0000 2019,  This story made my morning. \,"Chattanooga, TN"
Mon May 20 10:19:52 +0000 2019," is a fucking joke. So glad I didn\ watch money in the bank.  plz hurry to tv!'""","Ironton, OH"
Mon May 20 10:19:52 +0000 2019,"  He has none'""","Missouri, USA"
Mon May 20 10:19:52 +0000 2019,"current weather in Waterford: overcast clouds, 54\ humidity, wind 10mph, pressure 1008mb'""","Waterford, MI"
Mon May 20 10:19:51 +0000 2019," THIS NATIVE AMERICAN, is grateful for his Mother giving him up for #ADOPTION \\nMy ADOPTIVE parents wer\ ","Marlborough, MA"
Mon May 20 10:19:50 +0000 2019," Looks like I\'m still following.""'","San Antonio, TX"
Mon May 20 10:19:50 +0000 2019,Monday May 20 - Today In Politics:        Trayvon Martin\ mom plans to run for office in Miami;      Trump denies\ ,"Lorain, OH"
Mon May 20 10:19:50 +0000 2019," You are trying to correct the RIGHT spelling with bad. Right \ wrong \ YOU FAILED'""","Largo, FL"
Mon May 20 10:19:50 +0000 2019,"  I wouldn\ go that far.'""","Greensboro, NC"
Mon May 20 10:19:50 +0000 2019," No.\\nThey are just different works of art.'""","Ohio, USA"
Mon May 20 10:19:50 +0000 2019,"IDK who changed the channel but, Thank You!! \ #90skid #ClassicTV #Martin @ Main Post Office ","Baltimore, MD"
Mon May 20 10:19:49 +0000 2019,Now Commeth Mourning  with attempt to build-up Mayor Pete. He & Barnacle offer a #Marketing plan sugges\ ,"Maine, USA"
Mon May 20 10:19:49 +0000 2019,From the  Senior Women\ Open. Only in   ,"Carrollton, GA"
Mon May 20 10:19:49 +0000 2019," No'""","Illinois, USA"
Mon May 20 10:19:48 +0000 2019,"   Fark?'""","Parole, MD"
Mon May 20 10:19:48 +0000 2019,Nigga said Froopyland!!!!! Fuck King Tommy old incestuous ass it\ a wrap for him!!! \ ,"Forest Heights, MD"
Mon May 20 10:19:48 +0000 2019,"There\ a story behind every person. There\ a reason why they\ the way they are. Think about that before you judge someone.'""","Houston, TX"
Mon May 20 10:19:48 +0000 2019,"This week on  , frequent guest Andrew Saunders returns with Dr.  a UGA linguist, to bre\ ","Georgia, USA"
Mon May 20 10:19:47 +0000 2019, \,"Glens Falls, NY"
Mon May 20 10:19:47 +0000 2019,"        A great book!'""","Lake St Louis, MO"
Mon May 20 10:19:47 +0000 2019,"' I wouldn\\\'t call it an ""illness"" however, It\\\'s clearly a mental ""disorder""...\''","West Palm Beach, FL"
Mon May 20 10:19:47 +0000 2019,AP Exclusive: Scarlett Johansson and Colin Jost are engaged  via ,"Detroit, MI"
Mon May 20 10:19:46 +0000 2019,  There are also scores of families across the USA who are starving. Clearly our systems are failing\ ,"Clay, NY"
Mon May 20 10:19:46 +0000 2019,It certainly is the place this is my venting place ,"Philadelphia, PA"
Mon May 20 10:19:46 +0000 2019,Clippppppp ,"Bronx, NY"
Mon May 20 10:19:46 +0000 2019,"My coworker just came over to tell me our other coworker is running late \\n\\nYA DONT SAY'""","Michigan, USA"
Mon May 20 10:19:46 +0000 2019,Me: \ play star shopping by lil peep\ \\n\\nAlexa: \ start shopping by lil Peep for the 27493th time for your depressing ass\,"Las Vegas, NV"
Mon May 20 10:19:45 +0000 2019, Location preference? ,"Columbus, GA"
Mon May 20 10:19:44 +0000 2019,"Maybe the HBO executives should have read one of the GOT books before hiring \ for the season finally.  #iamup'""","Dallas, TX"
Mon May 20 10:19:44 +0000 2019,Very intersting and promising project so far. With ethereum slot machine member we can grab our bonus for investmet\ ,United States
Mon May 20 10:19:44 +0000 2019,"Push start the whip brought it straight to life'""","Clinton, NC"
Mon May 20 10:19:43 +0000 2019," At least you know what you need to do'""","Huntington Beach, CA"
Mon May 20 10:19:43 +0000 2019,"current weather in Detroit: broken clouds, 56\ humidity, wind 14mph, pressure 1007mb'""","Detroit, MI"
Mon May 20 10:19:43 +0000 2019," You wouldn\ know courageous if it hit you in the ass'""","Pennsylvania, USA"
Mon May 20 10:19:42 +0000 2019,"  just wants his name in lights. He\ a scumbag democrat masquerading as a GOP. Vote him out Michigan.'""","Toledo, OH"
Mon May 20 10:19:42 +0000 2019," I don\'t""'","Columbus, OH"
Mon May 20 10:19:42 +0000 2019,"  I don\ know what is going on, but for some reason, she is EVERYWHERE they are & in E\ ","Middletown, CT"
Mon May 20 10:19:42 +0000 2019,Want To Throw Your Ultimate Dream Party From Party City? ,"Chicago, IL"
Mon May 20 10:19:41 +0000 2019,"  That is an awesome baby!!!!'""","Menifee, CA"
Mon May 20 10:19:41 +0000 2019," Que wapa. *_*'""","San Juan, USA"
Mon May 20 10:19:40 +0000 2019,"imagethree Fortune Cookie, Free Fortune Cookie ","Chicago, IL"
Mon May 20 10:19:40 +0000 2019,"Parents, please focus on your young student/ athletes grades as much as you do sending them to trainers. Weekly tut\ ","Marietta, GA"
Mon May 20 10:19:40 +0000 2019,Nobody:\\n\\nBAMBAM: ESPECTO PATRONUM ,"Howards Grove, WI"
Mon May 20 10:19:39 +0000 2019,"050419 / tried oishii burger for the first time with boyf, and i thought it was amazing; him, not so much lol @ Ois\ ","Virginia Beach, VA"
Mon May 20 10:19:38 +0000 2019,I\ so fuckin proud of you and Daniel. You guys deserved this\ ,"Big Bear City, CA"
Mon May 20 10:19:37 +0000 2019," Price Matrix can handle bulk orders so simply, define price table so easily\\n#price\ ",United States
Mon May 20 10:19:36 +0000 2019,Looks like Drake pulled some strings and Gucci checked his calendar ,"State College, PA"
Mon May 20 10:19:36 +0000 2019,Why tf am i awake this early ?! Someone please for the love of god tell me why \,"Newark, OH"
Mon May 20 10:19:35 +0000 2019,      Happy Monday! I hope you and your families had\ ,"Pennsylvania, USA"
Mon May 20 10:19:35 +0000 2019, Not sure why they didn\ end the series at that moment...and they lived happily ever after! #LoveCleanWater \,"Cleveland, OH"
Mon May 20 10:19:35 +0000 2019,The Judicial Crisis Network spent approx $22M in support of now-SCOTUS Justice Kavanaugh during his nomination proc\ ,"Durham, NC"
Mon May 20 10:19:35 +0000 2019,"Set my alarm for 9am, but I\ up at 6am.. make a beat? Sure.'""","Queens, NY"
Mon May 20 10:19:34 +0000 2019," Savage reply lol'""","Highland, NY"
Mon May 20 10:19:34 +0000 2019,"Oh she\ done'""","Houston, TX"
Mon May 20 10:19:34 +0000 2019,  Claro que va por ah\ Busca un aumento porque cobra la mitad que Neymar. Ahora llenar\ p\ ,"Pembroke Pines, FL"
Mon May 20 10:19:33 +0000 2019,"   Skippy who went to the Rainbow Bridge May 15, 2017 ","Netcong, NJ"
Mon May 20 10:19:31 +0000 2019,"Workflow'""","Arkansas, USA"
Mon May 20 10:19:31 +0000 2019, I said the same thing. Word for word ,"New Orleans, LA"
Mon May 20 10:19:30 +0000 2019,"Brian J. Honan Mural Dedication - Honan Library 2019  , Oscar Lopez, Mark Ciommo,  ","Boston, MA"
Mon May 20 10:19:29 +0000 2019,"damn you GoT fans are devastated'""","Pennsylvania, USA"
Mon May 20 10:19:29 +0000 2019,"near bsgstblender: d3ee2b58-6e71-494a-a6e3-4e6c554d8236'""","Pittsburgh, PA"
Mon May 20 10:19:29 +0000 2019,  He was better than your lying session on #FakeNews ,"Indiana, USA"
Mon May 20 10:19:29 +0000 2019, Would you like to support your assertions with actual quotes from candidates rather than retweeting\ ,"Banning, CA"
Mon May 20 10:19:29 +0000 2019," follow back'""","Chicago, IL"
Mon May 20 10:19:28 +0000 2019,  joe  THIS LONGTIME MJOE FAN IS FINDING U DOING WHAT U DID IN 2016-FAUNING OVER TRUMP&N\ ,"Kendall, FL"
Mon May 20 10:19:28 +0000 2019,  Ma certo. Pero spero davvero che facciano un benedetto centrocampo titolare da molti\ ,"Philadelphia, PA"
Mon May 20 10:19:27 +0000 2019,"Make Monday memories you all! @ Cleveland, Ohio ","Cleveland, OH"
Mon May 20 10:19:27 +0000 2019,Race week in Indy.  Best week of the year? ,"Brownsburg, IN"
Mon May 20 10:19:27 +0000 2019,Stop procrastinating...\\n#teamnoboundaries #teamskysthelimit #entrepreneur #BeYourOwnBoss #leadership\ ,"Uniondale, NY"
Mon May 20 10:19:26 +0000 2019,"138/365 GOT is over'""","Sandy Springs, GA"
Mon May 20 10:19:26 +0000 2019,Ladies spring is here Are you sinuses bothering you?  Book an Ear Coning ( Candling) Session!\\n Ear Coning can benef\ ,"Detroit, MI"
Mon May 20 10:19:26 +0000 2019," Hi, friend here at your service'""","Richton Park, IL"
Mon May 20 10:19:25 +0000 2019,"Fuck you'""","Pine Hills, FL"
Mon May 20 10:19:25 +0000 2019,"They treat me different I guess it\ changed now\\nWhen I\ in town it ain\ the same now'""","Florida, USA"
Mon May 20 10:19:24 +0000 2019, Happy Monday to you\,"Columbus, OH"
Mon May 20 10:19:23 +0000 2019, Shit dumb \,"Georgia, USA"
Mon May 20 10:19:23 +0000 2019,What better way to start your morning that 5am Personal Training with Mr. GBF? \\n#FITNESS \\n#WEIGHTLOSS\\n#BOOTCAMP\ ,"Homewood, IL"
Mon May 20 10:19:21 +0000 2019,"Huawei mocked Apple over sourcing 5G chips, but now it\'s losing Qualcomm chips and other key technologies  ","Manhattan, NY"
Mon May 20 10:19:21 +0000 2019, Will never happen or if it does it wont be on film. Same with Cersei being strangled by her brothe\ ,"Saukville, WI"
Mon May 20 10:19:21 +0000 2019,What a beautiful day yesterday in Southport including a great dinner at the Provision Company. ,Provision Company
Mon May 20 10:19:20 +0000 2019,"yeah, ion partake in that other activity \ ","Harvest, AL"
Mon May 20 10:19:19 +0000 2019,He can be the future that unites us all.\\n\\n,"Pennsylvania, USA"
Mon May 20 10:19:19 +0000 2019,"All business from here on out.'""","Tempe, AZ"
Mon May 20 10:19:19 +0000 2019,Self-control is driving past Dunkin\ & not stopping even when you\ in dire need of caffeine \,"Apopka, FL"
Mon May 20 10:19:18 +0000 2019," Daily.'""","Pennsylvania, USA"
Mon May 20 10:19:17 +0000 2019,"Forever my greatest love.'""","Corpus Christi, TX"
Mon May 20 10:19:17 +0000 2019,I love it more when the \ one is So Over It. ,"Makakilo, HI"
Mon May 20 10:19:16 +0000 2019,"  END the brutal occupation first and Free Palestine...'""","North Druid Hills, GA"
Mon May 20 10:19:15 +0000 2019,  I love Hannahs go \ yourself look \,"Anthem, AZ"
Mon May 20 10:19:15 +0000 2019,  I\ leaning to Ms Warren.\\nShe is a strong woman who is a no nonsense candidate  But..... who\ ,"Marblehead, MA"
Mon May 20 10:19:14 +0000 2019,"It\'s gonna be 90 today and then thunderstorms and a cold front!""'","Washington, DC"
Mon May 20 10:19:13 +0000 2019,"Love the support in person from our fans, but if you can\ get to Mars, check out the broadcast ","Upper St Clair, PA"
Mon May 20 10:19:13 +0000 2019," Same'""","Severn, MD"
Mon May 20 10:19:13 +0000 2019,"Register believes that he believes that the suspect is still in the area.'""","Auburn, AL"
Mon May 20 10:19:12 +0000 2019, Glow in the dark.  So I could use it for a flashlight at night. \,"West Virginia, USA"
Mon May 20 10:19:12 +0000 2019," Congratulations!!!'""","New Jersey, USA"
Mon May 20 10:19:11 +0000 2019," How warm we talking?  70? 75?'""","Portland, ME"
Mon May 20 10:19:10 +0000 2019,"When I had long hair... @ San Francisco, California ","San Francisco, CA"
Mon May 20 10:19:09 +0000 2019,Que asco hp \ ,"Newark, NJ"
Mon May 20 10:19:06 +0000 2019," It\ coming! Give me two years. What Kinda food you have in mind food with no meat or just health period?'""","Georgia, USA"
Mon May 20 10:19:05 +0000 2019,"Join the CVS Health team! See our latest job opening here:  #Retail #Newburgh, NY'""","Gardnertown, NY"
Mon May 20 10:19:04 +0000 2019,threatening. He manipulated Tyrion (who needs to see good in people) that he\ actually good. Heck maybe he even wa\ ,"Escondido, CA"
Mon May 20 10:19:04 +0000 2019,"of King\ Landing and let it happen both to give John an excuse to kill Dany, but also to destroy the existing powe\ ","Escondido, CA"
Mon May 20 10:19:03 +0000 2019,thousands at Winterfell. He got rid of two dragons. He manipulated John Snow with proof of his ancestry then exiled\ ,"Escondido, CA"
Mon May 20 10:19:03 +0000 2019,     Happy Monday! I hope you and your families had a\ ,"Pennsylvania, USA"
Mon May 20 10:19:03 +0000 2019, Yanks took 2 outta 3 and moved into first place over the weekend!!  \,"Queens, NY"
Mon May 20 10:19:03 +0000 2019,Bran actually planned and manipulated this whole thing. He forced Hodor to die to protect him. His frustrating sile\ ,"Escondido, CA"
Mon May 20 10:19:02 +0000 2019,Everyone loves a #bitcoin!  ,"Seattle, WA"
Mon May 20 10:19:02 +0000 2019,Update 3:17 AM\\nFound my keys after an hour of looking for them\\nWasn\ trying to get a parking ticket for having my\ ,"Watsonville, CA"
Mon May 20 10:19:01 +0000 2019,The CCC ( has voted to approve a pilot program for social consumption establishments where cannabis cu\ ,"Worcester, MA"
Mon May 20 10:19:00 +0000 2019,Justin will be replaced - people within his district is ashamed of him ,"Florence, SC"
Mon May 20 10:19:00 +0000 2019,Watching the sunrise over happy lil farms makes this tragically long and early commute always worth it \,"Florida, USA"
Mon May 20 10:19:00 +0000 2019," To you and all  players and fan world wide'""","Highland, NY"
Mon May 20 10:19:00 +0000 2019,"See our latest Portland, OR job and click to apply: Recruiter -  #WorkwithFlux #Recruiting'""","Portland, OR"
Mon May 20 10:18:59 +0000 2019,"Let\'s be clear about something :  ,  , or this proposed project aren\'t supposed to happen\ ","Baltimore, MD"
Mon May 20 10:18:58 +0000 2019,"   Exactly. All I\ saying is if you scratch their eyes out, they can\ say th\ ","San Marcos, TX"
Mon May 20 10:18:58 +0000 2019,Bro my bestfriend returns tomorrow and then Friday I\ reunited w three of my best friends and my family in Austin \,"Laredo, TX"
Mon May 20 10:18:58 +0000 2019,"Ask The Experts: Cleaning, Sanitation, and Sterilization ","Delaware, OH"
Mon May 20 10:18:58 +0000 2019," Squatter\\nIndeed'""","Grosse Pointe Woods, MI"
Mon May 20 10:18:57 +0000 2019,"    Spooon! Done!'""","Springfield, IL"
Mon May 20 10:18:57 +0000 2019,"Be quiet world, I still have 3 episodes of  #GoT to catch up on \","Miami, FL"
Mon May 20 10:18:56 +0000 2019,"  I can do better im willing to go on a date and see if she can convince me tho'""","West Palm Beach, FL"
Mon May 20 10:18:55 +0000 2019,"I need to go to vs to get me some more sets'""","Dania Beach, FL"
Mon May 20 10:18:55 +0000 2019,What a shame that the most PREVENTABLE of all cancers has become the number one #cancer killer (in non smokers). Th\ ,"Pittsburgh, PA"
Mon May 20 10:18:55 +0000 2019,"Smart guy.  Going for financial independence. \ @ Logan County, West Virginia ","West Virginia, USA"
Mon May 20 10:18:55 +0000 2019," Good, get well soon\","Columbus, OH"
Mon May 20 10:18:55 +0000 2019,I Wanted Ronald Reagan. India Kept Electing Bernie Sanders. ,"Louisiana, USA"
Mon May 20 10:18:54 +0000 2019,"Adam you are my number one creations the moon the stars and universe all I sent it to you'""","Washington, DC"
Mon May 20 10:18:54 +0000 2019," is still my all time favorite DJ, like forever, he\ the fucking best \","Big Bear City, CA"
Mon May 20 10:18:54 +0000 2019,  Hell yeah. Now go get yours. Well done! ,"Severn, MD"
Mon May 20 10:18:54 +0000 2019,"   She tryna say we burning lmao who is this lame'""","Detroit, MI"
Mon May 20 10:18:54 +0000 2019,"  Thank you!'""","Pennsylvania, USA"
Mon May 20 10:18:53 +0000 2019,"Yo la veo que ella( ) se esta haciendo la Vistima, se hace la vistima.. VIS-TI-MA #FueraJOH ","Shenandoah, TX"
Mon May 20 10:18:53 +0000 2019,What A COMPLETE TOOL!!  ,"Rockwood, VA"
Mon May 20 10:18:53 +0000 2019," Photo on the right appears better'""","Cincinnati, OH"
Mon May 20 10:18:53 +0000 2019,"everyone send me pictures of your dogs please.. thanks in advance'""","Las Vegas, NV"
Mon May 20 10:18:53 +0000 2019, Thank you for calling Trump out !!! Americans are tired of his BS!!!! We need action!!! Trump thinks\ ,"Rochester, NH"
Mon May 20 10:18:53 +0000 2019,Saying your proud to work for Bernie upsets neolibs because they have 0 candidates to be proud of. \ ,"Dana, NC"
Mon May 20 10:18:53 +0000 2019,"Ignoring and discounting Black voters, underestimating the damage Fox News intentionally inflicted on our communiti\ ","Washington, DC"
Mon May 20 10:18:52 +0000 2019,Congrats to MMUs /Tuscarora Senior/Chesapeake commit Justin Acal   for making the 2019 MSABC West Squad\ ,"Lansdowne, VA"
Mon May 20 10:18:51 +0000 2019,Breaking bread and choppin it up with my brother.  Follow him  ,"Bridgeport, CT"
Mon May 20 10:18:51 +0000 2019,Praise and Proceed. Do you want to see God? Pursue what only He can give you: a pure heart. MATTHEW 5:8 #WeOutHere\ ,"Reynoldsburg, OH"
Mon May 20 10:18:50 +0000 2019, I genuinely think Bran is a great pick for a ruler. Besides he\ got the built in throne which is co\ ,"Brooklyn, NY"
Mon May 20 10:18:49 +0000 2019,Single & Not Tryna Mingle \,"Mississippi, USA"
Mon May 20 10:18:48 +0000 2019,My goal next year with my bestie Vanessa and my Daughter. Also other armys in my town. Lol i know a few ,"Miami, FL"
Mon May 20 10:18:48 +0000 2019,Good morning DC!  Ready for another full day with fellow CPAs from around the country. #AICPAGC19   ,"JW Marriott Washington, DC"
Mon May 20 10:18:48 +0000 2019," I wonder, there are so many states now it\ a bit overwhelming. You\ have to fly over, no road tripping.'""","Anchorage, AK"
Mon May 20 10:18:48 +0000 2019,Manhunt for man suspected of shooting several Auburn police officers\\n,"Tampa, FL"
Mon May 20 10:18:47 +0000 2019,"You still learning how to walk!'""","Los Angeles, CA"
Mon May 20 10:18:47 +0000 2019,Mickey Callaway and  need to meet up and discuss the effort and play by Cano. This is embarrassing. Why the h\ ,"Union City, NJ"
Mon May 20 10:18:45 +0000 2019,"To who said hi to me at the cosmi meadow can you @ me please \ sorry it was hard to recognize you'""","Paradise, NV"
Mon May 20 10:18:44 +0000 2019,"Stay safe, friends! ","Bixby, OK"
Mon May 20 10:18:44 +0000 2019,EVIL has MURDERED another one of our Brave Heroes. An Auburn Al PD was shot & killed by EVIL wearing body armor & a\ ,"Selma, AL"
Mon May 20 10:18:44 +0000 2019,"Game of Thrones ended like all escapist fantasy entertainment should, with discussions of infrastructure week in an imaginary world.'""","Decatur, GA"
Mon May 20 10:18:44 +0000 2019," Una calamidad tras otra que lamentable'""","Doral, FL"
Mon May 20 10:18:44 +0000 2019,"'#BERNIE_SANDERS was quite a fan of the old #SOVIET_UNION,  You might even say he ""#COLLUDED"" with them, and\ ","Olathe, KS"
Mon May 20 10:18:44 +0000 2019,#GameofThrones spoiler...\\n*\\n\\n\ #Daenerys\ destroy Westeros with this song playing in the background\,"Jeffersonville, IN"
Mon May 20 10:18:43 +0000 2019,Me and my roommate were supposed to do face masks today but I lost the face mask \,"San Diego, CA"
Mon May 20 10:18:43 +0000 2019,Ooohhh crap! ,"Tulsa, OK"
Mon May 20 10:18:42 +0000 2019,"  THAT exciting???'""","Pembroke Pines, FL"
Mon May 20 10:18:41 +0000 2019,  Canceled morning flight to stay with family today during storms. Should we be clear severe st\ ,"Oklahoma, USA"
Mon May 20 10:18:41 +0000 2019,"It seems like god making me pay for all the things I did'""","Tyler, TX"
Mon May 20 10:18:40 +0000 2019," Morning Shera   HAGM&W WILDMAN'""","Alton, IL"
Mon May 20 10:18:40 +0000 2019," And then everybody clapped'""","North Carolina, USA"
Mon May 20 10:18:39 +0000 2019," It\ because our heads are in the clouds, our heads are in the clouds!!'""","Manhattan, NY"
Mon May 20 10:18:39 +0000 2019, So y\'all didn\'t see her spinning that spear like that girl used to beat her ass with? Or how she crep\ ,"Florida, USA"
Mon May 20 10:18:39 +0000 2019,"Damn his ex so press to keep liking his shit & commenting like damn girl. Let the nigga move on in peace'""","Camp Springs, MD"
Mon May 20 10:18:38 +0000 2019,#truth #Mondaymotivation #quotesilove #crossfit #5amWorkout #earlymorningcrew @ CrossFit 377 ,"New Jersey, USA"
Mon May 20 10:18:38 +0000 2019,I like my men all different types of complexions PERIOD POOH\,"Alexandria, MN"
Mon May 20 10:18:38 +0000 2019,I liked it. A decent end to one of my favorites how\ now I\ ready for #windsofwinter to be released. I\ be\ ,"Connecticut, USA"
Mon May 20 10:18:38 +0000 2019,"Miracle Tele\ mobile app is available on Andriod and IOS devices,  Clients can go to Google Playstore or IOS marke\ ",United States
Mon May 20 10:18:37 +0000 2019,Game of Thrones ended Season 6. The finale was Cersei blowing up the Sept and I\ just going to convince myself tha\ ,"Walpole, MA"
Mon May 20 10:18:37 +0000 2019,"  We must.'""","Southside, FL"
Mon May 20 10:18:36 +0000 2019,Yes yes yes ,"Ohio, USA"
Mon May 20 10:18:35 +0000 2019, My sort of fur babies ,"Northampton, MA"
Mon May 20 10:18:35 +0000 2019,"Damn just out here thinking about how heartbroken I was a few months ago and how fast time flies'""","El Paso, TX"
Mon May 20 10:18:34 +0000 2019,Just thinking. I hate I have to go to work and can\ have a conversation about #GameOfTrones . I\ the only person\ ,"Indianapolis, IN"
Mon May 20 10:18:33 +0000 2019,Corporate welfare is not new. Capitalism can not thrive without corporate welfare. Laissez Faire Capitalism is a co\ ,"St Louis, MO"
Mon May 20 10:18:33 +0000 2019,  Indeed it is. \,"Murrells Inlet, SC"
Mon May 20 10:18:33 +0000 2019,"  Damn. What she have 50'""","Forestville, MD"
Mon May 20 10:18:33 +0000 2019," You and me both'""","Mississippi, USA"
Mon May 20 10:18:32 +0000 2019,"'While China has more than 420k electric buses, ""Of the\ 5,700 municipal buses in New York, just 10 are fully\ ","Manhattan, NY"
Mon May 20 10:18:32 +0000 2019,All of these things would make me feel better if  and  were making hay with them\\n\\nThe\ ,"Gilbert, AZ"
Mon May 20 10:18:32 +0000 2019," Because you are!'""","Dallas, TX"
Mon May 20 10:18:31 +0000 2019,"current weather in Roseville: overcast clouds, 56\ humidity, wind 10mph, pressure 1008mb'""","Roseville, MI"
Mon May 20 10:18:30 +0000 2019,I\ dead inside ,"Memphis, TN"
Mon May 20 10:18:29 +0000 2019," Some people only in it for the likes \ ORRRR they not even bold they damn self'""","Durham, NC"
Mon May 20 10:18:29 +0000 2019,too high really feel like im floatin or sumn\,"Broadview Heights, OH"
Mon May 20 10:18:28 +0000 2019,Big Congrats to BigMoney35 \ he\ Only a Sophomore...way to go Lukie\ #cancersurvivor\ ,"Pennsylvania, USA"
Mon May 20 10:18:27 +0000 2019,Jesus Stills the storm!\\nMount your offensive this day against all downturn and disappointment.  Rebuke the headwind\ ,"New Jersey, USA"
Mon May 20 10:18:27 +0000 2019,"  #FakeNews Never was a big issue for farmers as only limited exports to Canada and Mexico.'""","Indiana, USA"
Mon May 20 10:18:27 +0000 2019,  Let them know\,"Detroit, MI"
Mon May 20 10:18:26 +0000 2019," DAYUM (you know, damn with a Georgia accent)'""","Kennesaw, GA"
Mon May 20 10:18:26 +0000 2019,"Burnt Hill (Somerset County, ME)  ","Maine, USA"
Mon May 20 10:18:25 +0000 2019,She funny af \ ,"Beachwood, OH"
Mon May 20 10:18:24 +0000 2019, Congrats \,"Chicago, IL"
Mon May 20 10:18:23 +0000 2019,"My first time taking online summer courses. A little nervous about the whole thing. Any tips? #UNCC #SummerCourses'""","Charlotte, NC"
Mon May 20 10:18:23 +0000 2019,How about taking a knee whenever Trump speaks? ,"Los Angeles, CA"
Mon May 20 10:18:23 +0000 2019," Do u think Battle of the Bastards was better that The Long Night?'""","Georgia, USA"
Mon May 20 10:18:23 +0000 2019," Making it rain'""","Winston-Salem, NC"
Mon May 20 10:18:22 +0000 2019,Drogon said: if my mom can\ sit on the iron throne none of you bitches can #drogon #got #wow\,"Albuquerque, NM"
Mon May 20 10:18:21 +0000 2019,"Nadia Rodriquez, bass player for Las F\ from Houston, TX. \\nVisit Nadia on Social Media:\\nFacebook -\ ","Texas, USA"
Mon May 20 10:18:20 +0000 2019,"Happy Monday...#motivation #stayfocused #spiritualgrowth #abetterme @ Port Huron, Michigan ","Port Huron, MI"
Mon May 20 10:18:19 +0000 2019,When you order one of our oil infused combs make sure you also grab the comb oil to go along with it. The oil is ja\ ,"Washington, DC"
Mon May 20 10:18:18 +0000 2019,Pretty sure a lot of people will be seeing these signs today! Looking forward to visiting with everyone this week a\ ,"Boardman, OH"
Mon May 20 10:18:17 +0000 2019,Dat nigga nardwuar b having me laughing like shit\,"Washington, DC"
Mon May 20 10:18:17 +0000 2019," I know Giannis went out and Kawhi got busy. Outplayed him all game and finished them when he was gone.'""","Sandusky, OH"
Mon May 20 10:18:17 +0000 2019, Nope \,"Washington, DC"
Mon May 20 10:18:16 +0000 2019," No. Just this one lol'""","Smyrna, GA"
Mon May 20 10:18:16 +0000 2019,Waiting for the series! ,"Oakland, CA"
Mon May 20 10:18:15 +0000 2019,  Congrats and enjoy the journey!  \,"Queens, NY"
Mon May 20 10:18:15 +0000 2019,Welcome to      from Grosse Pointe Schools. The latest to r\ ,"Rochester Hills, MI"
Mon May 20 10:18:15 +0000 2019,"Kinda pissed Brock Lesnar shows up when I don\ watch'""","Acworth, GA"
Mon May 20 10:18:15 +0000 2019," i am a pisces and i love to you'""","Sacramento, CA"
Mon May 20 10:18:14 +0000 2019,"' I say ""bummer""..\''","Toledo, OH"
Mon May 20 10:18:14 +0000 2019,It\ 6:15 am on a Monday and all 5 folks at this  starting singing along to Blondie\ \ Tide is High\ ,"Parker, SC"
Mon May 20 10:18:14 +0000 2019,"Natalie Alicia Norment 8 4 1982Magickal Name, Magickal Astrology, Magickal Astrology Report ","Chicago, IL"
Mon May 20 10:18:13 +0000 2019,Whole the fuck up! John Snow!  We just killing everyone this last season \ ,"Houston, TX"
Mon May 20 10:18:13 +0000 2019,"6:09am: sunrise\\nsunset will be at 8:21pm'""","Greensboro, NC"
Mon May 20 10:18:13 +0000 2019,Almost 90 in NYC today!!!!!! \ Time to act Up \,"Staten Island, NY"
Mon May 20 10:18:12 +0000 2019, Money missions only. Proud of you G \,"Benwood, WV"
Mon May 20 10:18:12 +0000 2019, He batted .259 in Class AA last year. There\ very little in his resume to indicate he is a  \ hitter.\,"Mount Lebanon, PA"
Mon May 20 10:18:11 +0000 2019,73 now at 6:19 am ,"Cocoa, FL"
Mon May 20 10:18:11 +0000 2019,Yo wtf is going on and being said rn\,"Kellys Korner, WA"
Mon May 20 10:18:11 +0000 2019,"  So for a teacher to carry a gun in school, they must have training, a psychologica\ ","Odenton, MD"
Mon May 20 10:18:11 +0000 2019,"They should have just waited for the next book rather do fan ideas'""","Manhattan, NY"
Mon May 20 10:18:11 +0000 2019," Hey, Sounds good. Please contact our experts for your phone repair. - ","New York, USA"
Mon May 20 10:18:10 +0000 2019,I hate Monday\ and pretty much every day that isn\ Saturday. \,"Ohio, USA"
Mon May 20 10:18:10 +0000 2019,"Aveces la decisi\ m\ valiente que tiene uno puede tomar es saber cuando detener.'""","Cabo Caribe, USA"
Mon May 20 10:18:10 +0000 2019," Looks Great for a Photo taken Over 50 years Ago !'""","Florida, USA"
Mon May 20 10:18:09 +0000 2019,Don\'t Miss It.\\n#giveaway #contest #freeproducts #usa #acekool #accessories #car #music ,United States
Mon May 20 10:18:09 +0000 2019,"    Lol so true !!'""","South Sarasota, FL"
Mon May 20 10:18:09 +0000 2019,Congratulations!  We\ so proud of all of you! #jtlpride ,"Pennsylvania, USA"
Mon May 20 10:18:09 +0000 2019,"AA129 to LGA (@ Gate H6 in Chicago, IL) ","Chicago, IL"
Mon May 20 10:18:08 +0000 2019,"Good morning, Sikkieedooo. Look at those lips. My goodness! \ ","Newington, VA"
Mon May 20 10:18:08 +0000 2019,"If you ain\ tryna make no money stay in bed'""","Detroit, MI"
Mon May 20 10:18:08 +0000 2019,#livingthegodlife @ Our Ellis Farmhouse ,"Marietta, GA"
Mon May 20 10:18:07 +0000 2019," I need to rewatch the originals'""","Smyrna, GA"
Mon May 20 10:18:07 +0000 2019,"Blowing up the Beth Steel Tower is fun to watch, but also an allegory for the US Steel Industry. Defunct steelmaker\ ","Washington, DC"
Mon May 20 10:18:06 +0000 2019,  Yes mama teach the ones who haven\ tasted it. But me and my parents had a test test a\ ,"Georgia, USA"
Mon May 20 10:18:05 +0000 2019,  Esta enfermo tal como ,"San Diego, CA"
Mon May 20 10:18:05 +0000 2019," And there you are, looking hot. So proud of you Mariah. #RevengeBody'""","Batavia, OH"
Mon May 20 10:18:04 +0000 2019,,"Alabama, USA"
Mon May 20 10:18:04 +0000 2019, Good morning Sue \,"Dublin, OH"
Mon May 20 10:18:04 +0000 2019," Girl tv shows and Adam are more reliable anyway \ #menaretrashleavethecity #MATLTC'""","Pearland, TX"
Mon May 20 10:18:03 +0000 2019,"  RIP'""","Netcong, NJ"
Mon May 20 10:18:03 +0000 2019,  Michael is the worst \,"Columbus, OH"
Mon May 20 10:18:02 +0000 2019," *(high)'""","Ohio, USA"
Mon May 20 10:18:01 +0000 2019, RT Matthew 10:28 Souls Liberated Genesis 12:1 - 3 Germans and HWHY Children to Torment Not a Good I\ ,"Whittier, CA"
Mon May 20 10:18:01 +0000 2019,Great way to start the week. Seeing someone do something really nice for someone else.  supervisor helping an\ ,"Ballston-Virginia Square, Arlington"
Mon May 20 10:18:01 +0000 2019,Deactivate the \ they keep pushing! Acknowledge the negative SELF-talk that agrees with their misperception\ ,"Greensboro, NC"
Mon May 20 10:17:59 +0000 2019,"Day 15 #Ramadan 2019'""","El Paso, TX"
Mon May 20 10:17:58 +0000 2019,But foreal tho... niggas be out here fertile as fuck and I just can\ take those chances. So. \ ,"Las Vegas, NV"
Mon May 20 10:17:58 +0000 2019," Have a safe flight!'""","Cleveland, OH"
Mon May 20 10:17:58 +0000 2019,"  Meg & kash doll *'""","Laguna, CA"
Mon May 20 10:17:58 +0000 2019," Obviously.'""","Pennsylvania, USA"
Mon May 20 10:17:57 +0000 2019,Good morning / Buenos d\ #megaatlantaradio #buenosdias #goodmorning #morningvibes #musicvibes #music #musica\ ,"Norcross, GA"
Mon May 20 10:17:57 +0000 2019,Buttigieg is spot on. People at Fox are liars and do this ratings.\\n\\n,"Rocky River, OH"
Mon May 20 10:17:57 +0000 2019,Paying it forward. We need more. ,"Cary, NC"
Mon May 20 10:17:57 +0000 2019," That is the reason Sen Claire McCaskill, MO did not vote for him.....(among others...)'""","Missouri, USA"
Mon May 20 10:17:56 +0000 2019,"Took My Last 30 Shams Bought A Gram & Got Back In It'""","Texas, USA"
Mon May 20 10:17:56 +0000 2019,"Take it to the headdddddd'""","Georgia, USA"
Mon May 20 10:17:56 +0000 2019,"See our latest #Rockville, VA job and click to apply: S&F Technical Team Ld -  #Engineering'""","Virginia, USA"
Mon May 20 10:17:55 +0000 2019, \ \ ,"Mason, OH"
Mon May 20 10:17:54 +0000 2019,"Shandria and I were so close back in our RH days and then she moved away \ through everything, we have kept\ ","Virginia, USA"
Mon May 20 10:17:54 +0000 2019,Accident in #Joelton on I 24 EB before Whites Crk Pike #Nashville #traffic ,"Tennessee, USA"
Mon May 20 10:17:54 +0000 2019," :)'""","Lake St Louis, MO"
Mon May 20 10:17:53 +0000 2019, Make that mulaaa boy\,"Oildale, CA"
Mon May 20 10:17:52 +0000 2019,"ummm why am I awake'""","Oxnard, CA"
Mon May 20 10:17:52 +0000 2019," Jajajajajaja totalmente'""","Pembroke Pines, FL"
Mon May 20 10:17:51 +0000 2019,(The #ROC  chapter)... channeled its message through a creation of a mural on Genesee street in Rocheste\ ,"Pittsford, NY"
Mon May 20 10:17:51 +0000 2019,"   Lol! Just grooving and rapping to those facts!! Love you sister!'""","Ohio, USA"
Mon May 20 10:17:50 +0000 2019,"Weirdo #Mani sleepy kitten \ @ Hawaiian Beaches, Hawaii ","Hawaii, USA"
Mon May 20 10:17:50 +0000 2019,"Up so early for work, ahh where\ the coffee \","Corpus Christi, TX"
Mon May 20 10:17:49 +0000 2019,"I\ Rey just go to the sto\ I\ so hungry'""","Los Angeles, CA"
Mon May 20 10:17:49 +0000 2019,Psyched to see my colleagues in CA this week!     ,"Virginia, USA"
Mon May 20 10:17:49 +0000 2019," This is a major story, dwarfed by the presidential campaign circus.'""","Brooklyn, NY"
Mon May 20 10:17:48 +0000 2019,Was playing around with Logic over the weekend it was my first time using the DAW but had a little fun recorded thi\ ,"Pikesville, MD"
Mon May 20 10:17:47 +0000 2019,"Apres soufrans se delivrans'""","Dania Beach, FL"
Mon May 20 10:17:47 +0000 2019,"  Obstruction of Justice'""","Pennsylvania, USA"
Mon May 20 10:17:47 +0000 2019," It\'s better""'","Linton Hall, VA"
Mon May 20 10:17:47 +0000 2019,3 Floyds Dark Lord Day Wows  via ,"Delaware, OH"
Mon May 20 10:17:46 +0000 2019,One of my must visits while in D.C. \ I hope to get a little running \ in this week #MLK #tucson ,"Washington, DC"
Mon May 20 10:17:46 +0000 2019," Been up since 11 pm.. I\ crashing first then I\ find mine lmao'""","Massachusetts, USA"
Mon May 20 10:17:45 +0000 2019,"   What little was left in the Oui yogurt jar. She gave it her all.'""","San Jose, CA"
Mon May 20 10:17:44 +0000 2019,My mom really referred to Meagan Good as the girl with the cute chin and I knew exactly who she was talking about...her chin is adorable \,"Metairie, LA"
Mon May 20 10:17:44 +0000 2019,  We we\ playing it but that was  massive dominion collection. Makes for so\ ,"Waynesboro, VA"
Mon May 20 10:17:44 +0000 2019," Wentworth is hands down one of the BEST shows in Netflix'""","Massachusetts, USA"
Mon May 20 10:17:44 +0000 2019, \ \ \ \ \ \ \ \ \ \ \ \ \ \ \ \ \ \ \ \ \ ,"Boston, MA"
Mon May 20 10:17:44 +0000 2019,"  A great book!'""","Lake St Louis, MO"
Mon May 20 10:17:44 +0000 2019,I\'m this old and still don\'t know how to play this fuggery ,"Orlando, FL"
Mon May 20 10:17:43 +0000 2019,"'Chief Register said ""It\\\'s probably the worst day of my time here.""\''","Auburn, AL"
Mon May 20 10:17:43 +0000 2019,Forever Guh \ ,"Glenwood, IL"
Mon May 20 10:17:43 +0000 2019,"Love is patient, kind, never jealous, boastful, proud, or rude. Love isn\'t selfish or quick tempered. It doesn\'t ke\ ","Harrison, TN"
Mon May 20 10:17:42 +0000 2019,"Agreed!  Young people can move a lot further along in all ways, including academics, when they respect and maintain\ ","Queens, NY"
Mon May 20 10:17:41 +0000 2019,"Furcons could definitely use more Trance in their dances.'""","Reno, NV"
Mon May 20 10:17:41 +0000 2019,The ruler of Westeros doesn\ need to have the best storyline or the most kills or have gone through the most traum\ ,"Brooklyn, NY"
Mon May 20 10:17:41 +0000 2019,"Just realized I haven\'t opened by Spotify app since Ramadan started""'","Sugar Land, TX"
Mon May 20 10:17:41 +0000 2019,"whooo is awake fuck, why is the answer me'""","Paradise, NV"
Mon May 20 10:17:41 +0000 2019,Honestly. Truly. ,"Forest Heights, MD"
Mon May 20 10:17:40 +0000 2019,  \,"Manhattan, NY"
Mon May 20 10:17:38 +0000 2019,"How can anyone who supports the death penalty call themselves pro-life?!'""","Dallas, TX"
Mon May 20 10:17:38 +0000 2019,"near bsgstblender: 5d38f131-9d33-47c7-b2db-d5b4143cffba'""","Pittsburgh, PA"
Mon May 20 10:17:37 +0000 2019,"Made it through the night ..'""","Marietta, GA"
Mon May 20 10:17:37 +0000 2019,"  Probably would\ been a better ending'""","Municipality of Monroeville, PA"
Mon May 20 10:17:37 +0000 2019," Absolutely FANTASTIC show. Finale was the best episode of the whole series so far'""","Novi, MI"
Mon May 20 10:17:37 +0000 2019," Jon had two of his loves die in his arms, he\ just done.'""","Deptford, NJ"
Mon May 20 10:17:36 +0000 2019,Getting a sufficient amount of sleep is the best pre-workout and it\ one of the best ways to recover from a workou\ ,"El Paso, TX"
Mon May 20 10:17:36 +0000 2019,"#newportmansions\\n#newportrhodeisland\\n#bellevuenewport\\n#newengland\\n#eastcoast @ The Elms (Newport, Rhode Island) ","Newport, RI"
Mon May 20 10:17:35 +0000 2019,USED TO??!? Biiiiii you\ STILL fine wym \ ,"San Antonio, TX"
Mon May 20 10:17:35 +0000 2019,  Good morning Morven. You and me both \,"Murrells Inlet, SC"
Mon May 20 10:17:35 +0000 2019," The Cleveland Browns saga 2019'""","Los Angeles, CA"
Mon May 20 10:17:35 +0000 2019,"  Angel: Hell yes.\\nBuffy: Hell no.'""","McCandless, PA"
Mon May 20 10:17:34 +0000 2019,Tell them ,"South Apopka, FL"
Mon May 20 10:17:34 +0000 2019,"My Monday\ feel like Friday\ That\ how much I enjoy my life, and my job'""","Greensboro, NC"
Mon May 20 10:17:33 +0000 2019,And* ,"Homewood, IL"
Mon May 20 10:17:32 +0000 2019,"Sorry your dragon show ended stupidily, yinz.'""","Penn Hills, PA"
Mon May 20 10:17:32 +0000 2019, Love this thread \,"Brooklyn, NY"
Mon May 20 10:17:30 +0000 2019,Incident on #NJ42 NB from Exit 10A - NJ 168/Black Horse Pike to I-295 ,"Blackwood, NJ"
Mon May 20 10:17:30 +0000 2019,Good morning tweeties \,"South Carolina, USA"
Mon May 20 10:17:29 +0000 2019,Construction on #US40 EB from New Jersey Turnpike/I-295 to East of NJ 48 ,"Carneys Point, NJ"
Mon May 20 10:17:29 +0000 2019,"Cleared: Construction on #GardenStateParkway NB from South of Exit 145 - I-280 to North of Exit 148 - John F Kennedy Dr North'""","East Orange, NJ"
Mon May 20 10:17:29 +0000 2019,"Single life boring'""","Durham, NC"
Mon May 20 10:17:29 +0000 2019,"In the end, it\ all about your Uncle. ","Greensboro, NC"
Mon May 20 10:17:28 +0000 2019,"   Est\ gente no se mide en violencia, insultos y toda clase de agresividad igual que correa..'""","Lyndhurst, NJ"
Mon May 20 10:17:28 +0000 2019,So did the others know remaining independent was an option before they said \ #GamesOfThronesFinale\ ,"Gloucester, MA"
Mon May 20 10:17:28 +0000 2019,"GOOD MONDAY MORNING .. I give them eternal life, and they shall never perish; no one will snatch them out of my han\ ","Mechanicsville, VA"
Mon May 20 10:17:27 +0000 2019,  The Deutsche Bank guy who supports illegal transactions had got to be the loneliest\ ,"North Bergen, NJ"
Mon May 20 10:17:27 +0000 2019,"  Yes!!!'""","Manhattan, NY"
Mon May 20 10:17:27 +0000 2019,i killed it idk ,"Roanoke, VA"
Mon May 20 10:17:26 +0000 2019,"Join the CROSSMARK team! See our latest job opening here:  #Mabscott, WV #Merchandiser'""","Mabscott, WV"
Mon May 20 10:17:26 +0000 2019," so are you'""","Daleville, AL"
Mon May 20 10:17:26 +0000 2019," What time should you get back home? xx'""","Philadelphia, PA"
Mon May 20 10:17:25 +0000 2019, This has to be agonizing. He knows you.. he will come home. \,"Indianapolis, IN"
Mon May 20 10:17:24 +0000 2019,"  Spoiler alert.'""","North Port, FL"
Mon May 20 10:17:24 +0000 2019,"Today is definitely gonna be a long day'""","Philadelphia, PA"
Mon May 20 10:17:22 +0000 2019,Wow... ,"Cleveland, OH"
Mon May 20 10:17:22 +0000 2019,"Might be moving back to Cali this summer. About damn tired of Mississippi.'""","Mississippi, USA"
Mon May 20 10:17:22 +0000 2019,Ain\ had to make a play in 3 months \,"Rome, GA"
Mon May 20 10:17:22 +0000 2019," No :('""","Nevada, USA"
Mon May 20 10:17:21 +0000 2019,"  Still enjoying the moment, so he spoke in present tense about a past event.  Athens Rocks!  \","Florida, USA"
Mon May 20 10:17:21 +0000 2019,The legend of the Warriors dynasty grows. I\ taking the Golden State Warriors to go all the way in the\ ,"Georgia, USA"
Mon May 20 10:17:21 +0000 2019," Gunna get a lot worse. Wait until July and August....Yikes'""","Jefferson City, MO"
Mon May 20 10:17:21 +0000 2019,I was boutta stay down here another 3 days til I just looked at the weather\,"Atlanta, GA"
Mon May 20 10:17:21 +0000 2019,They even have a DJ for us to pysch us up even more for #atd2019 #thanksATD #oprah #thanksuniverse\ ,"Washington, DC"
Mon May 20 10:17:21 +0000 2019, I\ sorry. I shoulda handled things different I was frustrated.  I really care about you and was just\ ,"Farmington, AR"
Mon May 20 10:17:20 +0000 2019,"'Behind the scenes. The making of the music video ""In Da VIP"" click link to see official video\ ","Queens, NY"
Mon May 20 10:17:20 +0000 2019," Alejandro, you were MY winner and I\ a country music fan. You aren\ flashy and don\ wear fancy t\ ","South Carolina, USA"
Mon May 20 10:17:19 +0000 2019," I don\ know how leftist they are, but  is my favorite channel, hands down.'""","Kennesaw, GA"
Mon May 20 10:17:19 +0000 2019,Yooooo lol.    \ ,"Florida, USA"
Mon May 20 10:17:19 +0000 2019," Ha ha ha lol lol I laugh at her face'""","Hampstead, NH"
Mon May 20 10:17:17 +0000 2019,These are very nice! #MadsGoodBoy ,"Levittown, PA"
Mon May 20 10:17:17 +0000 2019, i would order teriyaki chicken w/ no teriyaki sauce all the time when i was little \,"New Braunfels, TX"
Mon May 20 10:17:16 +0000 2019,This thread \ ,"Chicago, IL"
Mon May 20 10:17:15 +0000 2019,The  says there will no longer be a print edition six days a week. In a letter to subscribers the pu\ ,"Little Rock, AR"
Mon May 20 10:17:15 +0000 2019,Oh okay yeah sure ! Like we don\ know that\ Groot ,"Dania Beach, FL"
Mon May 20 10:17:15 +0000 2019," Was a clear setup for a spinoff where he becomes a private eye I thought.'""","Brooklyn, NY"
Mon May 20 10:17:14 +0000 2019,Traitor...\ ,"Trotwood, OH"
Mon May 20 10:17:14 +0000 2019,"I\ up'""","Marietta, GA"
Mon May 20 10:17:14 +0000 2019,"......'""","Georgia, USA"
Mon May 20 10:17:14 +0000 2019,Im up rn like if i don\ gotta wake up in 4hrs \,"Concord, CA"
Mon May 20 10:17:13 +0000 2019,"It must be destiny for me to go to work today. I catch every green light'""","South Carolina, USA"
Mon May 20 10:17:13 +0000 2019," Christine, congrats on ur anniversary! You are a consummate pro!'""","Phoenix, AZ"
Mon May 20 10:17:13 +0000 2019,       You still did amazing \,"Derby, CT"
Mon May 20 10:17:13 +0000 2019,For now \ ,"Ohio, USA"
Mon May 20 10:17:12 +0000 2019,"New view, new inspirations. Crazy  Abloh \ ","San Antonio, TX"
Mon May 20 10:17:12 +0000 2019, \ ,"Río Grande, USA"
Mon May 20 10:17:12 +0000 2019,Motivation Monday! 1 Positive Thing Can Change Whole Day. Say Something Positive To Someone Today. #shaunalaneteam\ ,"Chesapeake, VA"
Mon May 20 10:17:11 +0000 2019,"If you\'re looking for work in Santa Fe Springs, CA, check out this job:  #3PL #logistics""'","Santa Fe Springs, CA"
Mon May 20 10:17:11 +0000 2019,Coach John Bower & one of his 10U fastpitch players after a game. Still coaching & she\ smiling.  #1stwin\ ,"Lakewood, OH"
Mon May 20 10:17:10 +0000 2019,#ImmigrationReform #Trump2020 ,"North Branford, CT"
Mon May 20 10:17:10 +0000 2019,"I am so tired. I\'m glad I\'m done with 12 hour shifts this week. I have a small 4 hour one tonight, then I\'m off for a week""'","Texas, USA"
Mon May 20 10:17:09 +0000 2019,Dismissing the idea that EVs will save us w/in the 10-yr climate crisis timeline always starts a fight. Don\'t care.\ ,"Atlanta, GA"
Mon May 20 10:17:09 +0000 2019,"Working on my favorite superhero #starfire!! @ Huntington Beach, California ","Huntington Beach, CA"
Mon May 20 10:17:08 +0000 2019,Can\ think of a better tweet to start my morning. ,LPGA Headquarters
Mon May 20 10:17:08 +0000 2019,The #Raptors were victorious in double overtime against the #Bucks in game three of the NBA Eastern Conference Fina\ ,"Manhattan, NY"
Mon May 20 10:17:07 +0000 2019,"It\ a fill it all the way up kind of Monday! @ Lancaster County, Pennsylvania ","Pennsylvania, USA"
Mon May 20 10:17:07 +0000 2019," Not even close'""","New York, NY"
Mon May 20 10:17:07 +0000 2019," I\ sad that it is over..,'""","Lake St Louis, MO"
Mon May 20 10:17:07 +0000 2019," It\ been done before. If you don\ believe it, ask what Bush and Cheney did at the United Nations to get us in a war with Iraq.'""","Cherry Hill, VA"
Mon May 20 10:17:06 +0000 2019," Are you here Will?'""","Washington, DC"
Mon May 20 10:17:06 +0000 2019,"Man Dies in Deputy-Involved Shooting in Randolph County  via  #Get2It'""","Greensboro, NC"
Mon May 20 10:17:06 +0000 2019,Win Tickets to Hammer\'s House Party ,"Chicago, IL"
Mon May 20 10:17:05 +0000 2019,"ROBINSON CANO IS A BUST, LITERALLY A CANCER TO THIS METS TEAM ","North Bergen, NJ"
Mon May 20 10:17:05 +0000 2019,I\ not the type of person to talk to before 7am \,"Georgetown, KY"
Mon May 20 10:17:04 +0000 2019,I\ the other person \ ,"Georgia, USA"
Mon May 20 10:17:04 +0000 2019," That stage win was huge ....'""","Winston-Salem, NC"
Mon May 20 10:17:04 +0000 2019,I\ just up \,"Glenwood, IL"
Mon May 20 10:17:03 +0000 2019,"MED - MEDICAL at 10300 BLOCK OF NE HANCOCK ST, PORTLAND, OR [Portland Fire #RP19000042135] 02:12 #pdx911'""","Portland, OR"
Mon May 20 10:17:02 +0000 2019,"UNWANTED PERSON at 5000 BLOCK OF NE 101ST AVE, PORTLAND, OR [Portland Police #PP19000164769] 03:07 #pdx911'""","Portland, OR"
Mon May 20 10:17:02 +0000 2019,"USGS reports a M0.99 #earthquake 27km ENE of Coso Junction, CA on 5/20/19 @ 10:13:06 UTC  #quake'""","California, USA"
Mon May 20 10:17:01 +0000 2019,"You tell me that im confusing, more immature than Marques Houston'""","Bronx, NY"
Mon May 20 10:17:00 +0000 2019,Good Morning \,"Brooklyn, NY"
Mon May 20 10:17:00 +0000 2019,Er ,"Nebraska, USA"
Mon May 20 10:16:58 +0000 2019," you are so correct, every is talking about what an HBCU is now, #HBCUFacts #DearOldMorehouse\ ","Washington, DC"
Mon May 20 10:16:57 +0000 2019," I\ writing in Boy Meets World'""","South Carolina, USA"
Mon May 20 10:16:57 +0000 2019,Good morning \ ,"Wellington, FL"
Mon May 20 10:16:57 +0000 2019,"  I think it\'s the dad package that comes with it... no one wants to deal with it""'","Roselle, IL"
Mon May 20 10:16:57 +0000 2019,"I live vicariously through people eating pinkberry with all the fixins at 6:16 am'""","Moon, PA"
Mon May 20 10:16:57 +0000 2019,Lmaooooo this is true ,"San Antonio, TX"
Mon May 20 10:16:56 +0000 2019," Zip?'""","Washington, DC"
Mon May 20 10:16:56 +0000 2019,"       Thank you!!'""","Derby, CT"
Mon May 20 10:16:56 +0000 2019,#WeAre ,"Pennsylvania, USA"
Mon May 20 10:16:56 +0000 2019,"  You welcome, romance is always good'""","Columbus, OH"
Mon May 20 10:16:55 +0000 2019,#latepost .. Lets go docta_trey .. we was cheering you on... #shoutout the  blake family .. love u guys...\ ,"Las Vegas, NV"
Mon May 20 10:16:55 +0000 2019,To God be the glory!!\\n\\n\,"Georgia, USA"
Mon May 20 10:16:55 +0000 2019,Tom Cotton looks terrible! ,"Westbrook Center, CT"
Mon May 20 10:16:54 +0000 2019,#SportForGood we \  ! ,"Newton, MA"
Mon May 20 10:16:54 +0000 2019,Your set is going WILD! Wish I was actually there tho \  ,"Laguna, CA"
Mon May 20 10:16:54 +0000 2019,"Can you recommend anyone for this job in #Taylorsville, UT?  #Hospitality'""","Taylorsville, UT"
Mon May 20 10:16:53 +0000 2019,Monday May 20 - The Washington Post Today\'s Headlines:      States take steps to strengthen environmental regulatio\ ,"Lorain, OH"
Mon May 20 10:16:52 +0000 2019,"My dreams tell me things, I have powers.'""","Ohio, USA"
Mon May 20 10:16:52 +0000 2019,Accident in #Kentwood on 44th St at Kalamazoo Ave #traffic ,"Grand Rapids, MI"
Mon May 20 10:16:52 +0000 2019," This is a poignant work of art.'""","New York, USA"
Mon May 20 10:16:52 +0000 2019,"Si quieres hacer esas cosas, yo estoy ready 24/7 beb\ \","San Juan, USA"
Mon May 20 10:16:51 +0000 2019,Object on roadway in #Westford on Rt 495 SB before EX 32 - Boston Rd #traffic ,"Westford, MA"
Mon May 20 10:16:51 +0000 2019,Daily coffee reminders before I start my day. Notes from  and  speeches last summer\ ,"Laurel Park, NC"
Mon May 20 10:16:51 +0000 2019,Being in a hotel room w my sons toy cars everywhere makes me feel good \,"Doral, FL"
Mon May 20 10:16:51 +0000 2019,"  Today Women all over Alabama Marched ! No MSM didn\ cover it but by god we are coming out Swinging.'""","Gardendale, AL"
Mon May 20 10:16:50 +0000 2019,Repost rsphotolog with make_repost\\n\ want to thank  for utilizing my photo for this advertiseme\ ,"California, USA"
Mon May 20 10:16:50 +0000 2019,  Bendiciones para ti tambi\ \,"Brooklyn, NY"
Mon May 20 10:16:50 +0000 2019,Congrats Brooks!  You\ a True Champion \ ,"Boardman, OH"
Mon May 20 10:16:49 +0000 2019,"Mayor Pete is getting a lot of kudos this morning for his Fox News town hall. But, here\ where it won\ play well: Black America.'""","Washington, DC"
Mon May 20 10:16:48 +0000 2019,Here\'s 15 minutes worth of fireworks in 10 seconds. My second favorite part of #edclasvegas. @ Electric Daisy Carni\ ,"Nevada, USA"
Mon May 20 10:16:47 +0000 2019,"      \\nOh, no. A utility losing power.  Can\'t happen.\ ","Greenfield, WI"
Mon May 20 10:16:47 +0000 2019,Thought this was a  article ,"Philadelphia, PA"
Mon May 20 10:16:46 +0000 2019,This two hour difference always makes me the only one on my tl \,"Fontana, CA"
Mon May 20 10:16:45 +0000 2019," Sounds like a bribe to me...'""","Texas, USA"
Mon May 20 10:16:44 +0000 2019,Visit Our Store to get 15% Discount @  or click at profile. \\nDiscount Code: 15DIS\ ,"California, USA"
Mon May 20 10:16:44 +0000 2019,   Yeah and I hear he now owns 3 winter coats! And 2 pairs of shoes! How\ ,"Dana, NC"
Mon May 20 10:16:44 +0000 2019,"The Nature Conservancy Global Digital Project Manager - 46594 ( Arlington, VA )  #conserva\ #sustentabilidade'""","Arlington, VA"
Mon May 20 10:16:44 +0000 2019,"Feeling good this morning...woke up did some deep breathing & stretches....today shall be a good one'""","Bridgeton, NJ"
Mon May 20 10:16:42 +0000 2019,"Have not been at work all weekend I can only imagine what it look like'""","Brandywine, MD"
Mon May 20 10:16:42 +0000 2019,"Ik heb een geweldige tijd gehad tijdens het eten en het beantwoorden van vragen voor dit interview.  Bedankt, Marti\ ","Elmwood Park, WI"
Mon May 20 10:16:41 +0000 2019,Thank God for another day \,"Georgia, USA"
Mon May 20 10:16:40 +0000 2019,"Rise & Muthafuckin Grind!'""","Chicago, IL"
Mon May 20 10:20:39 +0000 2019,"A small rudder can turn a great ship. A tiny spark can set a forest aflame. May God grant me the grace and mercy, a\ ","North Carolina, USA"
Mon May 20 10:20:39 +0000 2019,"current weather in Midland: overcast clouds, 50\ humidity, wind 9mph, pressure 1007mb'""","Michigan, USA"
Mon May 20 10:20:39 +0000 2019,"Save the roots, save the floors; order a planter box drip tray now\\nMany people are fond of planting kitchen gardens\ ",United States
Mon May 20 10:20:38 +0000 2019," Fastest you got it up to?'""","Cuyahoga Heights, OH"
Mon May 20 10:20:38 +0000 2019,"#GoodMorning (@ The Forbidden Forrest in Hogwarts, VA w/   ","Virginia, USA"
Mon May 20 10:20:38 +0000 2019, It is a balance we have to strike ... it is really hard to focus on positive relationship when you are \ ,"Auburndale, FL"
Mon May 20 10:20:38 +0000 2019,Guess we need to read  \ Range? The best predictors were \ bright people with .. wide ranging interes\ ,"Reading, MA"
Mon May 20 10:20:37 +0000 2019," You\ welcome sweetie \ you\ a true gamer. So nice and sweet too \ keep doing what you\ doing.'""","Charlotte, NC"
Mon May 20 10:20:36 +0000 2019,"They really turned Brienne into Carrie Bradshaw.'""","Philadelphia, PA"
Mon May 20 10:20:35 +0000 2019," Left the paths to spin off shows'""","West Palm Beach, FL"
Mon May 20 10:20:35 +0000 2019,"TEST_GEO_Hierarchy: abb32cd0-b27c-4a44-ba37-9f107be2b038'""","California, USA"
Mon May 20 10:20:35 +0000 2019,"TEST_GEO_Hierarchy: 807c66e1-0755-4812-b121-51b26731f1ed'""","Los Angeles, CA"
Mon May 20 10:20:35 +0000 2019," It\ the cowboy version of a SnapBack homie.'""","Mississippi, USA"
Mon May 20 10:20:35 +0000 2019,"  Can\ hide nothin!'""","Cleveland, OH"
Mon May 20 10:20:34 +0000 2019,I miss you Mac \,"Denver, CO"
Mon May 20 10:20:34 +0000 2019," Yes!'""","Grosse Pointe Woods, MI"
Mon May 20 10:20:34 +0000 2019,"  Congratulations!'""","Pennsylvania, USA"
Mon May 20 10:20:33 +0000 2019,issue the command and I will back up your word and rain down My power to bless and bring you into the sudden glory\ ,"New Jersey, USA"
Mon May 20 10:20:31 +0000 2019, Shut up \,"Birmingham, AL"
Mon May 20 10:20:31 +0000 2019," That is a long day!! Safe travels! \ xx'""","Philadelphia, PA"
Mon May 20 10:20:31 +0000 2019,They say a cruise high will last up to 6 months. Good thing I only have 67 days till I renew my \ High\ but f\ ,"Palm Springs, FL"
Mon May 20 10:20:31 +0000 2019,"I wanna go to sleep but i know as soon as i do I\ not going to get up on time'""","Atlanta, GA"
Mon May 20 10:20:31 +0000 2019,Leave me be. \ ,"Mississippi, USA"
Mon May 20 10:20:30 +0000 2019,"Y\ act like Jon isn\ going further north with the free folk and won\ end up being their king.'""","Kansas, USA"
Mon May 20 10:20:30 +0000 2019,    Because CNN is highly controlled\,"North Druid Hills, GA"
Mon May 20 10:20:30 +0000 2019," U are very sexy'""","Brooklyn, NY"
Mon May 20 10:20:30 +0000 2019,"R.N.C. Accepts Money From Steve Wynn, Mogul Accused of Sexual Misconduct ","Louisiana, USA"
Mon May 20 10:20:30 +0000 2019," Awe yea player'""","Chicago, IL"
Mon May 20 10:20:29 +0000 2019,"current weather in Lincoln Park: overcast clouds, 56\ humidity, wind 10mph, pressure 1008mb'""","Lincoln Park, MI"
Mon May 20 10:20:28 +0000 2019," Good...You deserve it...You look really awesome this morning'""","Florence, KY"
Mon May 20 10:20:27 +0000 2019," Such a great story'""","Boynton Beach, FL"
Mon May 20 10:20:27 +0000 2019,"i never thought i\'d say that i\'m freezing at EDC.""'","Nevada, USA"
Mon May 20 10:20:27 +0000 2019,Lord bless these hands so I can bless others \,"Franklin Park, NJ"
Mon May 20 10:20:27 +0000 2019,"you wasn\ there when I needed you most, now I\ gone \","Indianapolis, IN"
Mon May 20 10:20:26 +0000 2019,"Yooo. EVERYBODY got a fucking OnlyFans. That money about to start spreading thin.'""","Plantation, FL"
Mon May 20 10:20:26 +0000 2019,"They riding thinking idk... lmfao'""","Los Angeles, CA"
Mon May 20 10:20:26 +0000 2019,Dj Ebro said \ can get apartment for $12 in Atlanta \ fuckin cryin \,"Levittown, NY"
Mon May 20 10:20:25 +0000 2019," Star Trek: The Next Generation.'""","Danvers, MA"
Mon May 20 10:20:24 +0000 2019,Tomorrow is Election day In PA. Polls are open from 7am to 8pm.  Do you need a ride or have questions? Call CASA in\ ,"York, PA"
Mon May 20 10:20:24 +0000 2019,Kinda looks like a wheel or ,"Philadelphia, PA"
Mon May 20 10:20:24 +0000 2019," Wait forreal. My phone told me 70.'""","Queens, NY"
Mon May 20 10:20:24 +0000 2019,"More\\nHEdpAY objective is to make the traditional banking market leaner, faster, more efficient and at the same time\ ",United States
Mon May 20 10:20:24 +0000 2019, Not an obligation but the majority goes because they enjoy witnessing this final step and know how much i\ ,"New Hampshire, USA"
Mon May 20 10:20:24 +0000 2019,"Man these dreams.....'""","Massachusetts, USA"
Mon May 20 10:20:23 +0000 2019,Clipppppp\ ,"Bronx, NY"
Mon May 20 10:20:22 +0000 2019,"  Plz I wnana see'""","Charlotte, NC"
Mon May 20 10:20:22 +0000 2019, Math is math! ,"Jersey City, NJ"
Mon May 20 10:20:22 +0000 2019,There ya go. \ ,"Manhattan, NY"
Mon May 20 10:20:21 +0000 2019,Good morning y\,"Michigan, USA"
Mon May 20 10:20:21 +0000 2019,"Arya: \ another word about killing my Brother, and I\ cut your throat.\  ","Lansdale, PA"
Mon May 20 10:20:21 +0000 2019," Lol well you\ be thrown out Mike'""","New York, USA"
Mon May 20 10:20:20 +0000 2019,Need a little pick me up...stop by  or  \ @ Sprout of Rice & Noodles ,"Lancaster, PA"
Mon May 20 10:20:20 +0000 2019,"current weather in Dearborn: overcast clouds, 56\ humidity, wind 17mph, pressure 1009mb'""","Dearborn, MI"
Mon May 20 10:20:20 +0000 2019," Atlanta to Birmingham Al.   With the time zone change, you get there before you leave!!'""","Georgia, USA"
Mon May 20 10:20:20 +0000 2019,"Auburn police declined to provide many details, such as the name of the victims. We don\'t know the nature of the do\ ","Auburn, AL"
Mon May 20 10:20:19 +0000 2019," And let\ be clear- Robert Smith\ wealth pales in comparison to someone like Jeff Bezos or Bill Gates.'""","Brooklyn, NY"
Mon May 20 10:20:18 +0000 2019," Una siesta? Lol ain\ that shit a nap'""","San Joaquin, CA"
Mon May 20 10:20:18 +0000 2019," Congratulations'""","Westford, MA"
Mon May 20 10:20:17 +0000 2019,"  In front of v mart in Lowell MA. My guess is sign is from shopping plaza.'""","Vermont, USA"
Mon May 20 10:20:17 +0000 2019,"Dropping off Caroline for a field trip to the Biltmore \ (@ Ringgold High School in Ringgold, GA) ","Ringgold, GA"
Mon May 20 10:20:17 +0000 2019,"I just had to get my mind right ,'""","Vacherie, LA"
Mon May 20 10:20:15 +0000 2019,~50 yard punt with roughly 4 seconds of hang time. \ ,"Franklin, MA"
Mon May 20 10:20:15 +0000 2019,"First day of my internship is today!'""","Fort Worth, TX"
Mon May 20 10:20:14 +0000 2019,"  happy Monday Wendy and Anthony.!!'""","Virginia Beach, VA"
Mon May 20 10:20:14 +0000 2019, Tambi\ tambi\,"Pembroke Pines, FL"
Mon May 20 10:20:14 +0000 2019,Where is their honor? It\ no existent! ,"Rockford, IL"
Mon May 20 10:20:14 +0000 2019,June 22nd- American Hero Tournament! Check our webpage for details! Sponsored by  and  ,"Bridgeville, PA"
Mon May 20 10:20:13 +0000 2019,Check out today\ video from #FitLabPGH #podcast for tips to #keepcalm & #keepmoving when your To Do List is too lo\ ,"Pennsylvania, USA"
Mon May 20 10:20:13 +0000 2019,high school dropouts be like: ,"Philadelphia, PA"
Mon May 20 10:20:12 +0000 2019," Morning Mr. Walt  HAGM&W  WILDMAN'""","Alton, IL"
Mon May 20 10:20:12 +0000 2019,"Shows...stupid autocorrect'""","Connecticut, USA"
Mon May 20 10:20:12 +0000 2019, See you soon!!! ,"Ann Arbor, MI"
Mon May 20 10:20:12 +0000 2019,I am wearing sweat pants you pervert. ,"Newport, MN"
Mon May 20 10:20:11 +0000 2019,Get after your #Monday my friends! We only get one a week!!   #planetfitness #planetfatness\ ,"Providence, RI"
Mon May 20 10:20:11 +0000 2019,"6:11am: sunrise\\nsunset will be at 8:34pm'""","Charleston, WV"
Mon May 20 10:20:10 +0000 2019,"Detesto tanto cuando las personas se quieren hacer las v\ Ni que uno no se enterara de las cosas'""","Almirante Norte, Puerto Rico"
Mon May 20 10:20:10 +0000 2019,"  Religion is the last refuge of the scoundrel (Orwell)'""","Cardiff, NJ"
Mon May 20 10:20:10 +0000 2019,"Boston isn\ a real city,  Really? I warned you about insulting my city, and there you go again with you\ ","Boston, MA"
Mon May 20 10:20:09 +0000 2019,In this bitch loud blowing \,"Hillsborough, NC"
Mon May 20 10:20:09 +0000 2019,DO YOU REALLY WANT TO \ is Motion Monday.\\n\\nYou\ hear \ me say this often \ body in motion must stay i\ ,"Schertz, TX"
Mon May 20 10:20:09 +0000 2019,As if this newspaper wasn\'t a Russiagate Conspiracy geyser? It\'s like when the  complained the British tabl\ ,"Virginia, USA"
Mon May 20 10:20:08 +0000 2019,Economic liberation.  LIBERATION. ,"Shelton, CT"
Mon May 20 10:20:08 +0000 2019," said it best Summer starts now! Good morning'""","Baltimore, MD"
Mon May 20 10:20:07 +0000 2019,"#USGS08085500 - Clear Fk Brazos Rv at Ft Griffin, TX\\nHeight: 26.98ft \ (25ft)\\nFlow: 6030cfs\\n","Texas, USA"
Mon May 20 10:20:07 +0000 2019,"top of the top'""","Queens, NY"
Mon May 20 10:20:06 +0000 2019," One of my favorites except when he was throwing six Touchdowns against the Browns.'""","Willowick, OH"
Mon May 20 10:20:06 +0000 2019,LTM \,"Turlock, CA"
Mon May 20 10:20:06 +0000 2019,"' *NEW MUSIC VIDEO**\\n\\nAseCard\\n\\n""Why Lie""\\nComfort Zone - Album\\n\\nWatch Video Here\ ",United States
Mon May 20 10:20:06 +0000 2019,"I\ basically still asleep'""","Beltsville, MD"
Mon May 20 10:20:06 +0000 2019,"#USGS08044500 - W Fk Trinity Rv nr Boyd, TX\\nHeight: 17.48ft \ (16ft)\\nFlow: 3540cfs\\n","Texas, USA"
Mon May 20 10:20:04 +0000 2019,"Goodnight'""","Goldsboro, NC"
Mon May 20 10:20:04 +0000 2019,"    Today\'s lineup Angelo the old ass queen, the super queen Howar\ ","Radnor Township, PA"
Mon May 20 10:20:04 +0000 2019,"1.6 magnitude #earthquake. 70km SSW of Kobuk, Alaska ","Alaska, USA"
Mon May 20 10:20:03 +0000 2019,"#Monday morning rise and grind! On my way to  for their annual Hall of Fame, reppijg  I\'ll be meetin\ ","Miami, FL"
Mon May 20 10:20:03 +0000 2019,We buy junk cars for cash today !! Call 267-902-6494 free towing for all junk cars #cashforjunkcarstoday\ ,"Philadelphia, PA"
Mon May 20 10:20:03 +0000 2019,Tried so hard to talk myself out of this workout. \\n\\nBut may as well get it over with for the day. \ ,"Bloomington, MN"
Mon May 20 10:20:03 +0000 2019,Dear  if you are a democrat you understand that tge African-American vote is part of the base. If you fire th\ ,"Plainfield, NJ"
Mon May 20 10:20:03 +0000 2019,"#USGS08018500 - Sabine Rv nr Mineola, TX\\nHeight: 17.18ft \ (14ft)\\nFlow: 6900cfs\\n","Texas, USA"
Mon May 20 10:20:02 +0000 2019,"#USGS07342500 - S Sulphur Rv nr Cooper, TX\\nHeight: 18.67ft \ (16ft)\\nFlow: 3110cfs\\n","Texas, USA"
Mon May 20 10:20:02 +0000 2019,YES!!! \ ,"Phoenix, AZ"
Mon May 20 10:20:02 +0000 2019,"USGS reports a M1.6 #earthquake 70km SSW of Kobuk, Alaska on 5/20/19 @ 10:14:34 UTC  #quake'""","Alaska, USA"
Mon May 20 10:20:02 +0000 2019,"MED - MEDICAL at 5700 BLOCK OF N KERBY AVE, PORTLAND, OR [Portland Fire #RP19000042138] 02:24 #pdx911'""","Portland, OR"
Mon May 20 10:20:01 +0000 2019,  SI!!! Y la m\,"Pembroke Pines, FL"
Mon May 20 10:20:01 +0000 2019,"current weather in Pontiac: overcast clouds, 55\ humidity, wind 10mph, pressure 1008mb'""","Pontiac, MI"
Mon May 20 10:20:01 +0000 2019," lights on. the way that everyone jus started singing together. i teared up'""","Trumbull, CT"
Mon May 20 10:20:00 +0000 2019,"Superior: 182 running, 3237 waiting and 0 new simulations; 50% ","Houghton, MI"
Mon May 20 10:20:00 +0000 2019,Dream big and dare to fail.\\n\ ,Underground Railroad Station
Mon May 20 10:20:00 +0000 2019," Does the city collect and compost these?'""","Wisconsin, USA"
Mon May 20 10:19:59 +0000 2019, Cuz they been boss all through\,"Highland, NY"
Mon May 20 10:19:58 +0000 2019,"Haven\ been sleeping well..'""","Arizona, USA"
Mon May 20 10:19:58 +0000 2019,"It\ chilly outside'""","Newport Beach, CA"
Mon May 20 10:19:58 +0000 2019,Babies \ ,"Newington, VA"
Mon May 20 10:19:57 +0000 2019," Maxine is right.'""","Rocky River, OH"
Mon May 20 10:35:03 +0000 2019,"Yo New York weed is trash who got the gas out here'""","Brooklyn, NY"
Mon May 20 10:35:03 +0000 2019,"Community #Poll, RE-TWEET #TheTruthCommunity #truthers #truth\\n\\n...are most people unaware of how dangerous the worl\ ","Florida, USA"
Mon May 20 10:35:03 +0000 2019,"#USGS08065000 - Trinity Rv nr Oakwood, TX\\nHeight: 44.07ft \ (35ft)\\nFlow: 46100cfs\\n","Texas, USA"
Mon May 20 10:35:03 +0000 2019,Except for how disappointing the entire final season was. #got ,"Dania Beach, FL"
Mon May 20 10:35:02 +0000 2019,Win 4-Day Passes to Lollapalooza 2019 ,"Chicago, IL"
Mon May 20 10:35:02 +0000 2019,"#USGS08041780 - Neches Rv Saltwater Barrier at Beaumont, TX\\nHeight: 4.87ft \ (4ft)\\nFlow: 25500cfs\\n","Texas, USA"
Mon May 20 10:35:02 +0000 2019, So many things could\ used time. Like her path to madness was just completely rushed it happened\ ,"Chicago, IL"
Mon May 20 10:35:02 +0000 2019," still comes on TV and that makes me so happy! \ #nostalgia #feelgood #whenwewereyoung'""","Long Beach, CA"
Mon May 20 10:35:02 +0000 2019," \ North\ saying he would go to the watch was the only way to keep Grey Worm from executing him or more bloodshed.'""","Dry Ridge, KY"
Mon May 20 10:35:01 +0000 2019,"This is a man\'s world,  but it wouldn\'t be nothing without a woman or a girl!!""'","Grambling, LA"
Mon May 20 10:35:01 +0000 2019,Arnold wasn\ even phased!  \ ,"Ferndale, MI"
Mon May 20 10:35:01 +0000 2019,"UNWANTED PERSON at 3300 BLOCK OF NE 82ND AVE, PORTLAND, OR [Portland Police #PP19000164774] 03:23 #pdx911'""","Portland, OR"
Mon May 20 10:35:01 +0000 2019,Whewwwww mane \ ,"Gibsonton, FL"
Mon May 20 10:35:01 +0000 2019,"   Not migrant families from Texas.  Illegals who crossed the border in Texas...'""","Austin, TX"
Mon May 20 10:35:01 +0000 2019," So romantic and true'""","Columbus, OH"
Mon May 20 10:35:01 +0000 2019,"  I fully agree I loved it'""","Ohio, USA"
Mon May 20 10:35:00 +0000 2019, Bran made it happen. He knew the consequences and told Jon the truth anyway... why tell him he\ the true h\ ,"Philadelphia, PA"
Mon May 20 10:35:00 +0000 2019,Sick Teachers Paying for Substitutes: Where and Why It\ Happening ,"North Carolina, USA"
Mon May 20 10:34:59 +0000 2019," The final episode wasn\'t that bad. Who wasn\'t happy, some writer for  who at age of 35 + years o\ ","Orchard Park, NY"
Mon May 20 10:34:59 +0000 2019,"  Next the United States will welcome her to the US, give her healthcare, and a path toward citizenship.'""","Lower Allen, PA"
Mon May 20 10:34:59 +0000 2019,I made some of the best beats on this table lol ,"Chicago, IL"
Mon May 20 10:34:58 +0000 2019,"6:27am: sunrise\\nsunset will be at 8:17pm'""","Georgia, USA"
Mon May 20 10:34:58 +0000 2019,Llevo tanto durmiendo que ya me rega\ \,"San Juan, USA"
Mon May 20 10:34:58 +0000 2019,"  TAKE A GUESS GIRL!!'""","Florida, USA"
Mon May 20 10:34:58 +0000 2019,"this my last week at work.'""","Security, CO"
Mon May 20 10:34:57 +0000 2019,"What time y\ gonna be done talking about Game of Thrones ?'""","Newport News, VA"
Mon May 20 10:34:56 +0000 2019,Please follow the money! ,"Kentucky, USA"
Mon May 20 10:34:56 +0000 2019,   Because normally it is. \,"New Albany, IN"
Mon May 20 10:34:56 +0000 2019,Duh? Daryl Alert! ,"Circleville, OH"
Mon May 20 10:34:56 +0000 2019, Sioux Falls.  It\ like Fargo but in a worse state and they have less going for them.  So the plac\ ,"Fargo, ND"
Mon May 20 10:34:56 +0000 2019," Ok who'""","Manchester, NH"
Mon May 20 10:34:55 +0000 2019,OMG!!!! NO WORDS GUYS! No words can describe how AMAZING that stream was!! WE JUST HIT AFFILIATE YA\ LETS GOOOO\ ,"Layton, UT"
Mon May 20 10:34:54 +0000 2019," I definitely think men nowadays don\ know how to date or treat a lady, damn these second date updates!!!!!\","Brockton, MA"
Mon May 20 10:34:54 +0000 2019,Let\ not forget when clowns were hunting down people so people hunted down a clown ,"Jersey City, NJ"
Mon May 20 10:34:54 +0000 2019,"#AloADT 14 milh\ de possibilidades para a fun\ de m\ janelas no iPad'""","Hudson, MA"
Mon May 20 10:34:53 +0000 2019,Monorail Gold. \ \ \ #Monorail #MonorailGold #Magickingdom #MK #waltdisneyworld #wdw\ ,"Florida, USA"
Mon May 20 10:34:53 +0000 2019,  Bran made it happen. He knew the consequences and told Jon the truth anyway... why te\ ,"Philadelphia, PA"
Mon May 20 10:34:53 +0000 2019,WAB is amazing! ,"Great Falls, VA"
Mon May 20 10:34:53 +0000 2019,"it\ a must that i go shopping today.'""","Charlotte, NC"
Mon May 20 10:34:53 +0000 2019, Bruh people are mad but I was like \,"Arlington, TX"
Mon May 20 10:34:52 +0000 2019,The procrastinator\'s guide to the May 2019 primary election in Philly  via ,"Philadelphia, PA"
Mon May 20 10:34:52 +0000 2019,Do you prefer to fly or drive when going on a trip?\\n\\nI prefer to fly. You get to your destination quicker - which m\ ,"Houston, TX"
Mon May 20 10:34:51 +0000 2019,"Fox News Host Torches Juan Williams, Leaves Him Speechless  via   Dagen you go girl\ ","Huntertown, IN"
Mon May 20 10:34:51 +0000 2019,Rescue and recovery work in progress in #Charlotte on Wilkinson Blvd. Both EB/WB at Catawba River Brg #traffic ,"Charlotte, NC"
Mon May 20 10:34:51 +0000 2019,I\ super excited to get a good strategy for my BRAN! Or did you mean BRAND  ? ,"Teaneck, NJ"
Mon May 20 10:34:51 +0000 2019,"Just posted a photo @ Ypsilanti Township, Michigan ","Ypsilanti, MI"
Mon May 20 10:34:50 +0000 2019,"Anyway I come back from an unofficial hiatus and there\ still lots of good sheiths on my feed.  And, happily, not so many cringy kinks'""","Philadelphia, PA"
Mon May 20 10:34:50 +0000 2019,It is Right to Impeach Trump period. #ImpeachDonaldTrump #ImpeachDonaldTrumpNOW ,"Centerport, NY"
Mon May 20 10:34:50 +0000 2019,   Here\'s how it looked from high above! ,"Laconia, NH"
Mon May 20 10:34:50 +0000 2019,"   Looks very sexy'""","Brooklyn, NY"
Mon May 20 10:34:49 +0000 2019,"On my way to  #accelerate2019 can\ wait to see everyone in Cincinnati'""","Des Moines, IA"
Mon May 20 10:34:49 +0000 2019,"Baby, do you understand me now!'""","Los Angeles, CA"
Mon May 20 10:34:48 +0000 2019,"wanted to be #private but algo will not work w my #SLACKROOM so I am open again GGGGGGGGGGGGGGGGGGRRRRRRRRRRRRRRRR #CL'""","Los Angeles, CA"
Mon May 20 10:34:48 +0000 2019," let the voters remove Trump'""","Garrison, MD"
Mon May 20 10:34:47 +0000 2019,"  Just pour your shit beer out period'""","Los Angeles, CA"
Mon May 20 10:34:47 +0000 2019,"Your Attitude is a choice.'""","Texas, USA"
Mon May 20 10:34:47 +0000 2019,Are you repeating the same patterns over and over again in relationships? How you bond with your early caregivers c\ ,"Wisconsin, USA"
Mon May 20 10:34:46 +0000 2019,"'   ""That would be a whole level of growth - if we could actually talk like peo\ ","Los Angeles, CA"
Mon May 20 10:34:46 +0000 2019,"I need to save about $3,000 to do the renovations I want to do to my house. I mean I could just sell some stocks an\ ","Ohio, USA"
Mon May 20 10:34:46 +0000 2019,All the hoes in sa tight af now lol y\ really do stick together \,"San Antonio, TX"
Mon May 20 10:34:46 +0000 2019,Happy bday zee beeee!!!!! Thank you for always having the best heart and always down to have the best talks <3 I lo\ ,"Harrison, MI"
Mon May 20 10:34:46 +0000 2019,Good morning family!! Happy Monday!! \ #MondayDomination #MorningPush ,"Charlotte, NC"
Mon May 20 10:34:46 +0000 2019,They really did play him \ ,"Harrison, NJ"
Mon May 20 10:34:45 +0000 2019,"     Looks like Twitter is tampering again!'""","Oklahoma, USA"
Mon May 20 10:34:45 +0000 2019,    \,"Beattystown, NJ"
Mon May 20 10:34:45 +0000 2019,Out like a light\ @ LACMA ,"Los Angeles, CA"
Mon May 20 10:34:44 +0000 2019," Timely (re)share, Deb! Box 2 would be a great tool for the CoC to assess the SERVICES provided by the re\ ","Narberth, PA"
Mon May 20 10:34:44 +0000 2019,"I\ going to bed quite upset. And I hate going to bed that way. But tonight\ that\ just what it is. I\ be making some calls tomorrow.'""","Los Angeles, CA"
Mon May 20 10:34:44 +0000 2019," Great pic!'""","Rye, NH"
Mon May 20 10:34:44 +0000 2019, applauds   professorship honoring Dr. Roselyn P. Epps. The Epps family are trailblazers and\ ,"Washington, DC"
Mon May 20 10:34:44 +0000 2019,"  You\ not alone. I\ never seen one second of it.. on the other hand, Barry is phenomenal.'""","North Carolina, USA"
Mon May 20 10:34:43 +0000 2019,And two... Stop thinking people like the Kardashians are celebrities. They were on a TV show. That doesn\'t make the\ ,"Brunswick, OH"
Mon May 20 10:34:43 +0000 2019, \ Hope\  Out Now on all platforms! ,52nd & park side
Mon May 20 10:34:43 +0000 2019," any season pointers? For instance, don\ run across field and salute HHS student section\  Go Green\ ","Gallatin, TN"
Mon May 20 10:34:43 +0000 2019, Hola buenos d\ mi querida Tita.\\nFeliz lunes ojal\ que hoy sea el inicio de una gran semana loveU \,"Brooklyn, NY"
Mon May 20 10:34:43 +0000 2019," True. I always thought this version reminded me of Crocodile Dundee'""","Smyrna, GA"
Mon May 20 10:34:42 +0000 2019,Few things I wanna point out. If you think American Idol finds talent your wrong. True talent are the men and women\ ,"Brunswick, OH"
Mon May 20 10:34:42 +0000 2019,"  I\ watching it this morning, and trying to avoid all the spoilers.'""","Raleigh, NC"
Mon May 20 10:34:42 +0000 2019,"'\ LIKE ROCK AND ROLL, KIDS!"" ","Westbrook Center, CT"
Mon May 20 10:34:42 +0000 2019,"  I still wasn\ ready'""","Chattanooga, TN"
Mon May 20 10:34:42 +0000 2019," The United States. Although this president has made this country suck, I wouldn\ go anywhere else.'""","Cherry Hill, VA"
Mon May 20 10:34:42 +0000 2019,Registration for the amazing  conference is now open!! Be sure to check it out and get registered there\ ,"Georgia, USA"
Mon May 20 10:34:42 +0000 2019,We\ nearly within a month of the summer solstice and it\ currently snowing in Arvada. \\n\\nGotta love our crazy-ass weather \\n#COwx \,"Arvada, CO"
Mon May 20 10:34:42 +0000 2019,"Ina\ song broj 2 na novom albumu Quincy Jones se zove Banja Luka. \\nCheck My Sound Only For You'""","Huron, MI"
Mon May 20 10:34:41 +0000 2019,"Oak Park: 5:26am: sunrise\\nsunset will be at 8:08pm'""","Oak Park, IL"
Mon May 20 10:34:41 +0000 2019,"He can do better, because he knows better. Jeffrey and Tati were the mature ones, not him.'""","Kansas, USA"
Mon May 20 10:34:41 +0000 2019," thank you for your honesty, courage, thoughtfullness and willingness to bear the heat. A nrave and just MAN'""","Lauderhill, FL"
Mon May 20 10:34:41 +0000 2019,"I really do hope james learns from this ordeal, he still acted out of anger, I know he has every right to be angry,\ ","Kansas, USA"
Mon May 20 10:34:40 +0000 2019,Boom  \ ,"Manhattan, NY"
Mon May 20 10:34:40 +0000 2019,"Watch out, bitches. I\ burn you!! ","Kennesaw, GA"
Mon May 20 10:34:40 +0000 2019,I\ ready to take the leap\ ,"Bronx, NY"
Mon May 20 10:34:40 +0000 2019,   People asking why Jon didn\ abdicate the throne.. he has said xx numbers of t\ ,"Nashville, TN"
Mon May 20 10:34:39 +0000 2019,"'Que horrible extra\ a\\nalguien y no poder decirle:\\n""Ir\ a verte o ven a verme\","Kenosha, WI"
Mon May 20 10:34:38 +0000 2019,A tornado outbreak is expected today. Stay safe today everyone. ,"Arlington Heights, IL"
Mon May 20 10:34:38 +0000 2019,This is what we do  @ Drai\'s After Hours ,"Paradise, NV"
Mon May 20 10:34:37 +0000 2019,"    It would be nice if folks cleaned up after themselves'""","Washington, DC"
Mon May 20 10:34:37 +0000 2019,Giving up your RIGHT for revenge will be RICHLY rewarded! #itaintWorfITMissCelie #newLifeAfterAbuse #Mentoring\ ,"Greensboro, NC"
Mon May 20 10:34:37 +0000 2019," I dingy say it was'""","Pennsylvania, USA"
Mon May 20 10:34:37 +0000 2019," Wet (Freestyle)\\n\\nWet (Freestyle), a song by Cozy XO on Spotify\\n\\nvisit  #spotify #spotifymusic'""",United States
Mon May 20 10:34:37 +0000 2019,"Please let it be a good Monday in 102 .....'""","South Carolina, USA"
Mon May 20 10:34:36 +0000 2019, when you allow either to bang whoever. You find that the \ to bang someone else is diminished. There\ ,"Brooklyn, NY"
Mon May 20 10:34:36 +0000 2019,Didn\'t he say that in 2016 too? ,"Braintree, MA"
Mon May 20 10:34:36 +0000 2019, everyone knows that\,"Newport News, VA"
Mon May 20 10:34:36 +0000 2019," good morning RK, coffee coffee and more coffee this morning, plus a donut to settle the stomach :)\ ","Massachusetts, USA"
Mon May 20 10:34:36 +0000 2019,"  Hope so'""","Chevy Chase, MD"
Mon May 20 10:34:35 +0000 2019,Liddo Chimp \,"Chicago, IL"
Mon May 20 10:34:35 +0000 2019,First mosquito bite of the season \,"Pennsylvania, USA"
Mon May 20 10:34:34 +0000 2019,I kno these nggas mad,"Houston, TX"
Mon May 20 10:34:34 +0000 2019,"I took a vacation day .... why am I up'""","Syracuse, NY"
Mon May 20 10:34:34 +0000 2019," And what happened to Tiger? That medal was way too heavy!'""","Green, OH"
Mon May 20 10:34:34 +0000 2019," That wasn\'t a town hall, it was a Mayor Pete rally. Stacked with sycophants, it reminded me of how Ob\ ","New York, USA"
Mon May 20 10:34:33 +0000 2019,"6:26am: sunrise\\nsunset will be at 8:56pm'""","Indianapolis, IN"
Mon May 20 10:34:33 +0000 2019,My photo. ,"Hampden, ME"
Mon May 20 10:34:33 +0000 2019,"All my love is all I have.'""","San Diego, CA"
Mon May 20 10:34:33 +0000 2019,"Yo bitch bad as hell, she suck mr off w/ her veneers!'""","Norfolk, VA"
Mon May 20 10:34:32 +0000 2019,"Spring allergies may be the single peice of evidence that proves Darwin was a phony.'""","Cochituate, MA"
Mon May 20 10:34:31 +0000 2019,#BackToTheGrind!!!\\n#BrewCrew \ \\n \\n  \\n ,"Houston, TX"
Mon May 20 10:34:31 +0000 2019,"My future husband ain\ up in the club spending his money he definitely up in Home Depot or Lowe\ spending his paper \ \\nRNS'""",The Home Depot
Mon May 20 10:34:30 +0000 2019,"Need to delete all the pics showing my teeth'""","Anchorage, AK"
Mon May 20 10:34:30 +0000 2019,"  It\'s scary how the music starts in my head and I hear the song LOL..""'","New York, USA"
Mon May 20 10:34:29 +0000 2019,"near bsgstblender: 4035f3a6-f40c-4ab0-b453-9d73042e85ff'""","Pittsburgh, PA"
Mon May 20 10:34:29 +0000 2019,"Let\ DO THIS, grade three!   knows you are ready! ","Virginia Beach, VA"
Mon May 20 10:34:28 +0000 2019,  Congrats ,"Santa Monica, CA"
Mon May 20 10:34:27 +0000 2019,Incident on #GeorgeWashingtonBridge EB at New Jersey Side/Upper Level Toll Plaza ,"Fort Lee, NJ"
Mon May 20 10:34:27 +0000 2019,"It\ 2019 people, let\ be different!'""","Portsmouth, NH"
Mon May 20 10:34:27 +0000 2019,Incident on #BrooklynBatteryTunnel at Manhattan Bound ,"New York, USA"
Mon May 20 10:34:27 +0000 2019," Righton'""","Irving, TX"
Mon May 20 10:34:27 +0000 2019,"   Quell\'idiota segue la l\ editoriale dettata dal suo padrone, cravatta gialla.""'","Philadelphia, PA"
Mon May 20 10:34:27 +0000 2019,Incident on #NewJerseyTurnpikei95 NB from North of Exit 69 - I-80 to George Washington Bridge Upper Level ,"Teaneck, NJ"
Mon May 20 10:34:27 +0000 2019,Incident on #I76 WB from Exit 1A - NJ 42/I-295 to Walt Whitman Bridge ,"Bellmawr, NJ"
Mon May 20 10:34:27 +0000 2019,Incident on #RonkonkomaBranch EB at Ronkonkoma Station ,"Lake Ronkonkoma, NY"
Mon May 20 10:34:26 +0000 2019,Incident on #NJ21 NB at Exit 14 - US 46 ,"Clifton, NJ"
Mon May 20 10:34:26 +0000 2019,Updated: Incident on #NJ42 NB from Exit 10A - NJ 168/Black Horse Pike to I-295 ,"Blackwood, NJ"
Mon May 20 10:34:26 +0000 2019,"Good Morning, Carolinas! I hope you had a good weekend. I spent a little too much money yesterday going shopping, b\ ","Red Hill, SC"
Mon May 20 10:34:26 +0000 2019,Beatersville features pre-1968 traditional cars and bike on Sunday in Portland. @ The Majestic ,"Louisville, KY"
Mon May 20 10:34:25 +0000 2019,     Absolving Trump personally  ( he wasn\ would have no i\ ,"Lorain, OH"
Mon May 20 10:34:25 +0000 2019,"i probably say \ 500 times a day.'""","Alabama, USA"
Mon May 20 10:34:25 +0000 2019,"Knoxville: 6:26am: sunrise\\nsunset will be at 8:38pm'""","Knoxville, TN"
Mon May 20 10:34:25 +0000 2019,Don\ dumb yourself for a man. ,"Woodbranch, TX"
Mon May 20 10:34:25 +0000 2019, It\ just be mfs in the house giving opinions on shit in the streets ...the internet the best shit for\ ,"Enterprise, NV"
Mon May 20 10:34:24 +0000 2019,"I hop off twitter then go to Snapchat, then hop on back on twitter lol'""","San Joaquin, CA"
Mon May 20 10:34:23 +0000 2019,   \,"Brentwood, NY"
Mon May 20 10:34:23 +0000 2019,Facts ,"Bow, NH"
Mon May 20 10:34:22 +0000 2019,   Well of course #CharterSchools are problem for #Democrats because they can\'t br\ ,"Prairie Creek, AR"
Mon May 20 10:34:22 +0000 2019,it\'s been 4 years since lost my phone so like it\'s only right that I lose it at a lil Jon club performance yea w/e\ ,"Las Vegas, NV"
Mon May 20 10:34:22 +0000 2019," My man Gary! Congratulations to the both of you.'""","Okolona, KY"
Mon May 20 10:34:22 +0000 2019,"Sometimes you gotta let dat hurt go dats da only way you gone be able to move on'""","Savannah, GA"
Mon May 20 10:34:21 +0000 2019,Layla is our Buddy\ Promise Pet of the Week. Tune into   with   &  at no\ ,"Evansville, IN"
Mon May 20 10:34:21 +0000 2019," I can\ wait!!!  We need to celebrate when we are done!'""","Ely, MN"
Mon May 20 10:34:20 +0000 2019,#crosleyfurniture  cheapest fake wixker outdoor furniture that is broken on arrival.  Do not purchase anywhere...es\ ,"Garden City, NY"
Mon May 20 10:34:20 +0000 2019,"  I think the OC rivalry was kinda placed on the 17s by the logistics and business of sport ,\ ","Alpharetta, GA"
Mon May 20 10:34:20 +0000 2019," \ Morning Miss Lori, Happy Monday'""","Columbus, OH"
Mon May 20 10:34:20 +0000 2019,Can all u fucking nerds take ur game of thrones fantasy bondage tv show and write about it somewhere else then sign\ ,"Manhattan, NY"
Mon May 20 10:34:18 +0000 2019,TOTES!!! ,"Fairbanks, AK"
Mon May 20 10:34:18 +0000 2019,"Kanye\ next album about to be fire'""","Federal Way, WA"
Mon May 20 10:34:17 +0000 2019,Thank you Ken! ,"Great Falls, VA"
Mon May 20 10:34:17 +0000 2019,I\ content with the #GOTFinale Jon never wanted a crown. Sansa did. Arya wanted to wander like Nymeria. Bran can l\ ,"Florida, USA"
Mon May 20 10:34:17 +0000 2019,"  Do your thang and Cole.'""","Cleveland, OH"
Mon May 20 10:34:16 +0000 2019,"Boston MA-Report of a structure fire 30 Lexington Ave., Hyde Park nearing intersection of Hyde Park Avenue and Metropolitan Avenue'""","Boston, MA"
Mon May 20 10:34:16 +0000 2019,I\ so jealous of my sister and parents rn going to Mexico without me \,"Arkansas, USA"
Mon May 20 10:34:16 +0000 2019,"6:26am: sunrise\\nsunset will be at 8:38pm'""","Knoxville, TN"
Mon May 20 10:34:16 +0000 2019,"     You have not lost your incomparable moniker. Nicely done'""","Staunton, VA"
Mon May 20 10:34:15 +0000 2019,"Thunderstorms overnight. 6/10 on the enjoyment scale. #winooski'""","Winooski, VT"
Mon May 20 10:34:15 +0000 2019,"     Good Morning Fam'""","Louisiana, USA"
Mon May 20 10:34:14 +0000 2019,Why utica college didn\'t bring him! I would have caught the Holy Ghost ,"Syracuse, NY"
Mon May 20 10:34:12 +0000 2019,  Except that is just what some in the media will do. Much easier to rinse and repeat a comp\ ,"Franconia, VA"
Mon May 20 10:34:12 +0000 2019,And watch me walk out unscathed! \,"Los Angeles, CA"
Mon May 20 10:34:12 +0000 2019," Nobody wants to get bit and get herpiesand what ever the Rat carries'""","Penn Hills, PA"
Mon May 20 10:34:12 +0000 2019,"'KILL COMMAND - New album ""Debris Field""... COMING SOON!!! \ \\\\m/ @ Tempe, Arizona ","Tempe, AZ"
Mon May 20 10:34:12 +0000 2019,"This morning is so beautiful that I feel like I should endorse it on LinkedIn.'""","Leominster, MA"
Mon May 20 10:34:12 +0000 2019,2019 has been great to me so far. Excited to see what the rest of the year brings. Thanking God for the blessings \,"Riverdale Park, MD"
Mon May 20 10:34:12 +0000 2019," Meanwhile, tech firms gave up intellectual properties to enable this theft and can now manage nicely w\ ","Pennsylvania, USA"
Mon May 20 10:34:12 +0000 2019,"Self flaw: I have to do better at prioritizing my money.'""","Florida, USA"
Mon May 20 10:34:11 +0000 2019,    Rica la torta y el frutsi de Morena \\nAplican lo mismo del\ ,"San Diego, CA"
Mon May 20 10:34:11 +0000 2019,Safe travels! See you soon at #ACR2019 ,"Washington, DC"
Mon May 20 10:34:10 +0000 2019,"  Stop being Scared!'""","Texas, USA"
Mon May 20 10:34:09 +0000 2019,"I wanna fk\\n\\nIng go to sleep'""","Chicago, IL"
Mon May 20 10:34:09 +0000 2019,"morning... bread,,,..,, get;;.... ","Fleming Island, FL"
Mon May 20 10:34:09 +0000 2019,"Oh good, it\ Monday \ #SisterWivesSketch ","New York, NY"
Mon May 20 10:34:08 +0000 2019, \ \ \ \ \ \ \,"Pinellas Park, FL"
Mon May 20 10:34:08 +0000 2019,How many people felt after last night\'s Last Game of Thrones and realize they waited eight years for this#GameOfTho\ ,"Bensenville, IL"
Mon May 20 10:34:08 +0000 2019,[Circular Beach] |Presence|\ easy to think about the past and the future but thinking in the present is oddly\ ,"Reisterstown, MD"
Mon May 20 10:34:08 +0000 2019, \ \ \ \ \ \ \ \ \ \,"San Francisco, CA"
Mon May 20 10:34:08 +0000 2019,    We could definitely beat them in a war. We could not conquer Ir\ ,"Ohio, USA"
Mon May 20 10:34:07 +0000 2019,i can\ wait until my best friend see her surprise \ it\ was her first Mother\ Day ; i had to get my Day One something \,"Winston-Salem, NC"
Mon May 20 10:34:07 +0000 2019,"Tied then a MF'""","Houston, TX"
Mon May 20 10:34:07 +0000 2019," Trump has no ideals'""","Garrison, MD"
Mon May 20 10:34:06 +0000 2019,   You do know this booking is exactly why fans are counting the days until\ ,"Brooklyn, NY"
Mon May 20 10:34:06 +0000 2019,"  Hell yea'""","Rocky Mount, NC"
Mon May 20 10:34:06 +0000 2019,"Time to get ready for the work week! @ Pepper Pike, Ohio ","Pepper Pike, OH"
Mon May 20 10:34:06 +0000 2019,Beau.... ,"Lake Ridge, VA"
Mon May 20 10:34:05 +0000 2019,"  Hahaha thanks for the laugh'""","Commerce, CA"
Mon May 20 10:34:05 +0000 2019,My right to exist is not a simple difference in perspective. ,"Washington, DC"
Mon May 20 10:34:05 +0000 2019,fr \ ,"Linden, NJ"
Mon May 20 10:34:05 +0000 2019,Very grateful to be working with  ,"Chattanooga, TN"
Mon May 20 10:34:04 +0000 2019,I\ proud of my bride for setting another goal.  She\ registered for her first full marathon! \ ,"Georgia, USA"
Mon May 20 10:34:04 +0000 2019," thanks, AD.'""","Virginia, USA"
Mon May 20 10:34:04 +0000 2019,"As much as I liked game of thrones, I\'m happy it\'s finally over. It wasn\'t the satisfying ending I wanted, but it was an ending.""'","Lakewood, CO"
Mon May 20 10:34:03 +0000 2019, All Kamari iso.marii hard is paying off . He is only 15 years old freshman 6\ point /shoot\ ,"Indiana, USA"
Mon May 20 10:34:03 +0000 2019,"  We were doing monthly check ins which seemed just right, since we had gotten over t\ ","Boston, MA"
Mon May 20 10:34:02 +0000 2019,"Oh how I can forget this match was awesome to  vs  hard hitter loved it!!'""","Kansas City, MO"
Mon May 20 10:34:02 +0000 2019,"USGS reports a M1.14 #earthquake 9km NNW of Banning, CA on 5/20/19 @ 10:30:44 UTC  #quake'""","California, USA"
Mon May 20 10:34:01 +0000 2019,5:34 AM\\n\ \ \ \ \ \ \,"Kansas, USA"
Mon May 20 10:34:01 +0000 2019,"  Yeah that /\\\\ is truly horrifying'""","Gilbert, AZ"
Mon May 20 10:34:00 +0000 2019,"One Ring to rule them all, One Ring to find them, One Ring to bring them all, and in the darkness bind them .\ ","Louisville, KY"
Mon May 20 10:34:00 +0000 2019," Aibonito, R\ Grande, Naguabo'""","Texas, USA"
Mon May 20 10:33:59 +0000 2019," She has no chance'""","Akron, OH"
Mon May 20 10:33:59 +0000 2019," Hi, I\'m on channels 1, 8, 12, 61, 62, 98, 112, 156, or 1127. It honestly depends where you live.""'","Bronx, NY"
Mon May 20 10:33:57 +0000 2019,Koepka? ,"Sumter, SC"
Mon May 20 10:33:57 +0000 2019,Amen! ,"Opa-Locka, FL"
Mon May 20 10:33:56 +0000 2019,   I bett Aidan knows how to fix all that Binging....\,"Brentwood, NY"
Mon May 20 10:33:56 +0000 2019," Always need to hydrate as much as you can my friend!!! Have a great day buddy!!!!'""","Wallingford, CT"
Mon May 20 10:33:56 +0000 2019," It\'s been great until u have a 5am conference call""'","Georgia, USA"
Mon May 20 10:33:56 +0000 2019,"WAIT, when was Jamie two handed? Show me that!\ ","Flower Mound, TX"
Mon May 20 10:33:54 +0000 2019," did Ken just compare Drew Carey to LeBron?'""","Cleveland, OH"
Mon May 20 10:33:54 +0000 2019,"      Thank you Mandy! Keep in touch.'""","Great Falls, VA"
Mon May 20 10:33:53 +0000 2019, is my spirit animal \ ,"San Diego, CA"
Mon May 20 10:33:53 +0000 2019,"Work hard, dream big and believe in yourself. #motivation #inspiration ","Ohio, USA"
Mon May 20 10:33:53 +0000 2019,Poor Arnold. ,"Ferndale, MI"
Mon May 20 10:33:52 +0000 2019," I\'m liking what I see and I would like to get some of that bro.""'","Knoxville, TN"
Mon May 20 10:33:51 +0000 2019,#Jueces9 ,"Bronx, NY"
Mon May 20 10:33:51 +0000 2019," Another day of executive time, ending with a white nationalist pep rally.'""","Queens, NY"
Mon May 20 10:33:51 +0000 2019,"current weather in Cincinnati: light rain, 59\ humidity, wind 8mph, pressure 1015mb'""","Cincinnati, OH"
Mon May 20 10:33:51 +0000 2019,"  I notice you don\ say anything about what the US had to give in return.'""","Knoxville, TN"
Mon May 20 10:33:50 +0000 2019,"'I Like My Women BBW...The Bitch ""Betta Be Working""\","Milwaukee, WI"
Mon May 20 10:33:49 +0000 2019,The cups and now the bottles were emblematic of the rush to finish this series. #GameOfThronesFinale ,"Plainfield, NJ"
Mon May 20 10:33:49 +0000 2019,Really on the ramp ? ,"Philadelphia, PA"
Mon May 20 10:33:49 +0000 2019,"So bc my parents didn\ pay for all my shit, they didn\ raise me? ","River Rouge, MI"
Mon May 20 10:33:49 +0000 2019,"Waking up in a shitty headspace is the most unfair, it\ not even 5am and I\ already cried today, the rest of tod\ ","Colorado Springs, CO"
Mon May 20 10:33:47 +0000 2019,"mhm.'""","Chicago, IL"
Mon May 20 10:33:47 +0000 2019,    If Steph Wins The Ship Without KD(I Don\'t Think He\'s Coming Bac\ ,"Flat Rock, MI"
Mon May 20 10:33:47 +0000 2019, \ \ \ \ .. \ \ \ \ \ \\n\,"Alexandria, VA"
Mon May 20 10:33:47 +0000 2019,"Austin just isn\ Austin anymore. #MakeAustinAustinAgain'""","Round Rock, TX"
Mon May 20 10:33:46 +0000 2019,"Se despedir de quem a gente ama, sem a certeza de que vai ver de novo \ uma dor sem tamanho'""","Duluth, GA"
Mon May 20 10:33:46 +0000 2019,#5am #thegrind #bestyouyet \\n\\nSo it\'s Monday the being off the week and a fresh start let\'s get it. @ Octagon MMA ,"Dallas, TX"
Mon May 20 10:33:45 +0000 2019,     Nah I think you wish we did tho...\\nYou know misery loves com\ ,"Gretna, LA"
Mon May 20 10:33:44 +0000 2019,"We are having a lovely Sunday rehearsal here at Snipes! Please come join us for Songs Of Hope, featuring Snipes and\ ","North Carolina, USA"
Mon May 20 10:33:44 +0000 2019," Super hero Cum save me'""","Marion, OH"
Mon May 20 10:33:43 +0000 2019," Either way you are gorgeous'""","Brockton, MA"
Mon May 20 10:33:43 +0000 2019," :*'""","San Diego, CA"
Mon May 20 10:33:42 +0000 2019,Fugindo de spoiler de #GOT de manh\ ,"Queens, NY"
Mon May 20 10:33:42 +0000 2019,"A dangerous weather day is upon us and the SPC has issued a high risk for severe weather across TX,OK, and portions\ ","Asheville, NC"
Mon May 20 10:33:42 +0000 2019,Bus is loaded for trip up to Wagner College for students to experience a Leaderdship Development Course. Early star\ ,"Pennsylvania, USA"
Mon May 20 10:33:42 +0000 2019,"5:25am: sunrise\\nsunset will be at 8:10pm'""","North Chicago, IL"
Mon May 20 10:33:41 +0000 2019,Do not ask me why I\ up cause Idk \,"St Louis, MO"
Mon May 20 10:33:41 +0000 2019,The boys sleep and my ass just up \,"Gulfport, MS"
Mon May 20 10:33:41 +0000 2019,"   Amazing!!!!'""","Fishers, IN"
Mon May 20 10:33:41 +0000 2019,Good morning! We back we back we back. The first 2 pics capture what happens every morning as I sit down with my co\ ,"Chesapeake, OH"
Mon May 20 10:33:41 +0000 2019, Sad! ,"Kentucky, USA"
Mon May 20 10:33:41 +0000 2019," Ahh. Arya saved the world .... decent why to your question.'""","Port Orange, FL"
Mon May 20 10:33:40 +0000 2019,"I want food'""","San Jose, CA"
