Date,Tweet
Date,eet',Country
Mon May 13 09:41:27 +0000 2019,My sexy ass gf def needa hear this \ ,"Cedar Rapids, IA"
Mon May 13 09:41:26 +0000 2019,"Cleared: Road Work - HARTFORD #I91 North at Exit 28 (RTES 5 & 15 SB) at 5/13/2019 5:41:03 AM'""","Hartford, CT"
Mon May 13 09:41:24 +0000 2019,"KANSAS CITY, MO (KCTV) \ First Student Inc., has announced in a letter  to the State of Missouri that they will lay\ ","North Carolina, USA"
Mon May 13 09:41:24 +0000 2019,  I\ having a hard time constructing a reason to rewrite a significant enough amount of dat\ ,"Glenn Dale, MD"
Mon May 13 09:41:22 +0000 2019,"Literally I\ cold af, I need Canadian goose'""","Colorado, USA"
Mon May 13 09:41:22 +0000 2019,"I\ so sad. I can\ tell you how emotionally draining this year has been, but I have to realize I\ young & this is\ ","Alamogordo, NM"
Mon May 13 09:41:21 +0000 2019,"  Childish memes and no facts from the left as usual'""","New Fairfield, CT"
Mon May 13 09:41:20 +0000 2019,"       The problem is, trump jr.\ ","Oildale, CA"
Mon May 13 09:41:20 +0000 2019,"current weather in Pittsfield: overcast clouds, 41\ humidity, wind 5mph, pressure 1012mb'""","Pittsfield, MA"
Mon May 13 09:41:19 +0000 2019,Of lights and sounds \ .\\n\\n#axelwallyph\\n#life\\n#lifestyle \\n#travel\\n#fashion\\n#adventure\\n#blogger\\n#artist\\n#LasVegas\ ,"Las Vegas, NV"
Mon May 13 09:41:18 +0000 2019,Bitch my older sisters raised me and I ain\'t the only one so YES older sisters deserve their own day ,"Knik-Fairview, AK"
Mon May 13 09:41:18 +0000 2019,"' My most unpopular opinion?  ""Freedom of choice"" is really freedom from consequences of bad choices. T\ ","Indiana, USA"
Mon May 13 09:41:18 +0000 2019,"A real honest question for my #Philly faithful what\ the worst L  drop or the cinco doink? Struggling with both right now'""","Pennsylvania, USA"
Mon May 13 09:41:18 +0000 2019,Good idea.Let all us be positive. ,"Piscataway, NJ"
Mon May 13 09:41:16 +0000 2019,What was your first job? I was a sandwich artist at  Good times\ Let us know  Sunrisers ,"Golden Valley, MN"
Mon May 13 09:41:16 +0000 2019,"If only'""","Fresno, CA"
Mon May 13 09:41:15 +0000 2019," I just started yesterday, barely on Episode 9 Season 1. Does it get good?'""","Carson, CA"
Mon May 13 09:41:14 +0000 2019," I\ from Georgia'""","Georgia, USA"
Mon May 13 09:41:13 +0000 2019,Let the work be your voice and the doubters being your motivation and your circle be your why it\ only going to ignite your drive \,"Lackawanna, NY"
Mon May 13 09:41:12 +0000 2019, Get ya friend for backup \,"Pittsburgh, PA"
Mon May 13 09:41:11 +0000 2019,"current weather in New Britain: overcast clouds, 41\ humidity, wind 5mph, pressure 1013mb'""","New Britain, CT"
Mon May 13 09:41:11 +0000 2019,"What do you do when individuals interfere with your financial stability, success, advancement, or placement for som\ ",The View at Mill Run
Mon May 13 09:41:11 +0000 2019,Bible quote of the day friends \ ,"Norfolk, VA"
Mon May 13 09:41:11 +0000 2019, You got this!! \,"Queens, NY"
Mon May 13 09:41:10 +0000 2019,And y\'all wanted me to spends weeks trying to catch up for this let down smh ,"Virginia, USA"
Mon May 13 09:41:10 +0000 2019,The NYMA was a place parents sent their incorrigible boys to get some measure of discipline they couldn\ enforce.\ ,"Key West, FL"
Mon May 13 09:41:10 +0000 2019,I loved Dracarys and the Twitter rage from people who refused to see 8 years of build up for last night and who did\ ,"Queens, NY"
Mon May 13 09:41:10 +0000 2019,"Good morning, New York! :) #Sunrise 05:41, noon 12:52, sunset 20:04 EDT (UTC-4), May 13. Day length: 14h 24m.'""","Manhattan, NY"
Mon May 13 09:41:09 +0000 2019," 3 generations of pure beauty'""","Cleveland, OH"
Mon May 13 09:41:09 +0000 2019,,"Southfield, MI"
Mon May 13 09:41:09 +0000 2019," Agreed.'""","Portland, ME"
Mon May 13 09:41:09 +0000 2019,"Yeah the money good but them hours ain\ shit'""","Tracy, CA"
Mon May 13 09:41:08 +0000 2019,it was a good weekend with no social media \,"Glasgow, DE"
Mon May 13 09:41:06 +0000 2019,"   Lmao cuz u a bullshit dude'""","Houston, TX"
Mon May 13 09:41:06 +0000 2019,"Money really is the root of all evil'""","Tucker, GA"
Mon May 13 09:41:05 +0000 2019,"you know who makes good anime\\n\\ntoe-ei animation'""","Atlanta, GA"
Mon May 13 09:41:02 +0000 2019,"PARKING PROBLEM at N PORTSMOUTH AVE / N STRONG ST, PORTLAND, OR [Portland Police #PP19000156103] 02:11 #pdx911'""","Portland, OR"
Mon May 13 09:41:01 +0000 2019,  All of them are really good \,"Texas, USA"
Mon May 13 09:41:01 +0000 2019,Disabled vehicle in #Milton on Expwy SB at EX 11 - Granite Ave #traffic ,"Milton, MA"
Mon May 13 09:41:00 +0000 2019,Who would think sarab0817 would be a boy\ mom? And a great one at that. Happy Mother\ Day @ Miyabi Kyoto Japanese\ ,"South Carolina, USA"
Mon May 13 09:40:58 +0000 2019,"Impatiently waiting'""","Napa, CA"
Mon May 13 09:40:58 +0000 2019,"Gm @ New York, New York ","Manhattan, NY"
Mon May 13 09:40:58 +0000 2019,"what a night'""","East Hemet, CA"
Mon May 13 09:40:55 +0000 2019," Ustedes los Manudos handan celebrando los drenajes del estadio y la cerveza en Ricardo, desen Vida Mis hijos.'""","Palm Beach Gardens, FL"
Mon May 13 09:40:55 +0000 2019,   I guarantee if the sequence were flipped\ even changing the gender o\ ,"Philadelphia, PA"
Mon May 13 09:40:54 +0000 2019,That kiss on the finale tho  damnnnnnnnnnnn good pick! \,"Mount Vernon, NY"
Mon May 13 09:40:54 +0000 2019,"I don\ miss u anymore I miss who u use to be'""","Kentucky, USA"
Mon May 13 09:40:52 +0000 2019, starts today!  &  are already in #SantaClara and can\'t wait for the exhibition to st\ ,"Santa Clara, CA"
Mon May 13 09:40:49 +0000 2019, AHAHAHA \ AHAHAHA \ FUNNY KENT STATE STARR\,"Westerville, OH"
Mon May 13 09:40:48 +0000 2019,"BORED AS FUCK'""","Lake Charles, LA"
Mon May 13 09:40:48 +0000 2019,"Pretty Much in post-only mode until I catch up on that show ^_^'""","Somerville, MA"
Mon May 13 09:40:46 +0000 2019,"Any candidate that seeks & accepts endorsements from Brand New Congress, Our Revolution or Justice Dems is automati\ ","Missouri, USA"
Mon May 13 09:40:46 +0000 2019,"my anxiety is thru the ROOF rn tbh'""","Los Angeles, CA"
Mon May 13 09:40:46 +0000 2019,A very blessed \ and happy Monday campers! Thank you God for another day \ hot herbal tea with honey \ and gritty o\ ,"Park Forest, IL"
Mon May 13 09:40:45 +0000 2019,Quote of the day friends \ ,"Norfolk, VA"
Mon May 13 09:40:45 +0000 2019,"As long as one person out there got it, I consider it a win!! ","Los Angeles, CA"
Mon May 13 09:40:44 +0000 2019,"  What time for us NA plebs?'""","Redondo Beach, CA"
Mon May 13 09:40:43 +0000 2019,"  Kevin Harlin is God.'""","New York, USA"
Mon May 13 09:40:43 +0000 2019,"they told the story in such a way that even an audience that is well aware of his true nature will fall victim to his guise.'""","Slidell, LA"
Mon May 13 09:40:43 +0000 2019,Dead never practice what I preach\,"Queens, NY"
Mon May 13 09:40:42 +0000 2019,but the true genius lies in the way they were able to depict just how charming and charismatic the monster was. a t\ ,"Slidell, LA"
Mon May 13 09:40:42 +0000 2019,#ExtremelyWicked 10/10 could not have done a better job telling the story. the writer and director could\ gone th\ ,"Slidell, LA"
Mon May 13 09:40:41 +0000 2019,Good morning\ ,"Brooklyn, NY"
Mon May 13 09:40:40 +0000 2019,I hate nights like these. I\ beyond restless and anxious. My brain won\ shut off and I just keep overthinking eve\ ,"Santa Clarita, CA"
Mon May 13 09:40:39 +0000 2019,i ask myself the same thing ,"Chicago, IL"
Mon May 13 09:40:39 +0000 2019,"Slept pretty well last night \ #goodmorning #Monday #NewWeek #NewOpportunities'""","Queens, NY"
Mon May 13 09:40:38 +0000 2019,#volvov70 #volvo #365project #highmileagevolvo #sashathevolvo #volvolove #may10th2019 #aftermarketaudio #volvo_pics\ ,"Greenville, SC"
Mon May 13 09:40:37 +0000 2019," Omg her little mat I love'""","Worcester, MA"
Mon May 13 09:40:36 +0000 2019, \,"Washington, DC"
Mon May 13 09:40:35 +0000 2019,It\ Monday and it\ time to shine like a firework-Fireworks at American Legion boat and canoe ,American Legion Boat & Canoe Club
Mon May 13 09:40:35 +0000 2019,"I can\ sleep at all'""","Phoenix, AZ"
Mon May 13 09:40:35 +0000 2019," That is true but it seems to me the government is more screwed up than ever how do you account for that.'""","West Babylon, NY"
Mon May 13 09:40:34 +0000 2019,They could\ gone ANY OTHER WAY with the ending but they chose to do THIS??? What\ worse is I doubt the next epis\ ,"El Paso, TX"
Mon May 13 09:40:34 +0000 2019,Omg \ ,"Los Angeles, CA"
Mon May 13 09:40:34 +0000 2019, Sweet send pics \,"Texas, USA"
Mon May 13 09:40:32 +0000 2019,DIE ,"Vermont, USA"
Mon May 13 09:40:31 +0000 2019,Nadaan sa filter beh \ ,"Queens, NY"
Mon May 13 09:40:30 +0000 2019,Hope everyone had an amazing weekend & have an amazing day today my friends love all of you so much & thank you for\ ,"Norfolk, VA"
Mon May 13 09:40:30 +0000 2019,"Accident, two lanes blocked in #Covington on I-71 NB between KY-1072 and 12th St, stop and go traffic back to KY-1072, delay of 10 mins'""","Fort Wright, KY"
Mon May 13 09:40:29 +0000 2019,"Jamie just should of sat his ass in winterfell!! Dummy'""","Delaware, USA"
Mon May 13 09:40:29 +0000 2019,Sickening .... that\ his TWIN ! ,"Signal Hill, CA"
Mon May 13 09:40:28 +0000 2019," Why tf r u awake'""","Los Angeles, CA"
Mon May 13 09:40:28 +0000 2019,"America, the beautiful. ","Manhattan, NY"
Mon May 13 09:40:28 +0000 2019,#verseoftheday @ The Porter House ,"Fruitville, FL"
Mon May 13 09:40:27 +0000 2019,I just finished day 5 of the  plan \'Hope For The Hopeless\'. Check it out here:\\n,"Pennsylvania, USA"
Mon May 13 09:40:27 +0000 2019," i just woke up, sorry \","Charleston, MS"
Mon May 13 09:40:27 +0000 2019,Switched from champagne \ to red wine \,"Bogalusa, LA"
Mon May 13 09:40:27 +0000 2019,Every VT HS AD just shakes their head and immediately begins looking at where they will reschedule their cancellati\ ,"Jericho, VT"
Mon May 13 09:40:26 +0000 2019,"Let\ hope I care enough tomorrow homeboy.'""","Riverside, CA"
Mon May 13 09:40:25 +0000 2019,"Real talk are u actually ready for EDC this year???'""","Miami, FL"
Mon May 13 09:40:25 +0000 2019,McM \ #beardy #beardselfie #bearbear\\n#agbada #agbadastyles #agbadagang\\n#freshlook #freshmanforever\ ,"Wheaton, IL"
Mon May 13 09:40:24 +0000 2019,i think it\ best for me to take a break from twitter for a little. ,"Florida, USA"
Mon May 13 09:40:22 +0000 2019,"People complain when #GamefThrones does things that are too much for fan service, then when they go against that, t\ ","Los Angeles, CA"
Mon May 13 09:40:21 +0000 2019," Ahhh same here!'""","Atlanta, GA"
Mon May 13 09:40:20 +0000 2019,"     it was huge fun both Friday & Saturday (until the storms came but we got all of the games in)!'""","Winnsboro Mills, SC"
Mon May 13 09:40:20 +0000 2019, I do think he finished winds of winter a while ago but decided to let the show finish to A buy him\ ,"Los Angeles, CA"
Mon May 13 09:40:20 +0000 2019,9:36 for my mile today \ ,"Maryland, USA"
Mon May 13 09:40:20 +0000 2019,That\ Lame As Hell \ ,"Columbus, OH"
Mon May 13 09:40:19 +0000 2019," Is there anyway to love  more than the universe.  #beautifulsoul'""","Frederick, MD"
Mon May 13 09:40:19 +0000 2019, We need Elizabeth Warren she will win against Trump and establish a solid foundation and right the wrongs of\ ,"Westland, MI"
Mon May 13 09:40:19 +0000 2019,"  Thank you this was a very moving post.'""","San Francisco, CA"
Mon May 13 09:40:19 +0000 2019,"By now, Joe realizes that most all the dope is not from Mexico or border, Fact is, most of the white packets of stu\ ","Wisconsin, USA"
Mon May 13 09:40:18 +0000 2019, That\'s because they\'re all running for PRESIDENT you IDIOTS!!\,"Bellevue, NE"
Mon May 13 09:40:16 +0000 2019," Love and miss you'""","Toledo, OH"
Mon May 13 09:40:16 +0000 2019, I already consider you a friend and I hope to come to Japan. I hope to explore much more of the wo\ ,"South Carolina, USA"
Mon May 13 09:40:15 +0000 2019," We didn\ want that'""","Bayamón, USA"
Mon May 13 09:40:14 +0000 2019,"Nigga gave us spoken word on how to be a player. Pimperonomy1:11'""","Grand Prairie, TX"
Mon May 13 09:40:13 +0000 2019," Another impressive feat by two Podesti on feet, and a display of  family devotion.  Same\ ","Virginia, USA"
Mon May 13 09:40:12 +0000 2019, I know I tried working in the am a few times and I bought them killed somebody and snapped on people\ ,"Florida, USA"
Mon May 13 09:40:11 +0000 2019, You ought to actually read the report and stop spreading self serving falsehoods. There absolutely\ ,"Lake Mary, FL"
Mon May 13 09:40:11 +0000 2019,"Congrats to everyone graduating today from  #EmoryU #Emory2019 #ClassOf2019 #Graduation'""","Atlanta, GA"
Mon May 13 09:40:10 +0000 2019,  That was just so awesome. Hope you enjoyed your mother\'s day with her.\,"South Carolina, USA"
Mon May 13 09:40:08 +0000 2019," They ighhhttt, they running out....everybody got kids or damnear married lol'""","Oakland, CA"
Mon May 13 09:40:06 +0000 2019,"I\ been dealing with these headaches for a minute, I just don\ know what to do \","Greensboro, NC"
Mon May 13 09:40:06 +0000 2019,6201 West Belle Plaine Avenue ,"Chicago, IL"
Mon May 13 09:40:06 +0000 2019,"I only had a couple drinks last night\\nAnd few good hits from an antler pipe And I must admit, I had a few white lin\ ","Kermit, TX"
Mon May 13 09:40:06 +0000 2019,"I really just woke up thinking I had to get ready for work \ it\ 2:40 lol'""","Stockton, CA"
Mon May 13 09:40:06 +0000 2019," Thank you. We had a good day.'""","Coleman, TX"
Mon May 13 09:40:06 +0000 2019," Wonderful prayer'""","Youngtown, AZ"
Mon May 13 09:40:05 +0000 2019,"Want to work in #Corona, CA? View our latest opening:  #Merchandiser'""","Corona, CA"
Mon May 13 09:40:04 +0000 2019," This breaks the hearts of people that have hearts.'""","Pennsylvania, USA"
Mon May 13 09:40:03 +0000 2019,  \,"Honolulu, HI"
Mon May 13 09:40:02 +0000 2019,"3e2119a200pE2437'""","Little Rock, AR"
Mon May 13 09:40:02 +0000 2019," That woman is bat sh*t crazy.'""","Modesto, CA"
Mon May 13 09:40:02 +0000 2019,"#USGS08067100 - Trinity Rv nr Moss Bluff, TX\\nHeight: 14.79ft \ (12.2ft)\\nFlow: N/Acfs\\n","Texas, USA"
Mon May 13 09:40:01 +0000 2019,I swear this movie taught me you can be depressed and happy all at the same time ,"South Carolina, USA"
Mon May 13 09:39:59 +0000 2019,"      hell'""","Atlanta, GA"
Mon May 13 09:39:59 +0000 2019," Just respect'""","Port St Lucie, FL"
Mon May 13 09:39:59 +0000 2019,"Relationships just isn\ for me , I guess \ seriously \ tired of a mf trying to tell what I need to do or don\ ","Cincinnati, OH"
Mon May 13 09:39:58 +0000 2019,  it\ very greek ,"Worcester, MA"
Mon May 13 09:39:57 +0000 2019,RT\\n( ONLY INBOUND Appears affected at the present ) ,"Pittsburgh, PA"
Mon May 13 09:39:57 +0000 2019," That\ fine, the U.S. shouldn\ be doing business with such a repressive regime anyway'""","Washington, DC"
Mon May 13 09:39:55 +0000 2019,"Detroit, Michigan & Windsor, Canada #fishermen #boat #border #canada #canadian #windsor #detroit #michigan #water\ ","Detroit, MI"
Mon May 13 09:39:54 +0000 2019," \ \ \ \ \ \ \ .'""","Chicago, IL"
Mon May 13 09:39:51 +0000 2019,"I\'m at Brookfield Place (BFPL) -  in New York, NY ","Manhattan, NY"
Mon May 13 09:39:50 +0000 2019,**Reason Behind Inflation** Is It IMF or Something Else | Media Has An I...  via ,"Wade Hampton, SC"
Mon May 13 09:39:49 +0000 2019,Mexico la transformacion de 4ta y los prietos de morena deben retirar su apoyo al dictador Nicolas Maduro !! Solo l\ ,"Los Angeles, CA"
Mon May 13 09:39:49 +0000 2019,Mother\'s Day fun! Nothing better than time with our kids :) ,"Belle Glade, FL"
Mon May 13 09:39:49 +0000 2019,"  Ok then, my eyes weren\'t deceiving me.""'","Omaha, NE"
Mon May 13 09:39:48 +0000 2019,"birthday\ coming up and it\ be the first one my dad won\ be at, ion want to do shit'""","Washington, USA"
Mon May 13 09:39:47 +0000 2019,"Who up?'""","Scottsdale, AZ"
Mon May 13 09:39:47 +0000 2019,"We did it. King Tall T, Larry Williams and myself, at East Lake United Methodists Church on the 3rd floor, broke th\ ","Birmingham, AL"
Mon May 13 09:39:47 +0000 2019, Fact checking is key to any artist .. it makes them feel good I know because I\ a Publicist.. but some radio\ ,"Bronx, NY"
Mon May 13 09:39:45 +0000 2019," Hoping you enjoyed an awesome mother\'s day!""'","Brooklyn, NY"
Mon May 13 09:39:44 +0000 2019,"current weather in Westfield: overcast clouds, 40\ humidity, wind 6mph, pressure 1013mb'""","Westfield, MA"
Mon May 13 09:39:44 +0000 2019,"I am now convinced that people are over invested in GOT.'""","University City, MO"
Mon May 13 09:39:44 +0000 2019,Just yes ,"Early, TX"
Mon May 13 09:39:43 +0000 2019,RT  Singer Jamie Dunlap Just Couldn\'t Sing Anymore. She\'ll Be Switches From The Singer Into The Jazz Violi\ ,"North Carolina, USA"
Mon May 13 09:39:42 +0000 2019,"best sleep I\ had in a week was Saturday night. Woke up Sunday and still have not slept. It\ now 5:45 Monday morning lol send help plz'""","Charlotte, NC"
Mon May 13 09:39:42 +0000 2019,The best way to knowing Cornelius\' favor is by his name and the purpose by which his many prayers and alms became n\ ,"Manhattan, NY"
Mon May 13 09:39:42 +0000 2019," thank you for beating Philly!  is so depressed \ #TorontoRaptors #NBAPlayoffs2019'""","Enola, PA"
Mon May 13 09:39:42 +0000 2019,   It\ a battle being fought on all fronts. I honestly am open to anyone\ ,"Philadelphia, PA"
Mon May 13 09:39:42 +0000 2019,"It is very sad that Warren, who is proposing amazing policies in immense detail, is behind both Buttigieg and Biden\ ","Houston, TX"
Mon May 13 09:39:41 +0000 2019,"Low key sad that Ime n chucky didn\ get invited to the house party which was local aka aggtown      #bas'""","Arlington, TX"
Mon May 13 09:39:40 +0000 2019,"If YOU can...PLEASE GIVE:\\n Christian Co. WHO has recorded the Holy Bible in over 1,250\\nLAN\ ","Philadelphia, PA"
Mon May 13 09:39:40 +0000 2019,More Mas\ Is Much Needed. \ @ Fairmont Austin ,"Austin, TX"
Mon May 13 09:41:56 +0000 2019," Since I am a teacher...the ability to know exactly how to reach each child and help them learn and grow.'""","Land O' Lakes, FL"
Mon May 13 09:41:56 +0000 2019,"Im staaaaarving'""","Oakland, CA"
Mon May 13 09:41:56 +0000 2019," As a vegan endurance athlete, I know people who follow Keto/carne for bodybuilding/powerlifting but none w\ ","Rockville, MD"
Mon May 13 09:41:55 +0000 2019,"Buenas noches putos'""","Visalia, CA"
Mon May 13 09:41:55 +0000 2019,"If you\'re looking for work in #Harrisburg, PA, check out this job:  #Sales""'","Progress, PA"
Mon May 13 09:41:54 +0000 2019, Puddles everywhere with all the rain lately. \,"Allen, TX"
Mon May 13 09:41:53 +0000 2019,Stoked to mantra all day/everyday for an unknown time frame because I have no other choice.. other than \,"Bel Air North, MD"
Mon May 13 09:41:53 +0000 2019,At the end of final of #GHFantasyDuels #FPL H2H \\n\\n(1)  76-47  (7)\\n\\nLarry becomes the 1st per\ ,"Arlington, VA"
Mon May 13 09:41:52 +0000 2019,Harris-Biden\ ,"Vermont, USA"
Mon May 13 09:41:52 +0000 2019," \ think you should get outta here\ ily'""","San Antonio, TX"
Mon May 13 09:41:51 +0000 2019,"current weather in East Hartford: overcast clouds, 41\ humidity, wind 5mph, pressure 1013mb'""","East Hartford, CT"
Mon May 13 09:41:51 +0000 2019,Remember to inspire at least one person today my friends \ ,"Norfolk, VA"
Mon May 13 09:41:51 +0000 2019,Block Button ,"Sanford, NC"
Mon May 13 09:41:50 +0000 2019,"had the chance to see & swim with the aloha dolphins \ they\'re lovely and sweet, please please save them. turn your\ ","Kailua, HI"
Mon May 13 09:41:50 +0000 2019,"      Your racism is showing.'""","Oildale, CA"
Mon May 13 09:41:50 +0000 2019, Congratulations!\,"Pennsylvania, USA"
Mon May 13 09:41:49 +0000 2019,"It\ that time again... #Workflow'""","Texas, USA"
Mon May 13 09:41:48 +0000 2019, Feliz lunes doncella Tairy \ ,"North Bergen, NJ"
Mon May 13 09:41:47 +0000 2019,That was a crazy game. Would\'ve loved to be there. ,"North Las Vegas, NV"
Mon May 13 09:41:46 +0000 2019,"Really loved this recap of last night\ episode. I think it does something challenging, acknowledging multiple pers\ ","Manhattan, NY"
Mon May 13 09:41:46 +0000 2019," \ I suck, but I look good and cool when I play!'""","Baltimore, MD"
Mon May 13 09:41:46 +0000 2019,Fantasy #NBAPlayoffs in Kings Landing gonna look like this after Dany & Drogon team loses! #GameOfThrones ,"Queens, NY"
Mon May 13 09:41:46 +0000 2019,"This season of #GoT is ruining the whole show. Nothing they can really do in the last episode to make up for it'""","Laguna, CA"
Mon May 13 09:41:45 +0000 2019," I\ with you!'""","Pennsylvania, USA"
Mon May 13 09:41:45 +0000 2019,Of course they are it was never about truth or justice ,"North Carolina, USA"
Mon May 13 09:41:43 +0000 2019,"  This is the real BURKA'""","Corona, CA"
Mon May 13 09:41:43 +0000 2019,The #mondaymorning blues are going to last all day. #nosunforyou and afternoon highs 15-20\ below average! 80% chan\ ,"Washington, DC"
Mon May 13 09:41:42 +0000 2019,"  EZ it\'s Steph Curry again those guys are great & then there was Steph""'","Vacaville, CA"
Mon May 13 09:41:41 +0000 2019,In sooo much pain!! My head is splitting and my upper jaw feels like it\'s on fire.. you think when I call my doctor\ ,"Metairie, LA"
Mon May 13 09:41:41 +0000 2019," Sad sad'""","Philadelphia, PA"
Mon May 13 09:41:41 +0000 2019, The #SexStrike proves that sex is only a commodity for women. They obviously don\ value it that much if t\ ,"South Carolina, USA"
Mon May 13 09:41:41 +0000 2019, Nice! ,"Jamesburg, NJ"
Mon May 13 09:41:40 +0000 2019,"Bihhh, I just got in Chalmette from driving 6 hours so I decided to nap in McDonald\ parking lot until the DMV ope\ ","Meraux, LA"
Mon May 13 09:41:39 +0000 2019,"     In the Promenade between Flamingo and Linq'""","Pennsylvania, USA"
Mon May 13 09:41:37 +0000 2019, thanks tiffy!! You right baby \,"California, USA"
Mon May 13 09:41:37 +0000 2019,"Tati just hit 9 million right when I saw her post about her now uploading tomorrow. Icon tbh'""","Miami, FL"
Mon May 13 09:41:37 +0000 2019,"All you lil haters is doomed'""","Colorado, USA"
Mon May 13 09:41:36 +0000 2019,Tune into WRDE TODAY this morning for your local news updates on Delmarva. ,"Milton, DE"
Mon May 13 09:41:35 +0000 2019,"A man recently messaged me pretending to be a former lover. I didn\'t realize I\'d been catfished til we had sex and he made me cum""'","Los Angeles, CA"
Mon May 13 09:41:35 +0000 2019,Once the rest of the media picks this up.. it\ over for you hoes ,"Houston, TX"
Mon May 13 09:41:34 +0000 2019,"Everyday i thank the lord that i aint you & you aint me.'""","Los Angeles, CA"
Mon May 13 09:41:33 +0000 2019,"Would I be outta pocket to fix a bowl of captain crunch  right now ?'""","Oakland, CA"
Mon May 13 09:41:32 +0000 2019,#RiseNShine its #HoopDreams session with da  AM \ crew.... it\ been awhile - wasn\ sure if I remembere\ ,"Raleigh, NC"
Mon May 13 09:41:32 +0000 2019, Polakamanm \,"Wylie, TX"
Mon May 13 09:41:31 +0000 2019,Love this bible verse \ ,"Norfolk, VA"
Mon May 13 09:41:31 +0000 2019,One more reason why  awesome! I\'m definitely grateful for his flexibility in #classyvideos and\ ,"Holly Springs, NC"
Mon May 13 09:41:31 +0000 2019,"The sun really coming up & im just getting home\ Gn'""","Philadelphia, PA"
Mon May 13 09:41:29 +0000 2019,"The only time I disable ad blocker is when I use a citation generator website'""","Ontario, CA"
Mon May 13 09:41:28 +0000 2019,"'As you\\\'re waking up, read Proverbs 13, from The Message ... ""Walk with the Wise."" ... Careful talk leads to a caref\ ","Park Forest, IL"
Mon May 13 09:41:28 +0000 2019,    Aww we miss you girl!!  Holla... ,"Charlotte, NC"
Mon May 13 09:56:50 +0000 2019,War sucks. People who glorify it tend to glorify it from afar. ,"North Springfield, VA"
Mon May 13 09:56:49 +0000 2019,"So, judging by his facial expressions last night amidst the #Daenerys & #Drogon torching of #KingsLanding, it appea\ ","Kentucky, USA"
Mon May 13 09:56:49 +0000 2019,"nothing alright is ever good enough.'""","Nashville, TN"
Mon May 13 09:56:48 +0000 2019,What kinda fucking monster was tall enough to reach this dude\ head? ,"West Virginia, USA"
Mon May 13 09:56:47 +0000 2019,  Bruh\,"Atlanta, GA"
Mon May 13 09:56:47 +0000 2019,"CAN IT STOP RAINING FFS'""","Brooklyn, NY"
Mon May 13 09:56:46 +0000 2019,"  Perfect!'""","Montgomery, AL"
Mon May 13 09:56:44 +0000 2019,With the constant light rain and no weather for drying. The greens have become too saturated for play this morning.\ ,"Decatur, IN"
Mon May 13 09:56:44 +0000 2019, Yoooo Ctfuuu he slid past in the back\ shit\,"Philadelphia, PA"
Mon May 13 09:56:44 +0000 2019," Lots of vapors!'""","Columbus, OH"
Mon May 13 09:56:44 +0000 2019,"I think I\ the only one who likes Monday as a work day.'""","Winchendon, MA"
Mon May 13 09:56:44 +0000 2019,I\ READY ,"Greensboro, NC"
Mon May 13 09:56:43 +0000 2019,You can\'t just visualize and go eat a sandwich.  #disciplineequalsfreedom #nolimits #0445club\ ,"New Orleans, LA"
Mon May 13 09:56:42 +0000 2019," He really think he a phone operator for a sex hotline'""","Phoenix, AZ"
Mon May 13 09:56:42 +0000 2019,Me redoing my resume: ,"Seattle, WA"
Mon May 13 09:56:41 +0000 2019,E Conn\'s Hashtag Station & E Conn\'s Magic Mirror Photo Booth LLC  #weworking #persistance\ ,"Manhattan, NY"
Mon May 13 09:56:41 +0000 2019," Rnb HipHop radio edited'""","Buffalo, NY"
Mon May 13 09:56:41 +0000 2019,18 days. \,"Franklin Center, NJ"
Mon May 13 09:56:40 +0000 2019,"Up before them... up after them.. good morning \ I thank good for another day of life!'""","Augusta, GA"
Mon May 13 09:56:39 +0000 2019, Glad u didn\ fall \,"Barnegat, NJ"
Mon May 13 09:56:39 +0000 2019, Est\ bien jod\,"Toa Alta, Puerto Rico"
Mon May 13 09:56:39 +0000 2019,"Car accidents every bone is broke, basketball size pockets of blood, death, respiratory failure. So many people are\ ","Wilkes-Barre, PA"
Mon May 13 09:56:39 +0000 2019,"when you see me do that shit you said you gone do .'""","Union City, GA"
Mon May 13 09:56:39 +0000 2019,"5:48am: sunrise\\nsunset will be at 8:24pm'""","Irondequoit, NY"
Mon May 13 09:56:38 +0000 2019,Last few days to vote! \ ,"Odessa, FL"
Mon May 13 09:56:37 +0000 2019,N-Word ,"Indiana, USA"
Mon May 13 09:56:37 +0000 2019,"'Plucked from my newsfeed:\\n\\nRevelation 8\\n\\n""So silent, you can hear a pin being dropped"" \\n\\nYesterday I reported what\ ","Manhattan, NY"
Mon May 13 09:56:36 +0000 2019,Hi. #Historian here. The settlement of the west has by no means been neglected by historians. #TurnerThesis ,"Brighton, NY"
Mon May 13 09:56:35 +0000 2019,Ahora a esperar el video de mis amiyde ,"Candelaria, Puerto Rico"
Mon May 13 09:56:33 +0000 2019,Amen ,"New Jersey, USA"
Mon May 13 09:56:33 +0000 2019,"'Chipotle tastes like white people saying ""I can\\\'t believe McDonald\\\'s owns this.""\''","Rock Falls, IL"
Mon May 13 09:56:33 +0000 2019,"Up before the sun'""","Georgia, USA"
Mon May 13 09:56:31 +0000 2019," In mine,  her parents were brutally murdered 30 years ago and she blames herself.'""","South Carolina, USA"
Mon May 13 09:56:31 +0000 2019,"dead bodies just show up in the river sometimes, no one knows'""","Wisconsin, USA"
Mon May 13 09:56:31 +0000 2019,"Swifties, the day just started.'""","Lowell, MA"
Mon May 13 09:56:29 +0000 2019,"U guys always talk shit but u dont know ur own self hahaha dumb bitches'""","Honolulu, HI"
Mon May 13 09:56:28 +0000 2019,Okay everyone. I\'m gonna picture dump some of my favorite Gruvia fanart from pinterest. I will try to tag artists.\ ,"Anchorage, AK"
Mon May 13 09:56:28 +0000 2019,"current weather in Sayreville: light intensity drizzle, 43\ humidity, wind 7mph, pressure 1012mb'""","Sayreville, NJ"
Mon May 13 09:56:28 +0000 2019,  They didn\'t execute it properly because of the short season and they are rushing everythin\ ,"Indianapolis, IN"
Mon May 13 09:56:27 +0000 2019,"Attention #Democrats: I voted for #Trump in 2016 not because I like him but because I hate you. Go to Hell you #Demonrats'""","Georgia, USA"
Mon May 13 09:56:27 +0000 2019,"we can paint our nails and watch romcoms'""","Southgate, MI"
Mon May 13 09:56:27 +0000 2019," Love it!!'""","East Dennis, MA"
Mon May 13 09:56:27 +0000 2019,Painting  by Michael Reed ,"San Francisco, CA"
Mon May 13 09:56:25 +0000 2019,"#GodsPROPERTY @ Washington, District of Columbia ","Washington, DC"
Mon May 13 09:56:25 +0000 2019,"Yes, great job! Only I had him at 40-1 to win the tournament and we don\ give out participation trophies in Sports\ ","North Miami Beach, FL"
Mon May 13 09:56:24 +0000 2019,S.T.I.C.K TO YOUR DREAMS:\\n\\n\ S-Stay away from toxic people\\n\ T-Try not to overthink.\\n\ I-Ignore negative opinions.\ ,"Vineland, NJ"
Mon May 13 09:56:24 +0000 2019,"I rejoice that thou dost know the depths of my soul, and that I may call upon thee to supply its needs. Make me wor\ ","New Jersey, USA"
Mon May 13 09:56:24 +0000 2019,Two days till I get to see this view #wdw #peoplemover #momlife #birthdayboycelebration #CCV #OKW #cantwait\ ,"Florida, USA"
Mon May 13 09:56:24 +0000 2019,"Maybe they are gonna pull a Dallas classic and this whole season 7 will be a dream/nightmare that Jon is having? #GamefThrones'""","Panama City, FL"
Mon May 13 09:56:23 +0000 2019,"Can\ wait to sleep in'""","Oshtemo, MI"
Mon May 13 09:56:23 +0000 2019,#motivationmonday ,"Hoover, AL"
Mon May 13 09:56:22 +0000 2019,Mucha atenci\ d recibir por whatsapp\\nmensaje de Manola De Rubeis:\\n\ listo y sin p\ a \\nrecogerse y\ ,"Margate, FL"
Mon May 13 09:56:22 +0000 2019,"     One bad game? You would call Clemson, Georgia\ ","Utica, NY"
Mon May 13 09:56:21 +0000 2019,"Yo, how fucked up was the movie Matilda though? There\ far too many things to even make a list. Watching it as an\ ","Stoughton, MA"
Mon May 13 09:56:21 +0000 2019,Hoy ser\ un gran d\ Mi querida  y yo estrenaremos nuestro programa de radio #ViVaLaVida a las 7 p\ ,"Sunny Isles Beach, FL"
Mon May 13 09:56:21 +0000 2019,Mezcal Carre\ Dinner at Talavera   ,"Scottsdale, AZ"
Mon May 13 09:56:21 +0000 2019,"How can one person be so damn clueless?'""","Brooklyn, NY"
Mon May 13 09:56:19 +0000 2019,"La CUT no representa a los trabajadores, representa al PC...'""","Los Angeles, CA"
Mon May 13 09:56:18 +0000 2019,"Thinking of getting really into the furby fandom when I move to Berkeley'""","Tempe, AZ"
Mon May 13 09:56:17 +0000 2019,"'Happy Monday! Currently,  its 44\ under Cloudy skies.  Sunrise: 5:32am, Sunset: 8:02pm.\\n\\n""But as for me and my hous\ ","Chicago, IL"
Mon May 13 09:56:16 +0000 2019,  Don\'t be a dick.\\n\\nWe all know that externalities are not properly priced.\\n\\nAnd whose\ ,"Princeville, HI"
Mon May 13 09:56:16 +0000 2019,"If we date in 2019 you can\'t dump me.I\'m too old for that.if your love runs out we will use mine.I\'ll hotspot you.""'","Manhattan, NY"
Mon May 13 09:56:16 +0000 2019," Amen'""","Waldorf, MD"
Mon May 13 09:56:15 +0000 2019,I never understood why chewing gum during certain times/jobs/events/etc is considered rude or unprofessional... my\ ,"Orlando, FL"
Mon May 13 09:56:15 +0000 2019," add another to your list'""","San Jose, CA"
Mon May 13 09:56:12 +0000 2019,This guy gets it ,"La Plata, MD"
Mon May 13 09:56:12 +0000 2019," She from California the state of Immortality.'""","Arizona, USA"
Mon May 13 09:56:12 +0000 2019,hi i scoop ice cream ,"Portland, OR"
Mon May 13 09:56:12 +0000 2019,"roommate gone for 2 weeks who wants to stay at my house at any point so i am less scared of the ghost we have in our bathroom'""","Southgate, MI"
Mon May 13 09:56:12 +0000 2019,"Happy Monday.'""","Queens, NY"
Mon May 13 09:56:11 +0000 2019,"Well fuck me.'""","Queens, NY"
Mon May 13 09:56:10 +0000 2019,"current weather in East Brunswick: light rain, 44\ humidity, wind 7mph, pressure 1012mb'""","East Brunswick, NJ"
Mon May 13 09:56:10 +0000 2019,Accident in #ParkwayWest on I-376 Inbound at Fort Pitt Tunl #traffic ,"Pittsburgh, PA"
Mon May 13 09:56:09 +0000 2019,"They need more   played in the strip club'""","Aventura, FL"
Mon May 13 09:56:09 +0000 2019,let\ get this bread ,"Georgia, USA"
Mon May 13 09:56:09 +0000 2019," Kinda hot.'""","Delaware, USA"
Mon May 13 09:56:08 +0000 2019,And I\'m waiting for someone to say OH YOU WASN\'T SAYING SHIT WHEN YALL WAS TOGETHER naw that\'s before the betrayel\ ,"Buffalo, NY"
Mon May 13 09:56:07 +0000 2019,It\ a HUMID one!! \ ,"Tampa, FL"
Mon May 13 09:56:06 +0000 2019,Game of Thrones was completely unpredictable but not in a good way. For the sake of my soul I needed to see Cersei\ ,"Kihei, HI"
Mon May 13 09:56:06 +0000 2019," ABOUT STARTING WITH YOUR 5 YEAR OLD HUSBAND.  DONT BE A HYPOCRITE, BECAUSE LIKE YOUR HUSBANDS CONSTANT\ ","Parkwood, CA"
Mon May 13 09:56:05 +0000 2019,5.13.19  ,"Manhattan, NY"
Mon May 13 09:56:04 +0000 2019," Royal Family + Paul Young'""","Durham, NC"
Mon May 13 09:56:04 +0000 2019,"Just posted a photo @ Plymouth, Massachusetts ","Plymouth, MA"
Mon May 13 09:56:04 +0000 2019, Don\ say that out loud ,"Berryville, VA"
Mon May 13 09:56:04 +0000 2019,"   Beautiful story of living and giving.'""","Georgia, USA"
Mon May 13 09:56:04 +0000 2019," I need one too !!'""","Marlborough, MA"
Mon May 13 09:56:03 +0000 2019,"'  ""Mexicans"" are direct descendants of early native Americans. \\nHell...we even kept the name\ ","Pennsylvania, USA"
Mon May 13 09:56:03 +0000 2019,"Zero sleep.  and #GameofThrones the reason. Turns out Dani is every bit a Targaryen, yes? The mad ones\ ","Virginia Beach, VA"
Mon May 13 09:56:03 +0000 2019,"I\'m at Walton Life Fitness Center -  in Bentonville, AR ","Bentonville, AR"
Mon May 13 09:56:03 +0000 2019,"#HappeningNow #TrafficAlert The westbound lanes of the road are closed near exit 182 (Harper Rd, Tanglewood) ","Greensboro, NC"
Mon May 13 09:56:02 +0000 2019," Come on'""","Baton Rouge, LA"
Mon May 13 09:56:01 +0000 2019," Pou poussiere an ou byen pou mango kiyes nan de sa yo'""","Mahwah, NJ"
Mon May 13 09:56:01 +0000 2019,"   It\'s great that this group of students is decided in 5th grade.""'","Mason, OH"
Mon May 13 09:56:01 +0000 2019,"Thank God I have Thursday off this week'""","Oshtemo, MI"
Mon May 13 09:56:00 +0000 2019, I guess I\ leave you to it Doll. No response. No Record Release. No Love Bomb. Just lots of Wannabees h\ ,"Winchester, TN"
Mon May 13 09:56:00 +0000 2019," you are an asshole an over cooked spaghetti spine.'""","Saratoga Springs, NY"
Mon May 13 09:56:00 +0000 2019,Process your face muscles gentleman in the government we need our eyes back do you get it you are trying to fight u\ ,"Oregon, USA"
Mon May 13 09:56:00 +0000 2019," Expert??   Smh...'""","Michigan, USA"
Mon May 13 09:56:00 +0000 2019,I gotta appreciate life more son ,"Long Branch, NJ"
Mon May 13 09:56:00 +0000 2019,SENIORS heading into their last full week of classes\\n#classof19 #epnd #8moredays ,"Centerville, OH"
Mon May 13 09:55:59 +0000 2019,Soooo cute! ,"Queens, NY"
Mon May 13 09:55:59 +0000 2019," Option A. We have seen what she is capable of when booked correctly (NXT, vs Ronda Rousey, etc.)..\ ","Mississippi, USA"
Mon May 13 09:55:59 +0000 2019, Prezi link has expired! \,"Texas, USA"
Mon May 13 09:55:58 +0000 2019," No entiendo el t\ locura que usan. Por otro lado, la destruccion total parecia innecesaria, sobr\ ","Kendall West, FL"
Mon May 13 09:55:58 +0000 2019,"   Lol and that\ the cheapest one! My fave is the fat $22,000 bracelet'""","Savannah, GA"
Mon May 13 09:55:57 +0000 2019,"Good morning HAPPY Monday Tweeps'""","Pittsfield, ME"
Mon May 13 09:55:57 +0000 2019,"apparently honesty is too hard for some people & it cracks me the actual F U C K up'""","Merkel, TX"
Mon May 13 09:55:57 +0000 2019,"if I were a Pok\ my main attack would be pushing people away :/'""","San Jose, CA"
Mon May 13 09:55:56 +0000 2019," Younger than 19 say it but you going all over the place now but you got it'""","Dallas, TX"
Mon May 13 09:55:56 +0000 2019,   Soooo cute! They match their moms! And how funny that Matt isn\ fully decked\ ,"Long Beach, CA"
Mon May 13 09:55:55 +0000 2019,"these feelings are wonderful but scary ...'""","Fresno, CA"
Mon May 13 09:55:55 +0000 2019,Most dramatic race lol I love us ,"Los Angeles, CA"
Mon May 13 09:55:55 +0000 2019,"Good morning! The weather may not be sunny and warm today in New York, but it\ perfectly dry in the gym! Start you\ ","Holbrook, NY"
Mon May 13 09:55:54 +0000 2019,"I don\ want to see any more videos of black men being killed . I just can\ . My nephews are my hearts , and I jus\ ","Atlanta, GA"
Mon May 13 09:55:54 +0000 2019,  No need to look any further for the next Bachelor.  of the Detroit  ju\ ,"Davison, MI"
Mon May 13 09:55:54 +0000 2019,"6 AM flights are so not the move'""","Gaithersburg, MD"
Mon May 13 09:55:53 +0000 2019," So amazing! Tears of relief & happiness, yet slso sadness for having been apart. Praying for lasting future happiness.'""","Brooklyn, NY"
Mon May 13 09:55:51 +0000 2019,"You\ right, I need you. You not being here drives me crazy, another sleepless night thinking about you..'""","Beeville, TX"
Mon May 13 09:55:51 +0000 2019, Yeah! Awesome opportunity. Everyone who completes it does a write up that\ kept on file for prospectiv\ ,"New York, USA"
Mon May 13 09:55:51 +0000 2019, \ to the mad max like a post apocalyptic future world\ ,"Florida, USA"
Mon May 13 09:55:51 +0000 2019,Fascist alt-left commie Democratic leaders!!  MORONS! ,"Chicago, IL"
Mon May 13 09:55:50 +0000 2019,  \ my manager just called me nd talked for 2 whole hrs\,"Huntsville, AL"
Mon May 13 09:55:50 +0000 2019,"Today, Lake County leaders are voting on a proposal that would bring nearly 1,600 security cameras to middle and hi\ ","Florida, USA"
Mon May 13 09:55:49 +0000 2019,3 mile bike ride to start my day\ echo bike ride that is!! #muchharderthanitlooks\ ,"Valdese, NC"
Mon May 13 09:55:48 +0000 2019,I just saw the most perfect booty on my in life I was like wow \,"Calverton, MD"
Mon May 13 09:55:47 +0000 2019,      \,"Michigan, USA"
Mon May 13 09:55:47 +0000 2019, are you going to be in Fort Myers with ,"Florida, USA"
Mon May 13 09:55:46 +0000 2019,"Get after it today! #millionairemindset #businessbuilding #roadto2020freedom #riseandgrind @ Queens, New York ","Queens, NY"
Mon May 13 09:55:46 +0000 2019,Pretty awesome ,"Carnegie, PA"
Mon May 13 09:55:46 +0000 2019,Can\ WAIT to get to work to talk about  Of course we will have to whisper to not spoil it for the people who\ ,"Dallas, TX"
Mon May 13 09:55:46 +0000 2019," Of course'""","Manhattan, NY"
Mon May 13 09:55:45 +0000 2019,I have discovered my like/preference for ranchera/Spanish ballads \,"Muscoy, CA"
Mon May 13 09:55:45 +0000 2019,   I only know what you say. YES to THEM but NO to MY PEOPLE. The only reason you p\ ,"Philadelphia, PA"
Mon May 13 09:55:45 +0000 2019, oh man \,"Georgia, USA"
Mon May 13 09:55:44 +0000 2019,What skills do you have? Have you found a way to use them? Spend time improving the skills you have and talking wit\ ,"Lake Butler, FL"
Mon May 13 09:55:44 +0000 2019,Thinking if I should pop out this weekend\,"Bronx, NY"
Mon May 13 09:55:42 +0000 2019," lol shut up'""","Houston, TX"
Mon May 13 09:55:42 +0000 2019,"  Wow, and so DT and fellow critters take it down another notch.\\n\\nResentment is a wonderful thing if that\ you have to sell.'""","Manhattan, NY"
Mon May 13 09:55:42 +0000 2019,#ZorrosGoneWild hahaha ,"Fresno, CA"
Mon May 13 09:55:41 +0000 2019, Best sound on a sunny morning while doing walkies is birds song...Makes you happy and more energetic. Have a good day. \,"Burlington, MA"
Mon May 13 09:55:41 +0000 2019,Won\'t soldiers have greater chance of getting killed or injured? ,"Apache Junction, AZ"
Mon May 13 09:55:40 +0000 2019, Ya cayate perro asqueroso l\ de M\ aya en tu pa\ Espa\ en M\ no te queremos das Asc\ corrupto ladr\,"Staten Island, NY"
Mon May 13 09:55:40 +0000 2019," *Giggles alot* XD *Groans atta my sore chest as I giggled* x.x'""","Everett, MA"
Mon May 13 09:55:40 +0000 2019," Hey Harr'""","Baltimore, MD"
Mon May 13 09:55:40 +0000 2019,"I\ been feeling anger lately and I\ ready to beat Someone\ ass'""","Chester, VA"
Mon May 13 09:55:37 +0000 2019,"Qu\ toda la vida'""","Miami, FL"
Mon May 13 09:55:36 +0000 2019,"Up'""","Illinois, USA"
Mon May 13 09:55:36 +0000 2019,"Larry Joe Scott, charged w/the 1972 murder of Bonnie Neighbors, is due in a Johnston County courtroom today. Hear h\ ","Smithfield, NC"
Mon May 13 09:55:34 +0000 2019,I\ sleeping and my speaker just randomly starts playing this song \ ,"Bronx, NY"
Mon May 13 09:55:34 +0000 2019,Arya finna kill Daenerys next week and maybe Jon too\,"Paradise, NV"
Mon May 13 09:55:33 +0000 2019,"Me gust\ el Ep. de Game of Thrones.'""","Candelaria, Puerto Rico"
Mon May 13 09:55:32 +0000 2019,"I get so jealous watching Mari peacefully sleep all night when I\ painfully awake for hours for no reason'""","Flint, MI"
Mon May 13 09:55:32 +0000 2019," I feel you bro. I\ trying to keep a level head and be patient for opportunities.'""","Reston, VA"
Mon May 13 09:55:31 +0000 2019, See now you going all around the tweet talking about next 4 years and shit . You missing the whole po\ ,"Dallas, TX"
Mon May 13 09:55:31 +0000 2019, \ ,"Dallas, TX"
Mon May 13 09:55:31 +0000 2019,"Once the Lakers pulled a dumb one, I said the same thing. ","Newark, DE"
Mon May 13 09:55:31 +0000 2019, I\ a early bird... my day just gettin started\,"Lafayette, LA"
Mon May 13 09:55:30 +0000 2019,This is True! ,"Dallas, TX"
Mon May 13 09:55:30 +0000 2019,Perfection is found in accepting your imperfections. Imperfectly Perfect. @ South Waterfront ,"Portland, OR"
Mon May 13 09:55:29 +0000 2019,"Your time is limited, so don\ waste it living someone else\ life. Don\ be trapped by dogma\ which is living with\ ","Lovejoy, GA"
Mon May 13 09:55:29 +0000 2019,What\ up Boston?! En route to a shoot \ \\n.\\n.\\n.\\n#mondaymotivation #happymonday #photoislife #zakimbridge #boston\ ,"Boston, MA"
Mon May 13 09:55:27 +0000 2019,"  You got me excited! I thought this was a movie or a miniseries, until I kept reading. T\ ","Altamonte Springs, FL"
Mon May 13 09:55:27 +0000 2019,2 hours into this trip and I\ already annoyed by these people.  \,"Grapevine, TX"
Mon May 13 09:55:26 +0000 2019," I can\ find those in my area'""","Columbus, OH"
Mon May 13 09:55:25 +0000 2019,*Greyworm sees his Queen killing indiscriminately* \\n\\nGreyworm: ,"Turnersville, NJ"
Mon May 13 09:55:25 +0000 2019,"  You wore it better'""","Pennsylvania, USA"
Mon May 13 09:55:24 +0000 2019,"Our Lady of Fatima, pray for us. ",Cathedral Basilica Of St. Augustine
Mon May 13 09:55:24 +0000 2019,"I need a bae with that super soaker to zip my ass every night tbh'""","Baker, LA"
Mon May 13 09:55:24 +0000 2019,"Getting my nails and eyebrows done this Thursday'""","Bronx, NY"
Mon May 13 09:55:24 +0000 2019,Honestly this is the best commentary I\ read about that #GOT episode I\ cackling ,"Brooklyn, NY"
Mon May 13 09:55:23 +0000 2019,"'  No!!! China is ""screwing over"" big business//corporations! So if THEY care so muc\ ","Bellevue, NE"
Mon May 13 09:55:23 +0000 2019," Yes, it will'""","Houston, TX"
Mon May 13 09:55:22 +0000 2019,Each nuclear reactor rod\\nGlows a deadly blue\\n\\nThe doomed project\ end\\nA hard to swallow truth\\n\\nPresence\\nOf\ ,"Fort Worth, TX"
Mon May 13 09:55:21 +0000 2019,"is it legal to cry while driving?..... asking for a friend'""",Bus stop
Mon May 13 09:55:20 +0000 2019," Megan Thee Stallion lyric lmao'""","Atlanta, GA"
Mon May 13 09:55:20 +0000 2019,  Ok.\\nYeah this rain sucks\,"Baltimore, MD"
Mon May 13 09:55:19 +0000 2019,"def wanna cry but it\ fine, i\ fine, everything\ fine'""","Dallas, TX"
Mon May 13 09:55:18 +0000 2019,"Little birds\\nThey do what\\nThey do best'""","Colchester, VT"
Mon May 13 09:55:18 +0000 2019,      \ \,"Michigan, USA"
Mon May 13 09:55:18 +0000 2019,"Honestly , I don\ know if I\ ever get better. Help us all.'""","Georgia, USA"
Mon May 13 09:55:17 +0000 2019,"Battery is at 8% ... my charger is in the living room, and I want cereal \","Los Angeles, CA"
Mon May 13 09:55:17 +0000 2019,I\ really up and that\ sad \,"Doral, FL"
Mon May 13 09:55:16 +0000 2019,"I\ a good catch and if you snooze on me that\ yo fault.'""","Chicago, IL"
Mon May 13 09:55:16 +0000 2019,Why is nobody reliving eating the eating muscle the most used muscle why does nobody have a job in Oregon hello rel\ ,"Oregon, USA"
Mon May 13 09:55:16 +0000 2019,"Rape case against WikiLeaks founder Julian Assange to be reopened, Swedish prosecutors say  #FoxNews'""","Gulfport, FL"
Mon May 13 09:55:15 +0000 2019,All I wanna say is happy Mother\ Day who lost there baby\ and trying to get through this Mother\ Day \,"Corpus Christi, TX"
Mon May 13 09:55:15 +0000 2019,I\ been up every hour tonight & was finally sleeping good & my loud ass neighbors woke me up \,"Fremont, OH"
Mon May 13 09:55:13 +0000 2019,"Messing around with Snapchat on Mother\ Day! #mothersday #loveyourself #family @ Staten Island, New York ","Staten Island, NY"
Mon May 13 09:55:13 +0000 2019,"Blinded by these laserzzzz'""","Los Angeles, CA"
Mon May 13 09:55:12 +0000 2019," Shut up lol'""","Houston, TX"
Mon May 13 09:55:12 +0000 2019, I can see that! \,"Georgia, USA"
Mon May 13 09:55:12 +0000 2019," hello'""","Montana, USA"
Mon May 13 09:55:11 +0000 2019,"Tired af'""","Columbus, OH"
Mon May 13 09:55:11 +0000 2019,Honestly this scene was worth all the wait. ,"Cheektowaga, NY"
Mon May 13 09:55:10 +0000 2019,     Interesting case....\\nHope this is reproducible in mo\ ,"Tampa, FL"
Mon May 13 09:55:10 +0000 2019,"I can\'t express the love i have for you knowing we dont feel the same. As much i want to, i must match your energy\ ","High Point, NC"
Mon May 13 09:55:10 +0000 2019," Here\'s my number 951 660 2505""'","Norco, CA"
Mon May 13 09:55:10 +0000 2019,Lol ,"Seymour, TN"
Mon May 13 09:55:09 +0000 2019,"Thursday, May 23rd of 2019\\n will be on\\n#Pulseofthestreetradio \\n\\n#podcast #hiphop #reggae #rnb\ ","Brooklyn, NY"
Mon May 13 09:55:07 +0000 2019,The seafood manager said he\ let me know if I could work for him this upcoming weekend. Still haven\ been told if\ ,"Burleson, TX"
Mon May 13 09:55:06 +0000 2019,So.... blgibbs1 made a nice cake for kimdeanerabc11.  And guess who has not even THOUGHT about sharing it. #rude  ,"Raleigh, NC"
Mon May 13 09:55:05 +0000 2019," i have either earLy ded or taaxs paid.'""","Texas, USA"
Mon May 13 09:55:03 +0000 2019,"1.9 magnitude #earthquake. 29 km from Anchor Point, AK, #UnitedStates ","Alaska, USA"
Mon May 13 09:55:03 +0000 2019,#Monday #MusicBingo 7P\\n \\n\\n1/2 Price #FishnChips\\n(Dine-in Only)\\n\\n#HappyHour\\nALL DAY MONDAY\ ,"Lakewood, CO"
Mon May 13 09:55:03 +0000 2019,"1.7 magnitude #earthquake. 65 km from Nikiski, #AK, United States ","Alaska, USA"
Mon May 13 09:55:03 +0000 2019, Why do those idiots not understand most people are Independents? maybe 30% of the country are Dems. Cou\ ,"Georgia, USA"
Mon May 13 09:55:03 +0000 2019,"Hey  /  /  ,\\n\\nYour  right-side rail story on B1 today was teased at\ ","Elizabethtown, KY"
Mon May 13 09:55:03 +0000 2019," Does anyone really know?'""","Chicago, IL"
Mon May 13 09:55:03 +0000 2019,"#USGS08022040 - Sabine Rv nr Beckville, TX\\nHeight: 29.07ft \ (26ft)\\nFlow: 20700cfs\\n","Texas, USA"
Mon May 13 09:55:02 +0000 2019,#LetsTalk ,"Rome, GA"
Mon May 13 09:55:02 +0000 2019,"#USGS08019200 - Sabine Rv nr Hawkins, TX\\nHeight: 33.87ft \ (23ft)\\nFlow: 26000cfs\\n","Texas, USA"
Mon May 13 09:55:02 +0000 2019,That came out of no where \,"Weehawken, NJ"
Mon May 13 09:55:02 +0000 2019, She speaks Ruskie so she can give instructions from Vlad to #DotardDonnie! As to Einstein didn\'t h\ ,"Cardiff, NJ"
Mon May 13 09:55:02 +0000 2019,"USGS reports a M1.1 #earthquake 47km ENE of Talkeetna, Alaska on 5/13/19 @ 9:49:30 UTC  #quake'""","Alaska, USA"
Mon May 13 09:55:01 +0000 2019,"#USGS07343200 - Sulphur Rv nr Talco, TX\\nHeight: 24.03ft \ (20ft)\\nFlow: 10700cfs\\n","Texas, USA"
Mon May 13 09:55:01 +0000 2019,"Just one time losing them from coming here, they\'ll never  come back. Believe me  they\'ll  go Australia or Europe.\ ","Sparks, NV"
Mon May 13 09:55:01 +0000 2019,"USGS reports a M1.7 #earthquake 44km NNE of Redoubt Volcano, Alaska on 5/13/19 @ 9:49:32 UTC  #quake'""","Alaska, USA"
Mon May 13 09:54:59 +0000 2019,"  Trump should make her his VP'""","Greenville, SC"
Mon May 13 09:54:57 +0000 2019," Yup'""","Camp Springs, MD"
Mon May 13 09:54:56 +0000 2019,"There\ still time to signup to volunteer for MGCS Field Day 2019!! It\ this Thursday, May 16th. \\n\\nCome hang out w\ ","Myrtle Grove, NC"
Mon May 13 09:54:55 +0000 2019,"Take no prisoner Monday! #espresso #riseupcoffee @ Chester, Maryland ","Chester, MD"
Mon May 13 09:54:54 +0000 2019,"Up like a cracc addict'""","Palm Springs, CA"
Mon May 13 09:54:54 +0000 2019,Goid Merciful Monday morning y\'all and I\'m up & on point too!! Got up & n \ & now \ & \ &  !!! ,5th & Cheltenham
Mon May 13 09:54:54 +0000 2019,Funny cause it\ true ,"Dover, OH"
Mon May 13 09:54:52 +0000 2019," Don\'t worry about what could of been or should have been.""'","North Carolina, USA"
Mon May 13 09:54:52 +0000 2019," You\ criticizing her for the ubiquitous \ I have been guilty of this, Grandpa.'""","Manhattan, NY"
Mon May 13 09:54:52 +0000 2019,"The Kennedy Center, Washington DC #keneddy #center #kennedycenter #thekennedycenter #washingtondc #dc #washington\ ","Washington, DC"
Mon May 13 09:54:52 +0000 2019,"A witch-hunt plain and simple. Every adult Dem or Rep with a shred of decency can see it for what it is.  A HOAX!,\ ","Central Valley, NY"
Mon May 13 09:54:51 +0000 2019,"'""Therefore do not be anxious about tomorrow, for tomorrow will be anxious for itself. Sufficient for the day is its\ ","Connecticut, USA"
Mon May 13 09:54:50 +0000 2019,"I\ trippin so hard rn lmao'""","Houston, TX"
Mon May 13 09:54:50 +0000 2019,I just wanna sleep\,"Dania Beach, FL"
Mon May 13 09:54:49 +0000 2019,  Lmfaoo naw he had one he just don\ claim her \,"Doral, FL"
Mon May 13 09:54:49 +0000 2019,#got #GOTS8E5  #\ #denarys  #sucker #looser #wastoftime ,"Manhattan, NY"
Mon May 13 09:54:49 +0000 2019,"  No way it\'s team Dany all the way!""'","Sugar Land, TX"
Mon May 13 09:54:48 +0000 2019,The bachelorette is back on tonight \,"Brooklyn, NY"
Mon May 13 09:54:47 +0000 2019,switch up faster than a hiccup \,"Los Angeles, CA"
Mon May 13 09:54:47 +0000 2019,"week in a half and i\ be outta this cold, rainy shit hole. \","Utica, NY"
Mon May 13 09:54:47 +0000 2019,you better watxh the way that you approaxh me ..\,"Union City, GA"
Mon May 13 09:54:46 +0000 2019,"When a chick gets comfortable, she stops controlling her emotions'""","McKinney, TX"
Mon May 13 09:54:46 +0000 2019,"Cant believe I put my hand on the ground in downtown Austin, who am I'""","Austin, TX"
Mon May 13 09:54:45 +0000 2019,#Consensus2019 kicks off in #NewYorkCity today and we\ be there \ us here or on contact if you\ ,"New York, USA"
Mon May 13 09:54:45 +0000 2019,N\ \ \,"San Francisco, CA"
Mon May 13 09:54:44 +0000 2019, Aww how cute..hope both you & your mother had a wonderful day! #HappyMothersDay \,"Weston, FL"
Mon May 13 09:54:44 +0000 2019,"Blessed and Highly Grateful! @ Kennett Square, Pennsylvania ","Kennett Square, PA"
Mon May 13 09:54:44 +0000 2019,Amen to that  ,"Pennsylvania, USA"
Mon May 13 09:54:43 +0000 2019, Fasho!!!! \,"Pearland, TX"
Mon May 13 09:54:43 +0000 2019," Something had to have happened. I think she is holding something back.'""","Delaware, USA"
Mon May 13 09:54:42 +0000 2019," 72 hours'""","Los Angeles, CA"
Mon May 13 09:54:41 +0000 2019," Yeah, you can press a button to let your entire body ragdoll.  You can also pick up dead players and thr\ ","Abingdon, MD"
Mon May 13 09:54:40 +0000 2019,"Been in the game since 2004. @ Beverly Hills, California ","Beverly Hills, CA"
Mon May 13 09:54:38 +0000 2019,Find me on Instagram.... ,"Georgia, USA"
Mon May 13 09:54:37 +0000 2019,Looking forward to check out the gorgeous raffle prizes for tomorrow\  Friend Making event & more im\ ,"Boston, MA"
Mon May 13 09:54:37 +0000 2019,"I feel sick to my stomach after seeing that'""","Dallas, TX"
Mon May 13 09:54:37 +0000 2019," Dust vandalism! Oh noes!'""","Seymour, TN"
Mon May 13 09:54:37 +0000 2019,cada miembro de bangtan actualizo mientras dorm\ lloro los amo mucho ,"Princeton, FL"
Mon May 13 09:54:37 +0000 2019," I wish more people did.'""","Lincolnton, NC"
Mon May 13 09:54:37 +0000 2019,DFW\,Terminal E
Mon May 13 09:54:35 +0000 2019,"  We all agree with you, Mr. President!  Happy every day, Michelle Obama!'""","Los Angeles, CA"
Mon May 13 09:54:33 +0000 2019,"  I thought the walk out song was perfect'""","Chino Hills, CA"
Mon May 13 09:54:31 +0000 2019,"If you\ going to go FOR Jesus to bring others TO Jesus, you need to take time to be WITH Jesus.'""","Raymond, NH"
Mon May 13 09:54:31 +0000 2019,   Perhaps you can join one of our nationwide calls for ProUSWorkers in\ ,"Fairfax, VA"
Mon May 13 09:54:31 +0000 2019,"Who\ James Charles and why is he all over my timeline?'""","Wisconsin, USA"
Mon May 13 09:54:31 +0000 2019," Agreed'""","Islamorada, FL"
Mon May 13 09:54:31 +0000 2019,Indiana teachers!  We can no longer vote for anti-public education legislators. ,"Fishers, IN"
Mon May 13 09:54:30 +0000 2019,walking into work this morning ,"Shiloh, PA"
Mon May 13 09:54:28 +0000 2019,"It\ May13th and I have the heat on!  #WhereIsSpring'""","Staten Island, NY"
Mon May 13 09:54:28 +0000 2019,"Gracias Dios por tus bendiciones. \ en Los Feliz, Los Angeles ","Los Angeles, CA"
Mon May 13 09:54:28 +0000 2019, Thank you \,"Edmond, OK"
Mon May 13 09:54:26 +0000 2019," But Sunny. you can hear them. So you might not know exactly where, but you know.\\nGod Bless Sunny. \","Burlington, MA"
Mon May 13 09:54:26 +0000 2019, ??? \,United States
Mon May 13 09:54:25 +0000 2019,Guess I\ b spending my bday in Florida...happy n sad At the same time \,"Virginia Beach, VA"
Mon May 13 09:54:25 +0000 2019,i can!\\nI Will!!!\\nI AM GOING TO!!!!!\\nWatch me!!!!!!!\\n#Ican #Iwill #IamGoingTo #Basta ,"Swepsonville, NC"
Mon May 13 09:54:25 +0000 2019,"Finally going to be doing our first salt water dive today and I\ stoked!'""","St Petersburg, FL"
Mon May 13 09:54:22 +0000 2019,"Life <<<<'""","Atlanta, GA"
Mon May 13 09:54:22 +0000 2019,#noexcuses #stayhard ,"Borger, TX"
Mon May 13 09:54:21 +0000 2019,"He put so much wisdom in that song but folks gone sleep. #Gates'""","Memphis, TN"
Mon May 13 09:54:20 +0000 2019," I would love to try both of them'""","Norco, CA"
Mon May 13 09:54:20 +0000 2019,"6:30am shifts are the devils work'""","Pennsylvania, USA"
Mon May 13 09:54:19 +0000 2019,"everybody got a pair of eyes but don\'t view the same as me""'","Los Angeles, CA"
Mon May 13 09:54:19 +0000 2019,Incident on #LincolnTunnel EB at from New Jersey. ,"Clinton, Manhattan"
Mon May 13 09:54:18 +0000 2019,I love youu\ ,"Miami Beach, FL"
Mon May 13 09:54:18 +0000 2019,"Boss gave me the breakdown of the numbers \ We did almost $28,000.00 tonight!!! Fucking beast mode!!! Worked a nic\ ","Ocean Pointe, HI"
Mon May 13 09:54:18 +0000 2019,  Add something to your profile to show you are part of the resistance - #FBR #Resist etc -\ ,"Tolland, CT"
Mon May 13 09:54:16 +0000 2019,"Good Monday Morning! Remember sometimes it\ not the situation that needs to change, it\ your heart! Have a BLESSE\ ","Charlotte, NC"
Mon May 13 09:54:16 +0000 2019,"Good morning. The Lord be with you today.'""","Florida, USA"
Mon May 13 09:54:16 +0000 2019,"Just posted a photo @ Bronzeville, Chicago ","Chicago, IL"
Mon May 13 09:54:15 +0000 2019,EOI Episode 5: Jeb Altonaga talks with us and share insights for positive outcomes.   ,"Greenpoint, Brooklyn"
Mon May 13 09:54:15 +0000 2019,"current weather in Belleville: light intensity drizzle, 43\ humidity, wind 9mph, pressure 1012mb'""","Belleville, NJ"
Mon May 13 09:54:14 +0000 2019,"woke up super early just to make it on time today but i really dont have the motivation to get up'""","Cleveland, OH"
Mon May 13 09:54:14 +0000 2019,"  Irrelevant.'""","Bristol, RI"
Mon May 13 09:54:13 +0000 2019,"Who is James Charles, and why is social media constantly talking about him? #jamescharles #jamescharlescancelled ??????'""","North Las Vegas, NV"
Mon May 13 09:54:13 +0000 2019, \ \,"Cleveland, OH"
Mon May 13 09:54:12 +0000 2019,the moment i touch down i clock straight in \,"Dania Beach, FL"
Mon May 13 09:54:12 +0000 2019," It\ 5 in the morning lmao gtb'""","Lafayette, LA"
Mon May 13 09:54:12 +0000 2019," Months?.'""","Texas, USA"
Mon May 13 09:54:11 +0000 2019," This is the wrong angle'""","Pennsylvania, USA"
Mon May 13 09:54:11 +0000 2019,"I cannot wait to come home and nap with Kelsey'""","Burton, MI"
Mon May 13 09:54:11 +0000 2019,I agree...conservatism is already dead... ,"Michigan, USA"
Mon May 13 09:54:10 +0000 2019,I used  to discover State Of The Art by Incubus. ,"Johns Creek, GA"
Mon May 13 09:54:09 +0000 2019,"Woke up looking forward to train this afternoon. Hoping this new split works out in the long run.'""","New London, CT"
Mon May 13 09:54:08 +0000 2019,Love these!!\ ,"North Las Vegas, NV"
Mon May 13 09:54:08 +0000 2019,When i love i love fuckin hard. Only love i believe in is the love my kids bring me bc some how the guys i loved al\ ,"Marion, IN"
Mon May 13 09:54:07 +0000 2019,#obviously #booknerd\ #bookjunkie #mustreadallthebooks\ #booknerdigan #bookstagram #booksbooksbookschocolate\ ,"New Bedford, MA"
Mon May 13 09:54:06 +0000 2019,"  If this Jerk can\'t do anything, like he always Threatens to do, Why does Trump people l\ ","Gallatin, TN"
Mon May 13 09:54:06 +0000 2019,"Accident, two lanes blocked in #Bklyn:OnTheGowanusExpwy on I-278 EB approaching 38th St, stopped traffic back to 7th Ave, delay of 19 mins'""","Brooklyn, NY"
Mon May 13 09:54:06 +0000 2019, Skips an idiot.  He goes 100% opposite of reality.  He has a job because everyone hates him. Watch ho\ ,"Eau Claire, WI"
Mon May 13 09:54:05 +0000 2019," It\ Always Sunny is great! I feel like I have Charlie\ personality, but I\ not so illiterate like he is\","McKinney, TX"
Mon May 13 09:54:05 +0000 2019,"current weather in Newark: light intensity drizzle, 43\ humidity, wind 9mph, pressure 1012mb'""","Newark, NJ"
Mon May 13 09:54:04 +0000 2019, ATL is like pulling over at a stoplight with a \ mustang as OC is driving a \ Datsun with a bad trans\ ,"Florida, USA"
Mon May 13 09:54:04 +0000 2019," Shoulda, coulda, woulda ain\'t what is Jordan! The Rocket still would\'ve lost!it\'s what they do, Choke under\ ","Pearland, TX"
Mon May 13 09:54:03 +0000 2019," WOW'""","Corona, CA"
Mon May 13 09:54:03 +0000 2019," ??? ?????? ?????????.'""","Georgia, USA"
Mon May 13 09:54:03 +0000 2019,"  How\ you know my mom looks gargoyle-esque?'""","Barnegat, NJ"
Mon May 13 09:54:02 +0000 2019, Wow more great news along with that other story ...transvestite loses 1 million followers or some horseshit ..\ ,"Harriman, TN"
Mon May 13 09:54:02 +0000 2019,"PUBAST - PUBLIC ASSIST at 1200 BLOCK OF SW CLAY ST, PORTLAND, OR [Portland Fire #RP19000040016] 02:16 #pdx911'""","Portland, OR"
Mon May 13 09:54:02 +0000 2019,"DISTURBANCE - PRIORITY at 900 BLOCK OF SW 4TH AVE, PORTLAND, OR [Portland Police #PP19000156127] 02:47 #pdx911'""","Portland, OR"
Mon May 13 09:54:01 +0000 2019," Gavin, he\ a fellow Disney fan'""","Queens, NY"
Mon May 13 09:53:59 +0000 2019,Ex-Skadden Atty Craig Wants Illegal Lobbying Charges Tossed ,"Alexandria, VA"
Mon May 13 09:53:59 +0000 2019,"Play with me and it\ gone be a murder scene'""","Florida, USA"
Mon May 13 09:53:59 +0000 2019,< got everything wrong in 2016. Why would anyone listen to him?\\n#ZeoliArmy    ,"Philadelphia, PA"
Mon May 13 09:53:58 +0000 2019,Current Temperature: 45%\\nWith Wind Chill: 39%\\nFeels Like: Bliss\\n#beachsunrise #bradleybeachnj #bradleybeach\ ,"Bradley Beach, NJ"
Mon May 13 09:53:58 +0000 2019," You\ the people I walk away from after saying something funny'""","Miami Beach, FL"
Mon May 13 09:53:57 +0000 2019,"current weather in New York: mist, 43\ humidity, wind 9mph, pressure 1012mb'""","Manhattan, NY"
Mon May 13 09:53:57 +0000 2019, Congratulations \,"Chester, PA"
Mon May 13 09:53:57 +0000 2019,"I\'m at GM Flint Engine Operations in Flint, MI ","Flint, MI"
Mon May 13 09:53:56 +0000 2019,The CUInsight Experience #podcast: Bryan  - Not banking as usual (#19) -   -\ ,"West Hartford, CT"
Mon May 13 09:53:56 +0000 2019,"Arya in season 6: I\ going to kill Cersei.\\n\\nArya in season 7: I\ going to kill Cersei.\\n\\nArya in season 8, literal\ ","Maitland, FL"
Mon May 13 09:53:56 +0000 2019,Any size 15 shoes on clearance? ,"Town and Country, MO"
Mon May 13 09:53:54 +0000 2019,"Even when it\'s raining\\nthe birds still sing -\\na model for us all.\\n\\n- Pax et Bonum""'","Greece, NY"
Mon May 13 09:53:54 +0000 2019," 100 percent agree.'""","Los Angeles, CA"
Mon May 13 09:53:53 +0000 2019,My FEELINGS. Ugh ,"Dallas, TX"
Mon May 13 09:53:53 +0000 2019, Beast ,"Washington, DC"
Mon May 13 09:53:53 +0000 2019,"I\'m at Speedway (store #9700) in Frankfort, KY ","Frankfort, KY"
Mon May 13 09:53:53 +0000 2019," Bran really knew the whole time tho.. I\ sick'""","Laguna, CA"
Mon May 13 09:53:52 +0000 2019," 400$ for 2 days of Lung reLeasement spray made to puLL out shit from you capuLaries.'""","Texas, USA"
Mon May 13 09:53:52 +0000 2019,"rip to my job'""","Las Vegas, NV"
Mon May 13 09:53:52 +0000 2019,why am I awake \,"Clovis, CA"
Mon May 13 09:53:51 +0000 2019,I ain\'t xoxky but you better not fuxkin\' touxh me \,"Union City, GA"
Mon May 13 09:53:51 +0000 2019,"'JAM May13 IICorinthians 5:20 ""Our Relationship With God Represents Him To Others"" \\n\\nFollow the link to hear more me\ ","Shelby, MI"
Mon May 13 09:53:51 +0000 2019,Gates run that shit back!!! \,"Memphis, TN"
Mon May 13 09:53:51 +0000 2019,"  So as crazy as this sounds, we have literally pieced together clues he\ dropped and found\ ","Chicago, IL"
Mon May 13 09:53:50 +0000 2019,"Thinking \ at 2:53 am'""","Seattle, WA"
Mon May 13 09:53:50 +0000 2019,I\ heard that behind every strong sailor there is even a stronger women supporting him and my fianc\ makes that true\,"Joint Base Pearl Harbor-Hickam, HI"
Mon May 13 09:53:49 +0000 2019,"current weather in Jersey City: mist, 43\ humidity, wind 9mph, pressure 1012mb'""","Jersey City, NJ"
Mon May 13 09:53:49 +0000 2019,You can get your dental/Vision  insurance right now by visiting\\n y/o  ,"Charlotte, NC"
Mon May 13 09:53:48 +0000 2019, \ \ \ \ \ \ \ \ \ \ \ \ \ \ \ \ \ \ \ \ \ \ \ ,"Seattle, WA"
Mon May 13 09:53:47 +0000 2019,Everybody that threw dirt on my name realized they need my help it\ still fuck y\,"New Orleans, LA"
Mon May 13 09:53:47 +0000 2019,"And if it seem evil unto you to serve the Lord , choose you this day whom ye will serve; whether th\ ","Alabama, USA"
Mon May 13 09:53:47 +0000 2019,Again just showing ppl I told you ahead of time I won\ even be on my laptop ,"Virginia, USA"
Mon May 13 09:53:46 +0000 2019," It was breath taking but for $200,000 it better be.'""","Delaware, USA"
Mon May 13 09:53:45 +0000 2019," Yw'""","North Carolina, USA"
Mon May 13 09:53:45 +0000 2019,How life hands me lemons ,"San Antonio, TX"
Mon May 13 09:53:44 +0000 2019," Total devastation!!'""","Georgia, USA"
Mon May 13 09:53:44 +0000 2019," Democrat trying to kill president trump. Send a letter who put him up to this'""","Arizona, USA"
Mon May 13 09:53:42 +0000 2019," dumb'""","White Plains, NY"
Mon May 13 09:53:42 +0000 2019,"current weather in Paterson: mist, 42\ humidity, wind 8mph, pressure 1013mb'""","Paterson, NJ"
Mon May 13 09:53:42 +0000 2019,"it\ about that time I contact a dentist.'""","Houston, TX"
Mon May 13 09:53:41 +0000 2019,   I agree with you they don\'t depend on a base to keep them in office\ ,"Florida, USA"
Mon May 13 09:53:41 +0000 2019,"I want soup bruh'""","Honolulu, HI"
Mon May 13 09:53:41 +0000 2019, Well you took the time to put the shit out there so yeah you can explain yourself when somebody has a\ ,"Mobile, AL"
Mon May 13 09:53:40 +0000 2019,"Rise and shine,  It\ #SageSummitUS Partner Day and we have an incredible agenda in store for you! We\ ",Hyatt Regency Atlanta
Mon May 13 09:53:40 +0000 2019,"Rise & Grind'""","Atlanta, GA"
Mon May 13 09:53:40 +0000 2019,"My Mueller Report is in my Audible que, but state tests are this week  ... priorities. ","North Springfield, VA"
Mon May 13 09:53:39 +0000 2019,"'Waking up to Dad texting me on his way to work, ""You have a two hour delay, ask mom if you can stay home"" \ ","Indiana, USA"
Mon May 13 09:53:38 +0000 2019,"I feel like instead of meeting weird people, my presence makes them act weird.'""","Sterling Heights, MI"
Mon May 13 09:53:38 +0000 2019,"I was really in the streets you can do your research'""","Baton Rouge, LA"
Mon May 13 09:53:37 +0000 2019,I knew i shouldn\ have got up to go to the bathroom. I lost too much tiredness \,"South Carolina, USA"
Mon May 13 09:53:37 +0000 2019,"I\'m at Louis Armstrong New Orleans International Airport -  in Kenner, LA ","Kenner, LA"
Mon May 13 09:53:37 +0000 2019, Ah so location and availability. I wonder how they compare to reds? Something to research. I like a l\ ,"South Carolina, USA"
Mon May 13 09:53:36 +0000 2019,"A real man can cry and still be a man.  Stop it.  #iamup'""","Dallas, TX"
Mon May 13 09:53:35 +0000 2019,The ending to castaway breaks me every time \,"Eugene, OR"
Mon May 13 09:53:35 +0000 2019,Accident in #RT28 on PA-28 Outbound near Chestnut St #traffic ,"Pittsburgh, PA"
Mon May 13 09:53:34 +0000 2019,"Me, has not watched a SINGLE episode of this season of #GameofThones but is still RTing and checkin my feed likei k\ ","Baltimore, MD"
Mon May 13 09:53:34 +0000 2019,"current weather in Bayonne: light intensity drizzle, 43\ humidity, wind 9mph, pressure 1012mb'""","Bayonne, NJ"
Mon May 13 09:53:33 +0000 2019,Global Entry may be the best value out there. Got to #JFK at 4:59 this morning and was through security via TSA pre\ ,"Queens, NY"
Mon May 13 09:53:33 +0000 2019,Iconic ,"Brooklyn, NY"
Mon May 13 09:53:33 +0000 2019," I thought it was awesome'""","Houston, TX"
Mon May 13 09:53:32 +0000 2019,My heart \ please stop hurting these precious animals ,"Los Angeles, CA"
Mon May 13 10:11:42 +0000 2019," It\ got a replaceable cartridge just like a vape pen.'""","Richmond, VA"
Mon May 13 10:11:42 +0000 2019,"On 300 Lol'""",L1-21
Mon May 13 10:11:42 +0000 2019,Interesting discussion re: how unidentified Pts are handled by #hospital policy and state guidelines\ Hospital\ ,"Greensboro, NC"
Mon May 13 10:11:42 +0000 2019,  I laughed at this comment. Glad to know he wouldn\ have his teammates or coaches back\ ,"Florida, USA"
Mon May 13 10:11:42 +0000 2019,yeoooooo Chef Ramsay don\ give a FUCK\ ,"Lawrence, NY"
Mon May 13 10:11:41 +0000 2019,"Accident cleared in #Heights on I-10 Katy Fwy Outbound before Shepherd, stop and go traffic back to Heights, delay of 2 mins #traffic'""","Houston, TX"
Mon May 13 10:11:40 +0000 2019,"  Jaime Bonilla hizo ausencia en dos debates'""","San Diego, CA"
Mon May 13 10:11:40 +0000 2019,Kristaps Porzingis Left with Bloody Face After Fight in Latvia  via  ,"Jersey City, NJ"
Mon May 13 10:11:40 +0000 2019,"    Y no era para menos, es Roca Rey!'""","Brentwood, NY"
Mon May 13 10:11:40 +0000 2019,3 more weeks\,"San Jose, CA"
Mon May 13 10:11:39 +0000 2019,"this hangover smashin me'""","Lafayette, LA"
Mon May 13 10:11:39 +0000 2019,"Hey there, Little Red Riding Hood @ Toledo, Ohio ","Toledo, OH"
Mon May 13 10:11:38 +0000 2019,"I\'m at  in Miami, FL ","Miami, FL"
Mon May 13 10:11:37 +0000 2019,Thanks for coming! #KeepBallN ,"Corona, CA"
Mon May 13 10:11:37 +0000 2019, Im\'a block yer ass for a day or so ok \,"Ohio, USA"
Mon May 13 10:11:37 +0000 2019,"  Your fav!!'""","Cape Elizabeth, ME"
Mon May 13 10:11:35 +0000 2019, My kid thought the same way you did.  I liked it even though I\ been critical of this season\ bad writi\ ,"Little Canada, MN"
Mon May 13 10:11:35 +0000 2019,"    Big Boy watchin TV!'""","Pennsylvania, USA"
Mon May 13 10:11:34 +0000 2019,El men\ ideal para una fiesta para ver el cap\ final de #GOT: \\n\\nChivo con vino\\nPescado con jugo de lim\ ,"Fajardo, USA"
Mon May 13 10:11:33 +0000 2019,"Rise, be happy and shine!\\n#MondayMotivation #laughislife #coaching ","Pembroke Pines, FL"
Mon May 13 10:11:33 +0000 2019,"Bro I\ so excited to move into the new apartment in August.\\nLiteral dream come true if were accepted.'""","Grand Chute, WI"
Mon May 13 10:11:33 +0000 2019,"current weather in Franconia: light rain, 48\ humidity, wind 5mph, pressure 1009mb'""","Franconia, VA"
Mon May 13 10:11:32 +0000 2019,I feel scorching. \ ,"Big Bear City, CA"
Mon May 13 10:11:31 +0000 2019, Ahora resulta q si USA remueve Las Visas a los q protegen Narcos y evitan la extradici\ haci\ ir\ ,"Deerfield Beach, FL"
Mon May 13 10:11:31 +0000 2019," stop talking about  base & focus on Dems base... if they show up,  should never wi\ ","Pittsburgh, PA"
Mon May 13 10:11:31 +0000 2019,This is horrid!  Had to be difficult for others waiting on their abortions to hear a baby cry. ,"Montgomery, AL"
Mon May 13 10:11:30 +0000 2019,#itsnecessary #accountabilitypost #goals #treadmill #5am #letsgo @ My Home Gym ,"Montrose, VA"
Mon May 13 10:11:29 +0000 2019,"  a man of culture'""","New York, NY"
Mon May 13 10:11:29 +0000 2019,"  Ya that right there is sick, have maybe the deepest pockets in the world and you have se\ ","Michigan, USA"
Mon May 13 10:11:29 +0000 2019,"    As stated by the guilty person always'""","Upper Darby, PA"
Mon May 13 10:11:29 +0000 2019,"And these rats can not see TSA'""","California, USA"
Mon May 13 10:11:28 +0000 2019," Can\'t. Even.""'","Little Rock, AR"
Mon May 13 10:11:28 +0000 2019, I think Dany/Emelia switched some time ago...like when she showed no mercy to Sam\ brother. Plus la\ ,"West Orange, NJ"
Mon May 13 10:11:28 +0000 2019,Bruh this better than that AI Picture ,"Palm Coast, FL"
Mon May 13 10:11:27 +0000 2019,three months ago I decided to do something crazy and book a trip across the country to Rolling Loud to celebrate my\ ,"Hialeah, FL"
Mon May 13 10:11:27 +0000 2019,"At Flux, we are all about clear communication and creative collaboration with our clients, who trust us to connect\ ","Hillsboro, OR"
Mon May 13 10:11:24 +0000 2019,"#fLowin'""","Tennessee, USA"
Mon May 13 10:11:24 +0000 2019,Incident on #GeorgeWashingtonBridge EB at New Jersey Side/Lower Level Toll Plaza ,"Fort Lee, NJ"
Mon May 13 10:11:24 +0000 2019," Truth...'""","Michigan, USA"
Mon May 13 10:11:23 +0000 2019,Is it 50%?  75%?  Would it matter?  Looking forward to a great discussion tomorrow night!   ,"University, FL"
Mon May 13 10:11:23 +0000 2019,"I\ not mad about last night\ #GameofThrones. I\ just disappointed. Daenerys was done dirty and sloppy.'""","Virginia, USA"
Mon May 13 10:11:21 +0000 2019,But coach I run distance why should I lift... \ ,"Cuyahoga Falls, OH"
Mon May 13 10:11:21 +0000 2019," At the same time telling lies to the Supreme Court can\ be accepted.'""","Clifton, NJ"
Mon May 13 10:11:21 +0000 2019," Advising one to ignore a subpoena is obstruction!'""","California, USA"
Mon May 13 10:11:21 +0000 2019,Y\ MFS fast as shit ,"San Antonio, TX"
Mon May 13 10:11:21 +0000 2019, as of yesterday the Braves are 3 games back on the Phillies. If the opening series against them had g\ ,"North Carolina, USA"
Mon May 13 10:11:21 +0000 2019,Lmfao I only post around 2 am and up wtf \,"Jurupa Valley, CA"
Mon May 13 10:11:21 +0000 2019,Can\ wait to be living in LA/Calabasas Laying in my Cali King bed with my Husband and wife drinking wine.. with ou\ ,"Pearl City, HI"
Mon May 13 10:11:20 +0000 2019,   Infra projects do give returns and so does transport. But India\'s red t\ ,"New York, USA"
Mon May 13 10:11:19 +0000 2019,"whew i can\ sleep.'""","Danville, VA"
Mon May 13 10:11:19 +0000 2019, U still have you\ throne. Plus there\ this guy.. ,"Sunrise Manor, NV"
Mon May 13 10:11:18 +0000 2019,"TRIBUTE TO MALEAH: A memorial sits outside the apartment where #MaleahDavis lived with her mother and stepfather, D\ ",Kirkwood Landing Apartments
Mon May 13 10:11:17 +0000 2019,"'Join the Barnes-Jewish Hospital team! See our latest #Nursing job openings, including ""RN - NURSE Coordinator, Hear\ ","Brentwood, MO"
Mon May 13 10:11:17 +0000 2019, We have to stop the narrative that because they would\ gone to OT had he missed means it wasn\ clu\ ,"Mesa, AZ"
Mon May 13 10:11:17 +0000 2019,  \ ,"Manhattan, NY"
Mon May 13 10:11:17 +0000 2019,"Our overnment is being run by absolute madmen, lying on a daily basis to continue to invade, overthrow and do Israe\ ","Etna, OH"
Mon May 13 10:11:17 +0000 2019,"I\ never felt so discouraged over classes I\ taken, but this one here. If I don\ pass this one and earn a pass\ ","Orange, CA"
Mon May 13 10:11:16 +0000 2019,"#Emprego em Salt Lake City, UT Utah Operations Specialist - 47618 na The Nature Conservancy  #sustentabilidade'""","Salt Lake City, UT"
Mon May 13 10:11:14 +0000 2019," If people didn\ like last night\ episode, then how did they make it through the first seasons that f\ ","Portland, OR"
Mon May 13 10:11:13 +0000 2019," Meanwhile Ted Nugent is a free man. #Brokeahontas is a dictator.'""","Denver, CO"
Mon May 13 10:11:13 +0000 2019,   must be blind while citizens tip off  w/ links-border\\nNEWS.\\nPlay w/celebraties if yo\ ,"Lancaster, TX"
Mon May 13 10:11:13 +0000 2019,"Mais caro que as camiseta do faustao'""","Daly City, CA"
Mon May 13 10:11:12 +0000 2019,"Signed up 2 classes for summer \ why tf do I do this to myself'""","San Bernardino, CA"
Mon May 13 10:11:11 +0000 2019,"current weather in Reston: light rain, 47\ humidity, wind 5mph, pressure 1009mb'""","Reston, VA"
Mon May 13 10:11:11 +0000 2019," And you\ such a great mom! Hope u enjoyed Mother\ Day!'""","Philadelphia, PA"
Mon May 13 10:11:10 +0000 2019,List six bands/artists that you\'ve seen in concert and one lie. People leave a reply with who they think is the lie\ ,"Gaffney, SC"
Mon May 13 10:11:09 +0000 2019, Couldn\ happen to a nicer guy. ,"La Grange, KY"
Mon May 13 10:11:08 +0000 2019,Be careful who you allow to influence your self image. At best most people barely have half the story. Keep your re\ ,"Land O' Lakes, FL"
Mon May 13 10:11:08 +0000 2019,Raise your hand if you feel personally victimized by the decimation of Jamie\ character arc. #gameofthrones ,"Lysander, NY"
Mon May 13 10:11:08 +0000 2019, Welcome to ,"Florida, USA"
Mon May 13 10:11:08 +0000 2019,  It is never good bye it is I\'ll see you later ,"Geneva, NY"
Mon May 13 10:11:05 +0000 2019," I cant stand him either, but you can\'t fake shoot him in front of your class.""'","Michigan, USA"
Mon May 13 10:11:05 +0000 2019,I wish I owned a mercedes dealership in LA. I\ make sooooo much money selling g-wagens to celebrities and then re-\ ,"Colorado, USA"
Mon May 13 10:11:03 +0000 2019,    Business support \ ,"South Carolina, USA"
Mon May 13 10:11:02 +0000 2019,"Going to need an IV of coffee this morning.'""","Dublin, OH"
Mon May 13 10:11:00 +0000 2019,Cutting my hair next month \,"Macon, GA"
Mon May 13 10:11:00 +0000 2019,Those 16hrs was gravy \,"Augusta, GA"
Mon May 13 10:11:00 +0000 2019, they think like liberals ?? Really ?? Umm I\ pretty sure the GOP has had HUGE deficits !! Clinton left a s\ ,"Virginia, USA"
Mon May 13 10:11:00 +0000 2019, I agree \,"Colorado, USA"
Mon May 13 10:11:00 +0000 2019,You really do find yourself when you lose yourself in the service of others. Try it. It\ a game changer.\ ,"North Manchester, IN"
Mon May 13 10:10:59 +0000 2019," This is exactly what I\ been saying all long! If Jon wouldn\ have denied her the D, she wouldn\ have\ ","Florida, USA"
Mon May 13 10:10:58 +0000 2019,"    Ok Daenerys.'""","Orlando, FL"
Mon May 13 10:10:58 +0000 2019,"It\ crazy the sun rising and I\ still out'""","Florida, USA"
Mon May 13 10:10:58 +0000 2019,LYRIC AND BLUES MAN \\nLENNY\\nLEONARD IVING LEHMAN \\n... PEOPLE ARE STARTING \\nTO NOTICE MY MUSIC\\nAND LIKING IT.\\n[  BLUE\ ,"Minnesota, USA"
Mon May 13 10:10:57 +0000 2019,Monday May 13 - The Hive:     Wall Street\ Dangerous New Addiction;     The Beginning of the End of the N.R.A.\ ,"Lorain, OH"
Mon May 13 10:10:56 +0000 2019," Nah you should be proud'""","Artondale, WA"
Mon May 13 10:10:56 +0000 2019,I can\ wait to see the new Pok\ movie this Wednesday! I\ so excited! \,"Michigan, USA"
Mon May 13 10:10:56 +0000 2019," Coffee'""","Ocala, FL"
Mon May 13 10:10:55 +0000 2019,I hate Mondays! 6am comes way too early! I\'ll be fine once I get to gymnastics & get going! It would help too if I\ ,"Annapolis, MD"
Mon May 13 10:10:55 +0000 2019,"I\'m at  Medical Center ICU in Fort Lauderdale, FL ","Fort Lauderdale, FL"
Mon May 13 10:10:55 +0000 2019,#mepoclassroom ,"Iowa, USA"
Mon May 13 10:10:54 +0000 2019,"  had me yelling it out during the cudi set'""","Miami, FL"
Mon May 13 10:10:54 +0000 2019,"Everything you hear you think about it.. Don\'t make sense? Nothing wrong with doubting! Ease off, get it from aroun\ ","Memphis, TN"
Mon May 13 10:10:54 +0000 2019,"6:02am: sunrise\\nsunset will be at 8:10pm'""","Tuckahoe, VA"
Mon May 13 10:10:52 +0000 2019," I just watched it again the weekend before last. The visuals hold up.'""","Florida, USA"
Mon May 13 10:10:52 +0000 2019,"I was once told that the sky is the limit.\\nBut of course my ass process that completely different than the person intended.'""","Florida, USA"
Mon May 13 10:10:52 +0000 2019,"I\ so done with giving people the benefit of the doubt, I got trust for no one'""","Revere, MA"
Mon May 13 10:10:52 +0000 2019,#5am #thejourney \\nSo on Friday I put up a nutrition post to kind of answer the question of what do I eat.\\nTo take t\ ,"Dallas, TX"
Mon May 13 10:10:51 +0000 2019,"' ""Dear, there\\\'s something so diabolical about this coffee."" \","Austin, TX"
Mon May 13 10:10:50 +0000 2019,The only limit to our realization of tomorrow will be our doubts of today. #RECOGNIZEYOURWORTH #RYW #DIEEPIC\ ,"Greenwood, IN"
Mon May 13 10:10:49 +0000 2019,"The #Bucks will play the #Raptors in the #NBA Eastern Conference Finals with game one scheduled for Wednesday, May\ ","Manhattan, NY"
Mon May 13 10:10:49 +0000 2019,"   The daughter is correct. Enjoy the peace & tranquility for awhile, Dad.'""","Abingdon, MD"
Mon May 13 10:10:49 +0000 2019,We are following up on this bizarre story from the weekend. Authorities arrested American Airlines Pilot Christian\ ,"Nashville, TN"
Mon May 13 10:10:48 +0000 2019,Happy mad queen Monday y\,"Canton, MA"
Mon May 13 10:10:48 +0000 2019," Ugh....'""","Woodbourne-Hyde Park, OH"
Mon May 13 10:10:47 +0000 2019,  Maybe we should demand he restrict his medical care to only what the free clinics in Flor\ ,"Missouri, USA"
Mon May 13 10:10:47 +0000 2019,"Want to work in Modesto, CA? View our latest opening:  #management #Retail'""","Modesto, CA"
Mon May 13 10:10:45 +0000 2019,"Good morning..  You up yet?'""",Entercom Upstate
Mon May 13 10:10:45 +0000 2019,"Today in History\\nMay 13th\\n1981 - Pope John Paul II was shot and wounded as he drove through a crowd of 20,000 in St\ ","Manhattan, NY"
Mon May 13 10:10:45 +0000 2019,"' I like ""Five Seconds."" It\\\'s compelling, interest grabbing!\''","Virginia, USA"
Mon May 13 10:10:45 +0000 2019,Want a plant based burger? Try  in #LosAngeles it\ so good! @ Monty\'s Good Burger ,"Los Angeles, CA"
Mon May 13 10:10:44 +0000 2019," ?'""","Brentwood, NY"
Mon May 13 10:10:43 +0000 2019,       yerrrr good mornaaan Fam!\ ,"Brooklyn, NY"
Mon May 13 10:10:43 +0000 2019," Dont think that way...God would never agree with the Donald\'s actions..Bachman is a nutcase""'","Michigan, USA"
Mon May 13 10:10:41 +0000 2019,"Why am i awake....'""","Selden, NY"
Mon May 13 10:10:41 +0000 2019," Catcher, and he\ hungry for a doubleheader.'""","New York, USA"
Mon May 13 10:10:39 +0000 2019,Yes! ,"Kansas, USA"
Mon May 13 10:10:38 +0000 2019,"Well after I get this stage down at least I\ feel like everything else is easy af'""","San Francisco, CA"
Mon May 13 10:10:37 +0000 2019,Gn \ ,"South Carolina, USA"
Mon May 13 10:10:37 +0000 2019," With the exception of him either admitting wrongdoing or resigning, unfortunately not;it\'s as if h\ ","Brooklyn, NY"
Mon May 13 10:10:36 +0000 2019," Taxing us again.'""","Shelbyville, KY"
Mon May 13 10:10:36 +0000 2019,This #gruvia picture deserves it\'s own post! \ ,"Anchorage, AK"
Mon May 13 10:10:36 +0000 2019,"Praise and Proceed. With Jesus Christ beside you, behind you, and ahead of you, you should have no reason to ever s\ ","Reynoldsburg, OH"
Mon May 13 10:10:36 +0000 2019,"Please Pray for Our family\ We cry out to You Most Gracious Father, from where our Hope & Help comes from. Please D\ ","Mechanicsburg, PA"
Mon May 13 10:10:36 +0000 2019,"And it\ not an exam final, we\ just going to have a little discussion in class so I really need to read before h\ ","Los Angeles, CA"
Mon May 13 10:10:35 +0000 2019,I\ a little late this is two for one on the #eyecandygetintheframe Challenge...\ and \ Babies\ ,"South Russell, OH"
Mon May 13 10:10:35 +0000 2019,"I\ just bite my tongue, and leave your mouth to run.'""","Olmsted Falls, OH"
Mon May 13 10:10:35 +0000 2019," I would. Palace would never.'""","North Valley Stream, NY"
Mon May 13 10:10:33 +0000 2019,"I love how my friends are sleep in my bed and on my couch, and I\ trapped on my bean bag Lolol.'""","Memphis, TN"
Mon May 13 10:10:33 +0000 2019," Check out julifloresmusic @ IG'""","New Britain, CT"
Mon May 13 10:10:33 +0000 2019,"    You obstructed the investigation.'""","Arlington, VA"
Mon May 13 10:10:32 +0000 2019,"  Yes! The exact stobhi to my great grandma\ house!'""","Washington, DC"
Mon May 13 10:10:32 +0000 2019,Computer driven \ Targeting Funds\ are the first ones to \ when the tone changes - They do an about\ ,"West Palm Beach, FL"
Mon May 13 10:10:31 +0000 2019," fuuuck that had to be unreal'""","Manhattan, NY"
Mon May 13 10:10:31 +0000 2019,It\'s never a bad time to take a profit. Let me help you sell your gym. Call or text 214-629-7223 #gymbroker\ ,Fitness Management & Consulting
Mon May 13 10:10:30 +0000 2019,"New lungs me please'""","Westmont, CA"
Mon May 13 10:10:29 +0000 2019," Very cool they\'re going to do a star wars project. Not ominous!""'","Honolulu, HI"
Mon May 13 10:10:29 +0000 2019,"I cope with my anxiety, but fight it everyday. #AnxietyIsReal #AndItSucks'""","Bronx, NY"
Mon May 13 10:10:29 +0000 2019,"Only brain dead morons support Trump. Uh duh what ever he says is right duh the news lies uh duh duh uh duh.'""","Creve Coeur, MO"
Mon May 13 10:10:29 +0000 2019,Neutral plotter myself! ,"Lake Mary, FL"
Mon May 13 10:10:28 +0000 2019," I finally saw the movie and I\'m really happy with it!! I\'d be lying if I said that part wasn\'t one of my favorite parts...""'","Waikele, HI"
Mon May 13 10:10:28 +0000 2019,"  Wake up democracy is hanging by a thin thread.'""","Merritt Island, FL"
Mon May 13 10:10:28 +0000 2019, Thank you \ amen \,"Schriever, LA"
Mon May 13 10:10:27 +0000 2019," Reported last night'""","Mount Ephraim, NJ"
Mon May 13 10:10:27 +0000 2019,I noticed a little hanger coming on so I literally mixed and ate a bowl of  Whey Sludge at  ,"Chicago, IL"
Mon May 13 10:10:26 +0000 2019,"anxiety.......... Perish'""","Los Angeles, CA"
Mon May 13 10:10:26 +0000 2019,"Got to move on can\ keep praying for something that\ not gonna happened'""","Georgia, USA"
Mon May 13 10:10:26 +0000 2019,#Ferrari \ Free valet parking while you shop \  \ 410-921-8792 to schedule your next appointment\ ,Towson Town Center
Mon May 13 10:10:26 +0000 2019," Ballistic protection from sub-launched IBM \' isnt, just can\'t,  react quickly enough. Deterrence was\ ","Cary, NC"
Mon May 13 10:10:26 +0000 2019, Send alll of em at delta this   \,"Lafayette, LA"
Mon May 13 10:10:25 +0000 2019," False.'""","Las Vegas, NV"
Mon May 13 10:10:25 +0000 2019," Wow .'""","Queens, NY"
Mon May 13 10:10:25 +0000 2019, \ \ \ \ \ \ \ \ \ \ \ \ \ \ \ \ \ ,"Maryland Heights, MO"
Mon May 13 10:10:23 +0000 2019," A la t\ bien sur ;)'""","Manhattan, NY"
Mon May 13 10:10:23 +0000 2019,"  Clever'""","San Antonio, TX"
Mon May 13 10:10:23 +0000 2019,"I\ really just sick and tired of getting let down'""","Revere, MA"
Mon May 13 10:10:23 +0000 2019,Incident on #SprainBrookStateParkway SB at Exit   - Grasslands Road; NY 100C ,"Greenburgh, NY"
Mon May 13 10:10:22 +0000 2019, time to stop playing defense and go on offense by pushing Congress to act on Healthcare Immigratio\ ,"Lake Butler, FL"
Mon May 13 10:10:22 +0000 2019,Laying on your back while some bro you met at Ball Park Village with a Monster Energy tattoo knocks you up doesn\ ,"O'Fallon, MO"
Mon May 13 10:10:22 +0000 2019,IT SEEMS YOUR MASTER LUSIFER. IS PISSED. AS SPOKEN BETTER TO BE PISSED OFF THAN PISSED ON.\\n\\nMR AMERICA TRUTH\\nJUDGE\ ,"Grand Island, NE"
Mon May 13 10:10:21 +0000 2019," Yep'""","Philadelphia, PA"
Mon May 13 10:10:20 +0000 2019,"what\'s good? i didn\'t sleep at all""'","Wisconsin, USA"
Mon May 13 10:10:20 +0000 2019,"if you play your phone speaker aloud in public you go to the deepest levels of hell guaranteed'""","Cleveland, OH"
Mon May 13 10:10:20 +0000 2019,"current weather in Aspen Hill: moderate rain, 47\ humidity, wind 5mph, pressure 1009mb'""","Aspen Hill, MD"
Mon May 13 10:10:20 +0000 2019," The one on the right!'""","Jonesboro, AR"
Mon May 13 10:10:20 +0000 2019, spectacular and scary...\,"Burlington, MA"
Mon May 13 10:10:18 +0000 2019,I\ been this mysterious whoever the shit for so long I\ going crazy on social media trying to show y\ everyth\ ,"Monterey, CA"
Mon May 13 10:10:17 +0000 2019,"Todays artist #djmustard and company #goodvibes #bmorelikevicdailyplaylist @ Jacksonville, Florida ","Downtown Jacksonville, FL"
Mon May 13 10:10:17 +0000 2019,You know you fricked up when you can hear the birds outside and you haven\ slept yet \,"Iowa, USA"
Mon May 13 10:10:17 +0000 2019,AMERICAN. UNTIL I HAND TO THE A MERI CAN PEOPLES ATTERNYS. MY LEGAL MARRIAGE TRUTH JUSTICE JURSDICTION AUTHORITY CO\ ,"Grand Island, NE"
Mon May 13 10:10:17 +0000 2019," for you lmao'""","Lafayette, LA"
Mon May 13 10:10:16 +0000 2019," Ummm- I think China simply wants to deal with an adult.'""","Arlington, VA"
Mon May 13 10:10:16 +0000 2019,Angel\'s Sweet16 party. @ Sheraton Wilmington South ,"Delaware, USA"
Mon May 13 10:10:15 +0000 2019, Not a Nuggets heartbreak bc we got our butts kicked. Poor free throws and Murray was horrible Game #7\ ,"Louisville, CO"
Mon May 13 10:10:15 +0000 2019," LB Johnson'""","Houston, TX"
Mon May 13 10:10:13 +0000 2019," hey thx thx thx thx regard the tweet I madr5'""","Staten Island, NY"
Mon May 13 10:10:13 +0000 2019,  Happy #MochaChokaLataYaYaMonday!! \,"Philadelphia, PA"
Mon May 13 10:10:12 +0000 2019, #Her\,"Las Vegas, NV"
Mon May 13 10:10:12 +0000 2019,Chris Cornell\ daughter sings \ for father and Chester Benni...  via ,"Holbrook, AZ"
Mon May 13 10:10:11 +0000 2019," Brilliant episode in terms of cinematography. However, still disappointed in terms of screen writing'""","Austin, TX"
Mon May 13 10:10:11 +0000 2019,Andre it\'s illegal we don\'t want any unhealthy population to study or be able to fund some Medical Research Institu\ ,"Oregon, USA"
Mon May 13 10:10:10 +0000 2019,"Congrats on 9 mil!!!  \ you deserve it'""","Sanford, NC"
Mon May 13 10:10:10 +0000 2019,To think you\'ve heard the sound of somebody else\'s blood pressure beneath their skin and then to say it sounds like\ ,"Oregon, USA"
Mon May 13 10:10:10 +0000 2019," Stop harassing America.'""","Arlington, VA"
Mon May 13 10:10:09 +0000 2019,"Can you recommend anyone for this job? CROSSMARK Walmart Retail Merchandiser Part Time -  #Danville, IL #Merchandiser'""","Danville, IL"
Mon May 13 10:10:07 +0000 2019,4054 North Melvina Avenue ,"Chicago, IL"
Mon May 13 10:10:07 +0000 2019,"This shit woke me up on some other shit'""","Westmont, CA"
Mon May 13 10:10:07 +0000 2019," and the evil people hide behind the mask of good intentions. Psychopaths are very charming so they have legions defending them'""","Georgia, USA"
Mon May 13 10:10:07 +0000 2019,Sports twitter? ,"Scottdale, MI"
Mon May 13 10:10:06 +0000 2019," Word...Everybody in Their Ferlings #NiggazAintReady4Revolution'""","Brooklyn, NY"
Mon May 13 10:10:06 +0000 2019, Good morning \,"North Little Rock, AR"
Mon May 13 10:10:06 +0000 2019, \ \ \ \,United States
Mon May 13 10:10:05 +0000 2019,  Some people just don\'t believe in black and white the Democratic Socialist Party is cor\ ,"Minnesota, USA"
Mon May 13 10:10:04 +0000 2019,SO HALL COUNTY NEBRASKA LIE ABSOLUTE INJUSTICE JURISDICTION AUTHORITY STATE CHURCH CHATHLIC CHRISTIAN CULT LEADERSH\ ,"Grand Island, NE"
Mon May 13 10:10:04 +0000 2019,"Every day, y\'all continue to die in sad, romantic and violent ways. Be safe out there #silence #violence #blessed #depressed""'","Long Beach, CA"
Mon May 13 10:10:03 +0000 2019,"Swelp'""","Bowie, MD"
Mon May 13 10:10:03 +0000 2019,"But most importantly, if she\'s not a face sitter she\'s undateable and that\'s not up for debate by any means.""'","Florida, USA"
Mon May 13 10:10:02 +0000 2019,Enamorado de esta princesita \ que se ha robado mi coraz\ \ #FiorellaValentinaPucheFaneite \ y acalo\ ,"South Miami Heights, FL"
Mon May 13 10:10:02 +0000 2019, You have always mentored so many young people. Thank you for being the mom figure so many of them need. \,"DeBary, FL"
Mon May 13 10:10:02 +0000 2019,"#USGS08020900 - Sabine Rv bl Longview, TX\\nHeight: 33.97ft \ (25ft)\\nFlow: 22900cfs\\n","Lakeport, TX"
Mon May 13 10:10:01 +0000 2019,"ha bitch i\ the fucken devil'""","Turlock, CA"
Mon May 13 10:12:13 +0000 2019," God is sending his promise again.'""","Georgia, USA"
Mon May 13 10:12:13 +0000 2019,"#GoT really missed an opportunity in not letting Arya use Little Finger\ face to f shit up.'""","Akron, OH"
Mon May 13 10:12:12 +0000 2019,Have a great day ya cock sucka ,"Georgia, USA"
Mon May 13 10:12:11 +0000 2019,Blessed to see another year 1\ 5/13/02 ,"Auburn, AL"
Mon May 13 10:12:10 +0000 2019,"To tell you the truth, it\ now showing off or anything. It was when I saw you, and all I had in my mind was, this\ ","Manhattan, NY"
Mon May 13 10:12:09 +0000 2019,"fruit in the mornings >'""","Greensboro, NC"
Mon May 13 10:12:08 +0000 2019,"Dany turned that bitch in to Pompeii, Cersei died knowing she wasn\'t untouchable and now Arya is gonna do the same\ ","Long Beach, CA"
Mon May 13 10:12:07 +0000 2019," Where\ the airplane?'""","Pennsylvania, USA"
Mon May 13 10:12:07 +0000 2019,"They finally gave me some help at work.'""","Moreno Valley, CA"
Mon May 13 10:12:07 +0000 2019,"current weather in Altoona: moderate rain, 43\ humidity, wind 7mph, pressure 1007mb'""","Pennsylvania, USA"
Mon May 13 10:12:06 +0000 2019,"In all seriousness I feel for James Charles'""","Florida, USA"
Mon May 13 10:12:05 +0000 2019,  Caught him straight up \,"Desert Hot Springs, CA"
Mon May 13 10:12:04 +0000 2019,"'""Be humble. Be hungry. And always be the hardest worker in the room"" - Dwayne Johnson\''","Manhattan, NY"
Mon May 13 10:12:04 +0000 2019,"We all have bad days. Remember that.'""","Pennsylvania, USA"
Mon May 13 10:12:04 +0000 2019, Why didn\ you testify to mueller instead of using the I can\ recall or remember line all the tim\ ,"Virginia, USA"
